1 1
2 8
3 14
4 32
5 32
6 112
7 58
8 32
9 110
10 256
11 134
12 448
13 184
14 464
15 448
16 32
17 308
18 880
19 382
20 1024
21 812
22 1072
23 554
24 448
25 752
26 1472
27 974
28 1856
29 872
30 3584
31 994
32 32
33 1876
34 2464
35 1856
36 3520
37 1408
38 3056
39 2576
40 1024
41 1724
42 6496
43 1894
44 4288
45 3520
46 4432
47 2258
48 448
49 2746
50 6016
51 4312
52 5888
53 2864
54 7792
55 4288
56 1856
57 5348
58 6976
59 3542
60 14336
61 3784
62 7952
63 6380
64 32
65 5888
66 15008
67 4558
68 9856
69 7756
70 14848
71 5114
72 3520
73 5404
74 11264
75 10528
76 12224
77 7772
78 20608
79 6322
80 1024
81 8750
82 13792
83 6974
84 25984
85 9856
86 15152
87 12208
88 4288
89 8012
90 28160
91 10672
92 17728
93 13916
94 18064
95 12224
96 448
97 9508
98 21968
99 14740
100 24064
101 10304
102 34496
103 10714
104 5888
105 25984
106 22912
107 11558
108 31168
109 11992
110 34304
111 19712
112 1856
113 12884
114 42784
115 17728
116 27904
117 20240
118 28336
119 17864
120 14336
121 15974
122 30272
123 24136
124 31808
125 18752
126 51040
127 16258
128 32
129 26516
130 47104
131 17294
132 60032
133 22156
134 36464
135 31168
136 9856
137 18908
138 62048
139 19462
140 59392
141 31612
142 40912
143 24656
144 3520
145 27904
146 43232
147 38444
148 45056
149 22352
150 84224
151 22954
152 12224
153 33880
154 62176
155 31808
156 82432
157 24808
158 50576
159 40096
160 1024
161 32132
162 70000
163 26734
164 55168
165 60032
166 55792
167 28058
168 25984
169 30760
170 78848
171 42020
172 60608
173 30104
174 97664
175 43616
176 4288
177 49588
178 64096
179 32222
180 112640
181 32944
182 85376
183 52976
184 17728
185 45056
186 111328
187 41272
188 72256
189 56492
190 97792
191 36674
192 448
193 37444
194 76064
195 82432
196 87872
197 39008
198 117920
199 39802
200 24064
201 63812
202 82432
203 50576
204 137984
205 55168
206 85712
207 60940
208 5888
209 51188
210 207872
211 44734
212 91648
213 71596
214 92464
215 60608
216 31168
217 57652
218 95936
219 75656
220 137216
221 56672
222 157696
223 49954
224 1856
225 82720
226 103072
227 51758
228 171136
229 52672
230 141824
231 108808
232 27904
233 54524
234 161920
235 72256
236 113344
237 88508
238 142912
239 57362
240 14336
241 58324
242 127792
243 78734
244 121088
245 87872
246 193088
247 70288
248 31808
249 97636
250 150016
251 63254
252 204160
253 74236
254 130064
255 137984
256 32
257 66308
258 212128
259 81664
260 188416
261 95920
262 138352
263 69434
264 60032
265 91648
266 177248
267 112168
268 145856
269 72632
270 249344
271 73714
272 9856
273 149408
274 151264
275 100768
276 248192
277 77008
278 155696
279 109340
280 59392
281 79244
282 252896
283 80374
284 163648
285 171136
286 197248
287 99992
288 3520
289 88436
290 223232
291 133112
292 172928
293 86144
294 307552
295 113344
296 45056
297 130516
298 178816
299 101936
300 336896
301 109852
302 183632
303 144256
304 12224
305 121088
306 271040
307 94558
308 248704
309 149996
310 254464
311 97034
312 82432
313 98284
314 198464
315 204160
316 202304
317 100808
318 320768
319 116848
320 1024
321 161812
322 257056
323 117656
324 280000
325 138368
326 213872
327 167888
328 55168
329 130964
330 480256
331 109894
332 223168
333 154880
334 224464
335 145856
336 25984
337 113908
338 246080
339 180376
340 315392
341 133196
342 336160
343 134458
344 60608
345 248192
346 240832
347 120758
348 390656
349 122152
350 348928
351 179216
352 4288
353 124964
354 396704
355 163648
356 256384
357 250096
358 257776
359 129242
360 112640
361 137182
362 263552
363 223636
364 341504
365 172928
366 423808
367 135058
368 17728
369 189640
370 360448
371 166112
372 445312
373 139504
374 330176
375 262528
376 72256
377 160448
378 451936
379 144022
380 391168
381 227612
382 293392
383 147074
384 448
385 248704
386 299552
387 208340
388 304256
389 151712
390 659456
391 170632
392 87872
393 242116
394 312064
395 202304
396 471680
397 158008
398 318416
399 310184
400 24064
401 161204
402 510496
403 182896
404 329728
405 280000
406 404608
407 188672
408 137984
409 167692
410 441344
411 264712
412 342848
413 205436
414 487520
415 223168
416 5888
417 272468
418 409504
419 175982
420 831488
421 177664
422 357872
423 248380
424 91648
425 231616
426 572768
427 219472
428 369856
429 345184
430 484864
431 186194
432 31168
433 187924
434 461216
435 390656
436 383744
437 211628
438 605248
439 193162
440 137216
441 302060
442 453376
443 196694
444 630784
445 256384
446 399632
447 312928
448 1856
449 202052
450 661760
451 231016
452 412288
453 321356
454 414064
455 341504
456 171136
457 209308
458 421376
459 299992
460 567296
461 212984
462 870464
463 214834
464 27904
465 445312
466 436192
467 218558
468 647680
469 264364
470 578048
471 347312
472 113344
473 253796
474 708064
475 287264
476 571648
477 315040
478 458896
479 229922
480 14336
481 259072
482 466592
483 449848
484 511168
485 304256
486 629872
487 237658
488 121088
489 374276
490 702976
491 241574
492 772352
493 268576
494 562304
495 471680
496 31808
497 296612
498 781088
499 249502
500 600064
501 392812
502 506032
503 253514
504 204160
505 329728
506 593888
507 430640
508 520256
509 259592
510 1103872
511 313432
512 32
513 372068
514 530464
515 342848
516 848512
517 302572
518 653312
519 421456
520 188416
521 271964
522 767360
523 274054
524 553408
525 610624
526 555472
527 306152
528 60032
529 292010
530 733184
531 389620
532 708992
533 317216
534 897344
535 369856
536 145856
537 451108
538 581056
539 367964
540 997376
541 293224
542 589712
543 461216
544 9856
545 383744
546 1195264
547 299758
548 605056
549 416240
550 806144
551 333104
552 248192
553 366676
554 616064
555 630784
556 622784
557 310808
558 874720
559 348496
560 59392
561 577808
562 633952
563 317534
564 1011584
565 412288
566 642992
567 507500
568 163648
569 324332
570 1369088
571 326614
572 788992
573 513436
574 799936
575 416608
576 3520
577 333508
578 707488
579 524216
580 892928
581 404492
582 1064896
583 383776
584 172928
585 647680
586 689152
587 345158
588 1230208
589 379708
590 906752
591 546112
592 45056
593 352244
594 1044128
595 571648
596 715264
597 557228
598 815488
599 359402
600 336896
601 361804
602 878816
603 501380
604 734528
605 511168
606 1154048
607 369058
608 12224
609 708064
610 968704
611 415472
612 1084160
613 376384
614 756464
615 772352
616 248704
617 381308
618 1199968
619 383782
620 1017856
621 539596
622 776272
623 464696
624 82432
625 468752
626 786272
627 716632
628 793856
629 433664
630 1633280
631 398794
632 202304
633 626276
634 806464
635 520256
636 1283072
637 505264
638 934784
639 562540
640 1024
641 411524
642 1294496
643 414094
644 1028224
645 848512
646 941248
647 419258
648 280000
649 474628
650 1106944
651 807128
652 855488
653 427064
654 1343104
655 553408
656 55168
657 594440
658 1047712
659 434942
660 1921024
661 437584
662 879152
663 793408
664 223168
665 708992
666 1239040
667 483088
668 897856
669 699356
670 1166848
671 507056
672 25984
673 453604
674 911264
675 732448
676 984320
677 459008
678 1443008
679 551464
680 315392
681 724612
682 1065568
683 467174
684 1344640
685 605056
686 1075664
687 737408
688 60608
689 526976
690 1985536
691 478174
692 963328
693 854920
694 966064
695 622784
696 390656
697 530992
698 977216
699 763336
700 1395712
701 492104
702 1433728
703 537856
704 4288
705 1011584
706 999712
707 597632
708 1586816
709 503392
710 1309184
711 695420
712 256384
713 550676
714 2000768
715 788992
716 1031104
717 803068
718 1033936
719 517682
720 112640
721 621412
722 1097456
723 816536
724 1054208
725 655744
726 1789088
727 529258
728 341504
729 708590
730 1383424
731 583352
732 1695232
733 538024
734 1080464
735 1230208
736 17728
737 610772
738 1517120
739 546862
740 1441792
741 984032
742 1328896
743 552794
744 445312
745 715264
746 1116032
747 767140
748 1320704
749 670364
750 2100224
751 564754
752 72256
753 885556
754 1283584
755 734528
756 1807744
757 573808
758 1152176
759 1039304
760 391168
761 579884
762 1820896
763 695536
764 1173568
765 1084160
766 1176592
767 651728
768 448
769 592132
770 1989632
771 928312
772 1198208
773 598304
774 1666720
775 747488
776 304256
777 1143296
778 1213696
779 658568
780 2637824
781 685276
782 1365056
783 849328
784 87872
785 793856
786 1936928
787 620158
788 1248256
789 972076
790 1618432
791 747272
792 471680
793 696256
794 1264064
795 1283072
796 1273664
797 636008
798 2481472
799 695464
800 24064
801 881320
802 1289632
803 724136
804 2041984
805 1028224
806 1463168
807 1016848
808 329728
809 655292
810 2240000
811 658534
812 1618432
813 1031996
814 1509376
815 855488
816 137984
817 723508
818 1341536
819 1173920
820 1765376
821 674864
822 2117696
823 678154
824 342848
825 1410752
826 1643488
827 684758
828 1950080
829 688072
830 1785344
831 1078112
832 5888
833 845768
834 2179744
835 897856
836 1638016
837 968156
838 1407856
839 704762
840 831488
841 731672
842 1421312
843 1109416
844 1431488
845 984320
846 1987040
847 926492
848 91648
849 1125236
850 1852928
851 780032
852 2291072
853 728464
854 1755776
855 1344640
856 369856
857 735308
858 2761472
859 738742
860 1939456
861 1399888
862 1489552
863 745634
864 31168
865 963328
866 1503392
867 1238104
868 1844864
869 847148
870 3125248
871 838672
872 383744
873 1045880
874 1693024
875 1087616
876 2420992
877 770008
878 1545296
879 1206016
880 137216
881 777044
882 2416480
883 780574
884 1813504
885 1586816
886 1573552
887 787658
888 630784
889 942964
890 2051072
891 1172500
892 1598528
893 862556
894 2503424
895 1031104
896 1856
897 1427104
898 1616416
899 866768
900 2647040
901 882112
902 1848128
903 1537928
904 412288
905 1054208
906 2570848
907 823558
908 1656256
909 1133440
910 2732032
911 830834
912 171136
913 934516
914 1674464
915 1695232
916 1685504
917 1003052
918 2399936
919 845482
920 567296
921 1323812
922 1703872
923 940976
924 3481856
925 1058816
926 1718672
927 1178540
928 27904
929 863972
930 3562496
931 1048972
932 1744768
933 1358476
934 1748464
935 1320704
936 647680
937 878908
938 2114912
939 1375976
940 2312192
941 886424
942 2778496
943 955096
944 113344
945 1807744
946 2030368
947 897758
948 2832256
949 994336
950 2298112
951 1411312
952 571648
953 909164
954 2520320
955 1173568
956 1835584
957 1635872
958 1839376
959 1096664
960 14336
961 953314
962 2072576
963 1271380
964 1866368
965 1198208
966 3598784
967 936058
968 511168
969 1647184
970 2434048
971 943814
972 2519488
973 1128796
974 1901264
975 1937152
976 121088
977 955508
978 2994208
979 1073608
980 2811904
981 1319120
982 1932592
983 967274
984 772352
985 1248256
986 2148608
987 1833496
988 2249216
989 1049276
990 3773440
991 983074
992 31808
993 1538516
994 2372896
995 1273664
996 3124352
997 995008
998 1996016
999 1371392
1000 600064
1001 1430048
1002 3142496
1003 1090936
1004 2024128
1005 2041984
1006 2028112
1007 1094048
1008 204160
1009 1019092
1010 2637824
1011 1594712
1012 2375552
1013 1027184
1014 3445120
1015 1618432
1016 520256
1017 1417240
1018 2076736
1019 1039382
1020 4415488
1021 1043464
1022 2507456
1023 1864744
1024 32
1025 1296448
1026 2976544
1027 1163248
1028 2121856
1029 1882412
1030 2742784
1031 1063994
1032 848512
1033 1068124
1034 2420576
1035 1950080
1036 2613248
1037 1165472
1038 3371648
1039 1080562
1040 188416
1041 1690612
1042 2175712
1043 1296416
1044 3069440
1045 1638016
1046 2192432
1047 1710128
1048 553408
1049 1101452
1050 4884992
1051 1105654
1052 2221888
1053 1610000
1054 2449216
1055 1431488
1056 60032
1057 1331332
1058 2336080
1059 1749496
1060 2932736
1061 1126784
1062 3116960
1063 1131034
1064 708992
1065 2291072
1066 2537728
1067 1274072
1068 3589376
1069 1143832
1070 2958848
1071 1965040
1072 145856
1073 1227776
1074 3608864
1075 1424288
1076 2324224
1077 1809388
1078 2943712
1079 1283216
1080 997376
1081 1250932
1082 2345792
1083 1920548
1084 2358848
1085 1844864
1086 3689728
1087 1182658
1088 9856
1089 1757140
1090 3069952
1091 1191374
1092 4781056
1093 1195744
1094 2398064
1095 2420992
1096 605056
1097 1204508
1098 3329920
1099 1438864
1100 3224576
1101 1890812
1102 2664832
1103 1217714
1104 248192
1105 1813504
1106 2933408
1107 1679176
1108 2464256
1109 1230992
1110 5046272
1111 1380736
1112 622784
1113 2325568
1114 2486464
1115 1598528
1116 3498880
1117 1248808
1118 2787968
1119 1953056
1120 59392
1121 1353044
1122 4622464
1123 1262254
1124 2535808
1125 2062720
1126 2540272
1127 1521284
1128 1011584
1129 1275772
1130 3298304
1131 2246272
1132 2571968
1133 1435676
1134 4060000
1135 1656256
1136 163648
1137 2016308
1138 2594656
1139 1403864
1140 5476352
1141 1550572
1142 2612912
1143 1788380
1144 788992
1145 1685504
1146 4107488
1147 1399552
1148 3199744
1149 2059036
1150 3332864
1151 1325954
1152 3520
1153 1330564
1154 2668064
1155 3481856
1156 2829952
1157 1474208
1158 4193728
1159 1445488
1160 892928
1161 1844756
1162 3235936
1163 1353734
1164 4259584
1165 1744768
1166 3070208
1167 2123968
1168 172928
1169 1627364
1170 5181440
1171 1372414
1172 2756608
1173 2388848
1174 2761264
1175 1698016
1176 1230208
1177 1548772
1178 3037664
1179 1902340
1180 3627008
1181 1395944
1182 4368896
1183 1784080
1184 45056
1185 2832256
1186 2817952
1187 1410158
1188 4176512
1189 1503328
1190 4573184
1191 2212112
1192 715264
1193 1424444
1194 4457824
1195 1835584
1196 3261952
1197 2437160
1198 2875216
1199 1606928
1200 336896
1201 1443604
1202 2894432
1203 2256856
1204 3515264
1205 1866368
1206 4011040
1207 1575112
1208 734528
1209 2560544
1210 4089344
1211 1746032
1212 4616192
1213 1472584
1214 2952464
1215 2519488
1216 12224
1217 1482308
1218 5664512
1219 1586656
1220 3874816
1221 2641408
1222 3323776
1223 1496954
1224 1084160
1225 2064992
1226 3011072
1227 2347688
1228 3025856
1229 1511672
1230 6178816
1231 1516594
1232 248704
1233 2079880
1234 3050464
1235 2249216
1236 4799872
1237 1531408
1238 3070256
1239 2876104
1240 1017856
1241 1664432
1242 4316768
1243 1726456
1244 3105088
1245 3124352
1246 3717568
1247 1651568
1248 82432
1249 1561252
1250 3750016
1251 2140820
1252 3145088
1253 1868876
1254 5733056
1255 2024128
1256 793856
1257 2463748
1258 3469312
1259 1586342
1260 6533120
1261 1749472
1262 3190352
1263 2487296
1264 202304
1265 2375552
1266 5010208
1267 1910752
1268 3225856
1269 2199292
1270 4162048
1271 1713656
1272 1283072
1273 1741156
1274 4042112
1275 3242624
1276 3739136
1277 1632008
1278 4500320
1279 1637122
1280 1024
1281 3072608
1282 3292192
1283 1647374
1284 5177984
1285 2121856
1286 3312752
1287 2712160
1288 1028224
1289 1662812
1290 6788096
1291 1667974
1292 3764992
1293 2606716
1294 3354064
1295 2613248
1296 280000
1297 1683508
1298 3797024
1299 2630936
1300 4427776
1301 1693904
1302 6457024
1303 1699114
1304 855488
1305 3069440
1306 3416512
1307 1709558
1308 5372416
1309 2393776
1310 4427264
1311 2962792
1312 55168
1313 1895936
1314 4755520
1315 2221888
1316 4190848
1317 2704268
1318 3479536
1319 1741082
1320 1921024
1321 1746364
1322 3500672
1323 2674604
1324 3516608
1325 2153728
1326 6347264
1327 1762258
1328 223168
1329 2753716
1330 5671936
1331 1932614
1332 4956160
1333 1882636
1334 3864704
1335 3589376
1336 897856
1337 2127092
1338 5594848
1339 1971376
1340 4667392
1341 2458720
1342 4056448
1343 1947176
1344 25984
1345 2324224
1346 3628832
1347 2828728
1348 3645056
1349 1953548
1350 5859584
1351 2171752
1352 984320
1353 3234224
1354 3672064
1355 2358848
1356 5772032
1357 1962268
1358 4411712
1359 2524940
1360 315392
1361 1853684
1362 5796896
1363 1968976
1364 4262272
1365 4781056
1366 3737392
1367 1870058
1368 1344640
1369 1924816
1370 4840448
1371 2930312
1372 4302656
1373 1886504
1374 5899264
1375 2512768
1376 60608
1377 2695000
1378 4215808
1379 2262464
1380 7942144
1381 1908544
1382 3825392
1383 2981776
1384 963328
1385 2464256
1386 6839360
1387 2064328
1388 3864256
1389 3007676
1390 4982272
1391 2126672
1392 390656
1393 2308516
1394 4247936
1395 3498880
1396 3908864
1397 2178572
1398 6106688
1399 1958602
1400 1395712
1401 3059812
1402 3936832
1403 2096336
1404 5734912
1405 2535808
1406 4302848
1407 3701096
1408 4288
1409 1986692
1410 8092672
1411 2147992
1412 3998848
1413 2728880
1414 4781056
1415 2571968
1416 1586816
1417 2206528
1418 4027136
1419 3553144
1420 5236736
1421 2394512
1422 5563360
1423 2026354
1424 256384
1425 4021696
1426 4405408
1427 2037758
1428 8003072
1429 2043472
1430 6311936
1431 2789536
1432 1031104
1433 2054924
1434 6424544
1435 3199744
1436 4135744
1437 3218908
1438 4141456
1439 2072162
1440 112640
1441 2317396
1442 4971296
1443 3627008
1444 4389824
1445 2829952
1446 6532288
1447 2095258
1448 1054208
1449 3534520
1450 5245952
1451 2106854
1452 7156352
1453 2112664
1454 4234064
1455 4259584
1456 341504
1457 2244452
1458 5668720
1459 2130142
1460 5533696
1461 3327212
1462 4666816
1463 2968904
1464 1695232
1465 2756608
1466 4304192
1467 2940740
1468 4321856
1469 2370656
1470 9841664
1471 2165314
1472 17728
1473 3382036
1474 4886176
1475 2663584
1476 6068480
1477 2594572
1478 4374896
1479 3760064
1480 1441792
1481 2194844
1482 7872256
1483 2200774
1484 5315584
1485 4176512
1486 4422352
1487 2212658
1488 445312
1489 2218612
1490 5722112
1491 4152568
1492 4464128
1493 2230544
1494 6137120
1495 3261952
1496 1320704
1497 3493028
1498 5362912
1499 2248502
1500 8400896
1501 2415004
1502 4518032
1503 3086380
1504 72256
1505 3515264
1506 7084448
1507 2533672
1508 5134336
1509 3549196
1510 5876224
1511 2284634
1512 1807744
1513 2467696
1514 4590464
1515 4616192
1516 4608704
1517 2427392
1518 8314432
1519 2729524
1520 391168
1521 3383600
1522 4639072
1523 2321054
1524 7283584
1525 2845568
1526 5564288
1527 3634288
1528 1173568
1529 2607908
1530 8673280
1531 2345494
1532 4706368
1533 4388048
1534 5213824
1535 3025856
1536 448
1537 2497408
1538 4737056
1539 3342500
1540 7958528
1541 2525132
1542 7426496
1543 2382394
1544 1198208
1545 4799872
1546 4786432
1547 3286976
1548 6666880
1549 2400952
1550 5979904
1551 4236008
1552 304256
1553 2413364
1554 9146368
1555 3105088
1556 4854784
1557 3311440
1558 5268544
1559 2432042
1560 2637824
1561 2897332
1562 5482208
1563 3807496
1564 5460224
1565 3145088
1566 6794624
1567 2457058
1568 87872
1569 3836756
1570 6350848
1571 2469614
1572 7747712
1573 2939216
1574 4961264
1575 4797760
1576 1248256
1577 2664068
1578 7776608
1579 2494822
1580 6473728
1581 4286128
1582 5978176
1583 2507474
1584 471680
1585 3225856
1586 5570048
1587 4088140
1588 5056256
1589 3001964
1590 10264576
1591 2666752
1592 1273664
1593 3449908
1594 5088064
1595 3739136
1596 9925888
1597 2552008
1598 5563712
1599 4441024
1600 24064
1601 2564804
1602 7050560
1603 3054976
1604 5158528
1605 5177984
1606 5793088
1607 2584058
1608 2041984
1609 2590492
1610 8225792
1611 3544420
1612 5852672
1613 2603384
1614 8134784
1615 3764992
1616 329728
1617 5151496
1618 5242336
1619 2622782
1620 8960000
1621 2629264
1622 5268272
1623 4105136
1624 1618432
1625 3450368
1626 8255968
1627 2648758
1628 6037504
1629 3623840
1630 6843904
1631 3162392
1632 137984
1633 2833156
1634 5788064
1635 5372416
1636 5366144
1637 2681408
1638 9391360
1639 2995168
1640 1765376
1641 4196612
1642 5398912
1643 2846816
1644 8470784
1645 4190848
1646 5425232
1647 3685616
1648 342848
1649 2928464
1650 11286016
1651 2991472
1652 6573952
1653 4663456
1654 5478064
1655 3516608
1656 1950080
1657 2747308
1658 5504576
1659 5133464
1660 7141376
1661 3075836
1662 8624896
1663 2767234
1664 5888
1665 4956160
1666 6766144
1667 2780558
1668 8718976
1669 2787232
1670 7182848
1671 4351312
1672 1638016
1673 3326996
1674 7745248
1675 3427616
1676 5631424
1677 4878944
1678 5638096
1679 2993816
1680 831488
1681 2894684
1682 5853376
1683 4539920
1684 5685248
1685 3645056
1686 8875328
1687 3382792
1688 1431488
1689 4445476
1690 7874560
1691 3060584
1692 7948160
1693 2867944
1694 7411936
1695 5772032
1696 91648
1697 2881508
1698 9001888
1699 2888302
1700 7411712
1701 4566572
1702 6240256
1703 3182096
1704 2291072
1705 4262272
1706 5827712
1707 4540648
1708 7023104
1709 2922392
1710 10757120
1711 3088624
1712 369856
1713 4572596
1714 5882464
1715 4302656
1716 11045888
1717 3173632
1718 5909936
1719 4034140
1720 1939456
1721 2963564
1722 11199104
1723 2970454
1724 5958208
1725 5832512
1726 5965072
1727 3324272
1728 31168
1729 4076704
1730 7706624
1731 4669112
1732 6013568
1733 3005024
1734 9904832
1735 3864256
1736 1844864
1737 4118840
1738 6777184
1739 3179264
1740 12500992
1741 3032824
1742 6709376
1743 5662888
1744 383744
1745 3908864
1746 8367040
1747 3053758
1748 6772096
1749 5372864
1750 8700928
1751 3299912
1752 2420992
1753 3074764
1754 6160064
1755 5734912
1756 6181184
1757 3668732
1758 9648128
1759 3095842
1760 137216
1761 4832212
1762 6216352
1763 3265256
1764 9665920
1765 3998848
1766 6244592
1767 5315912
1768 1813504
1769 3299648
1770 12694528
1771 4305688
1772 6294208
1773 4290880
1774 6301264
1775 3845728
1776 630784
1777 3159508
1778 7543712
1779 4931416
1780 8204288
1781 3479072
1782 9380000
1783 3180874
1784 1598528
1785 8003072
1786 6900448
1787 3195158
1788 10013696
1789 3202312
1790 8248832
1791 4378220
1792 1856
1793 3582356
1794 11416832
1795 4135744
1796 6465664
1797 5031628
1798 6934144
1799 3845864
1800 2647040
1801 3245404
1802 7056896
1803 5065256
1804 7392512
1805 4389824
1806 12303424
1807 3581008
1808 412288
1809 4439492
1810 8433664
1811 3281534
1812 10283392
1813 3866368
1814 6588464
1815 7156352
1816 1656256
1817 3502388
1818 9067520
1819 3559864
1820 10928128
1821 5166812
1822 6646672
1823 3325154
1824 171136
1825 4063808
1826 7476128
1827 5563360
1828 6697856
1829 3520748
1830 13561856
1831 3354394
1832 1685504
1833 5816608
1834 8024416
1835 4321856
1836 9599744
1837 3759772
1838 6763856
1839 5269376
1840 567296
1841 4027172
1842 10590496
1843 3632056
1844 6815488
1845 6068480
1846 7527808
1847 3413258
1848 3481856
1849 3498310
1850 8470528
1851 5338312
1852 6874688
1853 3693536
1854 9428320
1855 5315584
1856 27904
1857 5372948
1858 6911776
1859 4121840
1860 14249984
1861 3465184
1862 8391776
1863 4847500
1864 1744768
1865 4464128
1866 10867808
1867 3487558
1868 6993856
1869 6505744
1870 10565632
1871 3502514
1872 647680
1873 3510004
1874 7031264
1875 6562528
1876 8459648
1877 3525008
1878 11007808
1879 3532522
1880 2312192
1881 5630680
1882 7091392
1883 4212656
1884 11113984
1885 5134336
1886 7640768
1887 6071296
1888 113344
1889 3570212
1890 14461952
1891 3761296
1892 8121472
1893 5583116
1894 7182064
1895 4608704
1896 2832256
1897 4275412
1898 7954688
1899 4920740
1900 9192448
1901 3615704
1902 11290496
1903 4033936
1904 571648
1905 7283584
1906 7273312
1907 3638558
1908 10081280
1909 3863596
1910 9388544
1911 7073696
1912 1835584
1913 3661484
1914 13086976
1915 4706368
1916 7357504
1917 4981036
1918 8773312
1919 3936128
1920 14336
1921 3968272
1922 7626512
1923 5761336
1924 8290304
1925 5844544
1926 10171040
1927 3892792
1928 1866368
1929 5797316
1930 9585664
1931 3730694
1932 14395136
1933 3738424
1934 7488464
1935 6666880
1936 511168
1937 4112768
1938 13177472
1939 4466464
1940 9736192
1941 5869612
1942 7550512
1943 3974576
1944 2519488
1945 4854784
1946 9030368
1947 6644792
1948 7605056
1949 3800552
1950 15497216
1951 3808354
1952 121088
1953 6341720
1954 7644064
1955 5460224
1956 11976832
1957 4092748
1958 8588864
1959 5978896
1960 2811904
1961 4032512
1962 10552960
1963 4223536
1964 7730368
1965 7747712
1966 7738192
1967 4596152
1968 772352
1969 4317748
1970 9986048
1971 5263496
1972 8594432
1973 3894704
1974 14667968
1975 4754144
1976 2249216
1977 6089188
1978 8394208
1979 3918422
1980 15093760
1981 4661692
1982 7864592
1983 6126176
1984 31808
1985 5056256
1986 12308128
1987 3950158
1988 9491584
1989 6233920
1990 10189312
1991 4414496
1992 3124352
1993 3974044
1994 7960064
1995 9925888
1996 7984064
1997 3990008
1998 10971136
1999 3998002
2000 600064
2001 6763232
2002 11440384
2003 4014014
2004 12569984
2005 5158528
2006 8727488
2007 5494940
2008 2024128
2009 4734104
2010 16335872
2011 4046134
2012 8112448
2013 7098784
2014 8752384
2015 5852672
2016 204160
2017 4070308
2018 8152736
2019 6350456
2020 10551296
2021 4276652
2022 12757696
2023 5129288
2024 2375552
2025 6580000
2026 8217472
2027 4110758
2028 13780480
2029 4118872
2030 12947456
2031 6426112
2032 520256
2033 4415156
2034 11337920
2035 6037504
2036 8306944
2037 7720496
2038 8315056
2039 4159562
2040 4415488
2041 4564672
2042 8347712
2043 5693380
2044 10029824
2045 5366144
2046 14917952
2047 4438648
2048 32
2049 6540436
2050 10371584
2051 4996352
2052 11906176
2053 4216864
2054 9305984
2055 8470784
2056 2121856
2057 4919992
2058 15059296
2059 4459408
2060 10971136
2061 5793920
2062 8511952
2063 4258034
2064 848512
2065 6573952
2066 8544992
2067 7377664
2068 9682304
2069 4282832
2070 15600640
2071 4580944
2072 2613248
2073 6694436
2074 9323776
2075 5244448
2076 13486592
2077 4530652
2078 8644496
2079 7569928
2080 188416
2081 4332644
2082 13524896
2083 4340974
2084 8702848
2085 8718976
2086 10371328
2087 4357658
2088 3069440
2089 4366012
2090 13104128
2091 7433888
2092 8769728
2093 5912288
2094 13681024
2095 5631424
2096 553408
2097 5997640
2098 8811616
2099 4407902
2100 19539968
2101 4914316
2102 8845232
2103 6889456
2104 2221888
2105 5685248
2106 12880000
2107 5200924
2108 9796864
2109 7529984
2110 11451904
2111 4458434
2112 60032
2113 4466884
2114 10650656
2115 7948160
2116 9344320
2117 4712288
2118 13995968
2119 4919056
2120 2932736
2121 8366848
2122 9014272
2123 5017496
2124 12467840
2125 5775616
2126 9048272
2127 7047488
2128 708992
2129 4534772
2130 18328576
2131 4543294
2132 10150912
2133 6157628
2134 10192576
2135 7023104
2136 3589376
2137 4568908
2138 9150656
2139 7709464
2140 11835392
2141 4586024
2142 15720320
2143 4594594
2144 145856
2145 11045888
2146 9822208
2147 4921688
2148 14435456
2149 5484364
2150 11394304
2151 6309820
2152 2324224
2153 4637564
2154 14475104
2155 5958208
2156 11774848
2157 7247548
2158 10265728
2159 5007464
2160 997376
2161 4672084
2162 10007456
2163 8699768
2164 9383168
2165 6013568
2166 15364384
2167 5227072
2168 2358848
2169 6415640
2170 14758912
2171 5162672
2172 14758912
2173 4937536
2174 9461264
2175 9180416
2176 9856
2177 5627972
2178 14057120
2179 4750222
2180 12279808
2181 7409612
2182 9530992
2183 4987136
2184 4781056
2185 6772096
2186 9565952
2187 6377294
2188 9592256
2189 5333468
2190 19367936
2191 5700472
2192 605056
2193 8166928
2194 9636064
2195 6181184
2196 13319680
2197 5198104
2198 11510912
2199 7532336
2200 3224576
2201 5083316
2202 15126496
2203 4855414
2204 10659328
2205 9665920
2206 9741712
2207 4873058
2208 248192
2209 4983506
2210 14508032
2211 8550808
2212 11733632
2213 4899584
2214 13433408
2215 6294208
2216 2464256
2217 7656068
2218 9847936
2219 5846864
2220 20185088
2221 4935064
2222 11045888
2223 7731680
2224 622784
2225 6025024
2226 18604544
2227 5326552
2228 9945856
2229 7739116
2230 12788224
2231 5267432
2232 3498880
2233 6777184
2234 9990464
2235 10013696
2236 11151872
2237 5006408
2238 15624448
2239 5015362
2240 59392
2241 6792676
2242 10824352
2243 5033294
2244 18489856
2245 6465664
2246 10098032
2247 9385096
2248 2535808
2249 5539136
2250 16501760
2251 5069254
2252 10161088
2253 7906556
2254 12170272
2255 7392512
2256 1011584
2257 5327872
2258 10206176
2259 6957940
2260 13193216
2261 6824048
2262 17970176
2263 5371576
2264 2571968
2265 10283392
2266 11485408
2267 5141558
2268 16240000
2269 5150632
2270 13250048
2271 8033312
2272 163648
2273 5168804
2274 16130464
2275 8025344
2276 10378624
2277 8165960
2278 11230912
2279 5424416
2280 5476352
2281 5205244
2282 12404576
2283 8118376
2284 10451648
2285 6697856
2286 14307040
2287 5232658
2288 788992
2289 9737504
2290 13484032
2291 5512784
2292 16429952
2293 5260144
2294 11196416
2295 9599744
2296 3199744
2297 5278508
2298 16472288
2299 6102068
2300 13331456
2301 9124192
2302 10607632
2303 6200468
2304 3520
2305 6815488
2306 10644512
2307 8289848
2308 10672256
2309 5333792
2310 27854848
2311 5343034
2312 2829952
2313 7293880
2314 11793664
2315 6874688
2316 16774912
2317 6373852
2318 11563904
2319 8376256
2320 892928
2321 5994356
2322 14758048
2323 5708416
2324 12943744
2325 10464832
2326 10829872
2327 5928848
2328 4259584
2329 5823664
2330 13958144
2331 8983040
2332 12280832
2333 5445224
2334 16991744
2335 6993856
2336 172928
2337 9219952
2338 13018912
2339 5473262
2340 20725760
2341 5482624
2342 10979312
2343 9593864
2344 2756608
2345 8459648
2346 19110784
2347 5510758
2348 11045056
2349 7630000
2350 13584128
2351 5529554
2352 1230208
2353 6061696
2354 12390176
2355 11113984
2356 12150656
2357 5557808
2358 15218720
2359 6606664
2360 3627008
2361 8682212
2362 11167552
2363 5994296
2364 17475584
2365 8121472
2366 14272640
2367 7637740
2368 45056
2369 5935556
2370 22658048
2371 5624014
2372 11271808
2373 10461808
2374 11281264
2375 7163264
2376 4176512
2377 5652508
2378 12026624
2379 9747584
2380 18292736
2381 5671544
2382 17696896
2383 5681074
2384 715264
2385 10081280
2386 11395552
2387 7725368
2388 17831296
2389 5709712
2390 14684672
2391 8904112
2392 3261952
2393 5728844
2394 19497280
2395 7357504
2396 11500864
2397 9736496
2398 12855424
2399 5757602
2400 336896
2401 6588346
2402 11548832
2403 7803688
2404 11577728
2405 8290304
2406 18054848
2407 6081328
2408 3515264
2409 10137904
2410 14930944
2411 5815334
2412 16044160
2413 6210556
2414 12600896
2415 14395136
2416 734528
2417 5844308
2418 20484352
2419 6106408
2420 16357376
2421 7989520
2422 13968256
2423 5873354
2424 4616192
2425 7150016
2426 11780672
2427 9174088
2428 11809856
2429 7003964
2430 20155904
2431 7594048
2432 12224
2433 9219476
2434 11858464
2435 7605056
2436 22658048
2437 5941408
2438 12693248
2439 8108540
2440 3874816
2441 5960924
2442 21131264
2443 7084816
2444 13295104
2445 11976832
2446 11975632
2447 5990258
2448 1084160
2449 6284068
2450 16519936
2451 10129112
2452 12044288
2453 6693836
2454 18781504
2455 7730368
2456 3025856
2457 10394528
2458 12093376
2459 6049142
2460 24715264
2461 6403132
2462 12132752
2463 9448096
2464 248704
2465 8594432
2466 16639040
2467 6088558
2468 12201856
2469 9494156
2470 17993728
2471 7247912
2472 4799872
2473 6118204
2474 12251264
2475 11084480
2476 12281024
2477 6138008
2478 23008832
2479 6417664
2480 1017856
2481 9586612
2482 13315456
2483 6748016
2484 17267072
2485 9491584
2486 13811648
2487 9633008
2488 3105088
2489 6606308
2490 24994816
2491 6466912
2492 14870272
2493 8470880
2494 13212544
2495 7984064
2496 82432
2497 6935572
2498 12490016
2499 11840752
2500 15000064
2501 6523616
2502 17126560
2503 6267514
2504 3145088
2505 12569984
2506 14951008
2507 6643568
2508 22932224
2509 6889696
2510 16193024
2511 8697500
2512 793856
2513 7496036
2514 19709984
2515 8112448
2516 13877248
2517 9866668
2518 12690736
2519 7058048
2520 6533120
2521 6357964
2522 13995776
2523 10243408
2524 12761408
2525 7748608
2526 19898368
2527 7956556
2528 202304
2529 8716840
2530 19004416
2531 6408494
2532 20040832
2533 6884416
2534 15286016
2535 13780480
2536 3225856
2537 6708548
2538 17594336
2539 6449062
2540 16648192
2541 12970888
2542 13709248
2543 6469394
2544 1283072
2545 8306944
2546 13929248
2547 8841140
2548 16168448
2549 6499952
2550 25940992
2551 6510154
2552 3739136
2553 10920448
2554 13056064
2555 10029824
2556 18001280
2557 6540808
2558 13096976
2559 10198496
2560 1024
2561 7177472
2562 24580864
2563 7306216
2564 13168768
2565 11906176
2566 13178992
2567 7069832
2568 5177984
2569 7833364
2570 16974848
2571 10294312
2572 13251008
2573 6932156
2574 21697280
2575 8056928
2576 1028224
2577 10342388
2578 13302496
2579 6653822
2580 27152384
2581 6986464
2582 13343792
2583 10999120
2584 3764992
2585 9682304
2586 20853728
2587 7323568
2588 13416256
2589 10438876
2590 20905984
2591 6715874
2592 280000
2593 6726244
2594 13468064
2595 13486592
2596 15188096
2597 7864544
2598 21047488
2599 7137736
2600 4427776
2601 9727960
2602 13551232
2603 7222856
2604 25828096
2605 8702848
2606 13592912
2607 11860072
2608 855488
2609 6809492
2610 24555520
2611 8091232
2612 13666048
2613 11741408
2614 13676464
2615 8769728
2616 5372416
2617 6851308
2618 19150208
2619 9260792
2620 17709056
2621 6872264
2622 23702336
2623 7166896
2624 55168
2625 15226624
2626 15167488
2627 7200512
2628 19022080
2629 7686508
2630 17775104
2631 10780112
2632 4190848
2633 6935324
2634 21634144
2635 9796864
2636 13918144
2637 9475840
2638 13928656
2639 9305984
2640 1921024
2641 7434484
2642 13970912
2643 10878616
2644 14002688
2645 9344320
2646 21396832
2647 7009258
2648 3516608
2649 10928036
2650 17229824
2651 7815416
2652 25389056
2653 8353276
2654 14098064
2655 12467840
2656 223168
2657 7062308
2658 22029728
2659 7072942
2660 22687744
2661 11027212
2662 15460912
2663 7094234
2664 4956160
2665 10150912
2666 15061088
2667 13201496
2668 15458816
2669 7640864
2670 28715008
2671 7136914
2672 897856
2673 10550356
2674 17016736
2675 8691616
2676 22379392
2677 7169008
2678 15771008
2679 12075784
2680 4667392
2681 8530292
2682 19669760
2683 7201174
2684 16225792
2685 14435456
2686 15577408
2687 7222658
2688 25984
2689 7233412
2690 18593792
2691 11212960
2692 14515328
2693 7254944
2694 22629824
2695 11774848
2696 3645056
2697 12134752
2698 15628384
2699 7287302
2700 23438336
2701 7608832
2702 17374016
2703 12349568
2704 984320
2705 9383168
2706 25873792
2707 7330558
2708 14688256
2709 12083720
2710 18870784
2711 7352234
2712 5772032
2713 7363084
2714 15698144
2715 14758912
2716 17646848
2717 9418592
2718 20199520
2719 7395682
2720 315392
2721 11529812
2722 14829472
2723 8799296
2724 23187584
2725 9017984
2726 15751808
2727 10036096
2728 4262272
2729 7450172
2730 38248448
2731 7461094
2732 14949568
2733 11631676
2734 14960464
2735 9592256
2736 1344640
2737 9896656
2738 15398528
2739 13083224
2740 19361792
2741 7515824
2742 23442496
2743 8231056
2744 4302656
2745 13319680
2746 15092032
2747 7857992
2748 23597056
2749 7559752
2750 20102144
2751 14042728
2752 60608
2753 7581764
2754 21560000
2755 10659328
2756 16863232
2757 11836748
2758 18099712
2759 7963928
2760 7942144
2761 8476036
2762 15268352
2763 10401380
2764 15301568
2765 11733632
2766 23854208
2767 7659058
2768 963328
2769 13173664
2770 19714048
2771 8234072
2772 27357440
2773 7997836
2774 16514624
2775 14823424
2776 3864256
2777 7714508
2778 24061408
2779 9164464
2780 19929088
2781 10435436
2782 17013376
2783 8849596
2784 390656
2785 9945856
2786 18468128
2787 12095608
2788 16991744
2789 7781312
2790 27991040
2791 7792474
2792 3908864
2793 14685608
2794 17428576
2795 11151872
2796 24426752
2797 7826008
2798 15668816
2799 10673740
2800 1395712
2801 7848404
2802 24478496
2803 7859614
2804 15747328
2805 18489856
2806 16770688
2807 9349832
2808 5734912
2809 8039360
2810 20286464
2811 12304712
2812 17211392
2813 8290976
2814 29608768
2815 10161088
2816 4288
2817 10811240
2818 15893536
2819 7949582
2820 32370688
2821 10607968
2822 17183936
2823 12409936
2824 3998848
2825 9688768
2826 21831040
2827 8885272
2828 19124224
2829 13371344
2830 20575744
2831 8538464
2832 1586816
2833 8028724
2834 17652224
2835 16240000
2836 16108544
2837 8051408
2838 28425152
2839 8641864
2840 5236736
2841 12568612
2842 19156096
2843 8085494
2844 22253440
2845 10378624
2846 16210832
2847 13920704
2848 256384
2849 10942976
2850 32173568
2851 8131054
2852 17621632
2853 11088880
2854 16302064
2855 10451648
2856 8003072
2857 8165308
2858 16347776
2859 12728296
2860 25247744
2861 8188184
2862 22316288
2863 9726136
2864 1031104
2865 16429952
2866 16439392
2867 8544272
2868 25698176
2869 8768428
2870 25597952
2871 12853280
2872 4135744
2873 9474080
2874 25751264
2875 10388608
2876 16565824
2877 15353296
2878 16577296
2879 8291522
2880 112640
2881 8632852
2882 18539168
2883 13346396
2884 19885184
2885 10672256
2886 29016064
2887 8337658
2888 4389824
2889 11257492
2890 22639616
2891 9726332
2892 26129152
2893 9304156
2894 16762064
2895 16774912
2896 1054208
2897 8395508
2898 28276160
2899 9191536
2900 20983808
2901 13104812
2902 16854832
2903 8430314
2904 7156352
2905 12943744
2906 16901312
2907 12942160
2908 16936256
2909 8465192
2910 34076672
2911 8816536
2912 341504
2913 13213396
2914 17955616
2915 12280832
2916 22674880
2917 8511808
2918 17041136
2919 15803144
2920 5533696
2921 9006932
2922 26617696
2923 8901376
2924 18667264
2925 15220480
2926 23751232
2927 8570258
2928 1695232
2929 8985088
2930 22052864
2931 13377112
2932 17216768
2933 10206956
2934 23525920
2935 11045056
2936 4321856
2937 15030512
2938 18965248
2939 8640662
2940 39366656
2941 9272032
2942 17322512
2943 11680208
2944 17728
2945 12150656
2946 27056288
2947 10304512
2948 19544704
2949 13541836
2950 21308672
2951 9523472
2952 6068480
2953 8723164
2954 20756576
2955 17475584
2956 17499584
2957 8746808
2958 30080512
2959 9732688
2960 1441792
2961 14406040
2962 17558752
2963 8782334
2964 31489024
2965 11271808
2966 17606192
2967 14689864
2968 5315584
2969 8817932
2970 33412096
2971 8829814
2972 17689408
2973 13763036
2974 17701264
2975 13433728
2976 445312
2977 9691648
2978 17748896
2979 12088340
2980 22888448
2981 9877676
2982 33220544
2983 9476656
2984 4464128
2985 17831296
2986 17844352
2987 9342608
2988 24548480
2989 10390864
2990 26095616
2991 13930112
2992 1320704
2993 9316496
2994 27944224
2995 11500864
2996 21451648
2997 12320000
2998 17988016
2999 8997002
3000 8400896
3001 9009004
3002 19320032
3003 20020672
3004 18072128
3005 11577728
3006 24691040
3007 9450952
3008 72256
3009 15273104
3010 28122112
3011 9069134
3012 28337792
3013 9580876
3014 20269376
3015 16044160
3016 5134336
3017 10799252
3018 28393568
3019 9117382
3020 23504896
3021 15316672
3022 18277072
3023 9141554
3024 1807744
3025 12012448
3026 19741568
3027 14267288
3028 18361856
3029 10032416
3030 36929536
3031 10899592
3032 4608704
3033 12529880
3034 19419136
3035 11809856
3036 33257728
3037 9226408
3038 21836192
3039 14380576
3040 391168
3041 9250724
3042 27068800
3043 9924376
3044 18556288
3045 22658048
3046 18568432
3047 10319072
3048 7283584
3049 9299452
3050 22764544
3051 12549016
3052 22257152
3053 9685916
3054 29074304
3055 13295104
3056 1173568
3057 14551348
3058 20863264
3059 12274424
3060 34693120
3061 9372784
3062 18763952
3063 14608496
3064 4706368
3065 12044288
3066 35104384
3067 9409558
3068 20855296
3069 14651560
3070 24206848
3071 9819392
3072 448
3073 11203396
3074 19979264
3075 18150272
3076 18948224
3077 10146752
3078 26740000
3079 9483322
3080 7958528
3081 16285472
3082 20201056
3083 9507974
3084 29705984
3085 12201856
3086 19059152
3087 14790380
3088 1198208
3089 9545012
3090 38398976
3091 10618696
3092 19145728
3093 14895916
3094 26295808
3095 12281024
3096 6666880
3097 10212388
3098 19207616
3099 14953736
3100 23919616
3101 11408252
3102 33888064
3103 10078576
3104 304256
3105 17267072
3106 19306912
3107 10554608
3108 36585472
3109 9668992
3110 24840704
3111 16316608
3112 4854784
3113 10770116
3114 26491520
3115 14870272
3116 21074176
3117 15127868
3118 19456336
3119 9731282
3120 2637824
3121 9743764
3122 23178656
3123 13283380
3124 21928832
3125 11718752
3126 30459968
3127 10144288
3128 5460224
3129 18149824
3130 25160704
3131 10242176
3132 27178496
3133 10731616
3134 19656464
3135 22932224
3136 87872
3137 9843908
3138 30694048
3139 10235176
3140 25403392
3141 13436720
3142 19756912
3143 11719016
3144 7747712
3145 13877248
3146 23513728
3147 15420328
3148 19845056
3149 10291964
3150 38382080
3151 10475032
3152 1248256
3153 15479156
3154 21312544
3155 12761408
3156 31106432
3157 13398928
3158 19958576
3159 14487056
3160 6473728
3161 10457024
3162 34289024
3163 10007734
3164 23912704
3165 20040832
3166 20059792
3167 10033058
3168 471680
3169 10045732
3170 25806848
3171 18638648
3172 22280192
3173 10718156
3174 32705120
3175 12226016
3176 5056256
3177 13746040
3178 24015712
3179 11850424
3180 41058304
3181 10121944
3182 21334016
3183 15774976
3184 1273664
3185 16168448
3186 27599264
3187 10160158
3188 20352256
3189 15834476
3190 29913088
3191 10185674
3192 9925888
3193 10649716
3194 20416064
3195 18001280
3196 22254848
3197 10781948
3198 35528192
3199 12139864
3200 24064
3201 17837008
3202 20518432
3203 10262414
3204 28202240
3205 13168768
3206 24439808
3207 16013648
3208 5158528
3209 10300892
3210 41423872
3211 11750320
3212 23172352
3213 17399536
3214 20672464
3215 13251008
3216 2041984
3217 10352308
3218 20723936
3219 17188864
3220 32903168
3221 10378064
3222 28355360
3223 11543296
3224 5852672
3225 19940032
3226 20827072
3227 12353072
3228 32539136
3229 10429672
3230 30119936
3231 14216620
3232 329728
3233 10837376
3234 41211968
3235 13416256
3236 20969344
3237 17965024
3238 20982256
3239 10899128
3240 8960000
3241 12460372
3242 21034112
3243 17513048
3244 21073088
3245 15188096
3246 32841088
3247 11295592
3248 1618432
3249 15090020
3250 27602944
3251 10572254
3252 33023872
3253 10585264
3254 21190064
3255 25828096
3256 6037504
3257 10611308
3258 28990720
3259 10624342
3260 27375616
3261 16557212
3262 25299136
3263 11638736
3264 137984
3265 13666048
3266 22665248
3267 15558676
3268 23152256
3269 12676364
3270 42979328
3271 10702714
3272 5366144
3273 16679236
3274 21451264
3275 13005088
3276 37565440
3277 11234848
3278 23961344
3279 16740416
3280 1765376
3281 11532752
3282 33572896
3283 12516268
3284 21595648
3285 19022080
3286 22774528
3287 11499728
3288 8470784
3289 13659424
3290 33526784
3291 16863112
3292 21700928
3293 11280896
3294 29484928
3295 13918144
3296 342848
3297 20144096
3298 23427712
3299 10886702
3300 45144064
3301 10899904
3302 23931776
3303 14856380
3304 6573952
3305 14002688
3306 37307648
3307 10939558
3308 21912256
3309 17047996
3310 28132864
3311 14720168
3312 1950080
3313 10979284
3314 21978464
3315 25389056
3316 22018304
3317 11488652
3318 41067712
3319 11019082
3320 7141376
3321 15085000
3322 24606688
3323 11045654
3324 34499584
3325 16661312
3326 22137872
3327 17233888
3328 5888
3329 11085572
3330 39649280
3331 11098894
3332 27064576
3333 19330304
3334 22244464
3335 15458816
3336 8718976
3337 11547412
3338 22297856
3339 18272320
3340 28731392
3341 12200672
3342 34810496
3343 11178994
3344 1638016
3345 22379392
3346 26615968
3347 11205758
3348 30980992
3349 12014464
3350 27420928
3351 17483312
3352 5631424
3353 13335476
3354 39031552
3355 16225792
3356 22552384
3357 15345440
3358 23950528
3359 11286242
3360 831488
3361 11299684
3362 23157472
3363 18942616
3364 23413504
3365 14515328
3366 36319360
3367 15026176
3368 5685248
3369 17671556
3370 29160448
3371 11367014
3372 35501312
3373 11380504
3374 27062336
3375 18264448
3376 1431488
3377 12670772
3378 35563808
3379 11920048
3380 31498240
3381 21297976
3382 24484672
3383 12259016
3384 7948160
3385 14688256
3386 22943552
3387 17860808
3388 29647744
3389 11488712
3390 46176256
3391 11502274
3392 91648
3393 17649280
3394 23052064
3395 17646848
3396 36007552
3397 11973868
3398 23106416
3399 20099464
3400 7411712
3401 12308804
3402 36532576
3403 12023176
3404 24961024
3405 23187584
3406 25456768
3407 11611058
3408 2291072
3409 13784164
3410 34098176
3411 15842420
3412 23310848
3413 11651984
3414 36325184
3415 14949568
3416 7023104
3417 19654096
3418 23379136
3419 12775856
3420 43028480
3421 13002556
3422 24708992
3423 21708008
3424 369856
3425 14218816
3426 36580768
3427 12383008
3428 23529856
3429 15835292
3430 34421248
3431 12202232
3432 11045888
3433 11788924
3434 25389056
3435 23597056
3436 23639744
3437 14011292
3438 32273120
3439 12584608
3440 1939456
3441 19593728
3442 23708512
3443 13170056
3444 44796416
3445 16863232
3446 23763632
3447 16178140
3448 5958208
3449 11899052
3450 46660096
3451 15577408
3452 23860288
3453 18563356
3454 26594176
3455 15301568
3456 31168
3457 11954308
3458 32613632
3459 18627896
3460 30826496
3461 11981984
3462 37352896
3463 11995834
3464 6013568
3465 27357440
3466 24040192
3467 12023558
3468 39619328
3469 12037432
3470 30914048
3471 20638912
3472 1844864
3473 12716516
3474 32950720
3475 14635424
3476 27108736
3477 20236832
3478 25434112
3479 14043044
3480 12500992
3481 12322742
3482 24262592
3483 16572500
3484 26837504
3485 16991744
3486 45303104
3487 13508272
3488 383744
3489 18952276
3490 31270912
3491 12190574
3492 33468160
3493 14471116
3494 24430064
3495 24426752
3496 6772096
3497 13364288
3498 42982912
3499 12246502
3500 34803712
3501 16688320
3502 26399296
3503 12806696
3504 2420992
3505 15747328
3506 24598112
3507 22783096
3508 24640256
3509 13929328
3510 45879296
3511 12330634
3512 6181184
3513 19213796
3514 29349856
3515 17211392
3516 38592512
3517 12372808
3518 24766736
3519 18769520
3520 137216
3521 14703812
3522 38657696
3523 13563376
3524 24865408
3525 23772224
3526 26122048
3527 12443258
3528 9665920
3529 12457372
3530 31990784
3531 21682808
3532 24978368
3533 12485624
3534 42527296
3535 19124224
3536 1813504
3537 16844356
3538 26397184
3539 12528062
3540 50778112
3541 12542224
3542 34445504
3543 19543216
3544 6294208
3545 16108544
3546 34327040
3547 12584758
3548 25205056
3549 24977120
3550 30765824
3551 13054112
3552 630784
3553 15765904
3554 25276064
3555 22253440
3556 30174848
3557 12655808
3558 39451328
3559 12670042
3560 8204288
3561 19742212
3562 27832576
3563 15056336
3564 37520000
3565 17621632
3566 25446992
3567 21046592
3568 1598528
3569 13208756
3570 64024576
3571 12755614
3572 27601792
3573 17380880
3574 25561264
3575 18541312
3576 10013696
3577 14839384
3578 25618496
3579 19942216
3580 32995328
3581 12827144
3582 35025760
3583 12841474
3584 1856
3585 25698176
3586 28658848
3587 13778072
3588 45667328
3589 13387264
3590 33085952
3591 21579944
3592 6465664
3593 12913244
3594 40253024
3595 16565824
3596 27736576
3597 22496992
3598 30766912
3599 13402928
3600 2647040
3601 14169472
3602 25963232
3603 20210456
3604 28227584
3605 19885184
3606 40522048
3607 13014058
3608 7392512
3609 17732440
3610 35118592
3611 13743632
3612 49213696
3613 13057384
3614 28648064
3615 26129152
3616 412288
3617 13086308
3618 35515936
3619 17549176
3620 33734656
3621 22051568
3622 26252272
3623 13129754
3624 10283392
3625 16351744
3626 30930944
3627 20118560
3628 26353856
3629 14009468
3630 57250816
3631 13187794
3632 1656256
3633 24444448
3634 28019104
3635 16936256
3636 36270080
3637 13231408
3638 28478912
3639 20616176
3640 10928128
3641 14725796
3642 41334496
3643 13275094
3644 26586688
3645 22674880
3646 26601232
3647 15773912
3648 171136
3649 13812688
3650 32510464
3651 20752312
3652 29904512
3653 14580896
3654 44506880
3655 18667264
3656 6697856
3657 22213184
3658 28165984
3659 13391942
3660 54247424
3661 15895132
3662 26835152
3663 20753920
3664 1685504
3665 17216768
3666 46532864
3667 14303608
3668 32097664
3669 20957356
3670 34574848
3671 13479914
3672 9599744
3673 13494604
3674 30078176
3675 28909888
3676 27055424
3677 13524008
3678 42155008
3679 14788816
3680 567296
3681 18446120
3682 32217376
3683 14176976
3684 42361984
3685 19544704
3686 29056448
3687 21163408
3688 6815488
3689 17756816
3690 48547840
3691 13627174
3692 30111232
3693 21232316
3694 27306064
3695 17499584
3696 3481856
3697 13671508
3698 27986480
3699 18416392
3700 33882112
3701 13701104
3702 42706496
3703 16936580
3704 6874688
3705 31489024
3706 29548288
3707 15263672
3708 37713280
3709 13760392
3710 42524672
3711 21439712
3712 27904
3713 14275076
3714 42983584
3715 17689408
3716 27647104
3717 22597960
3718 32974720
3719 13834682
3720 14249984
3721 14072824
3722 27721472
3723 23302048
3724 33567104
3725 16808704
3726 38780000
3727 13894258
3728 1744768
3729 24170384
3730 35713024
3731 18398528
3732 43471232
3733 13939024
3734 27900464
3735 24548480
3736 6993856
3737 14508032
3738 52045952
3739 13983862
3740 42262528
3741 23121952
3742 28020112
3743 14901056
3744 647680
3745 21451648
3746 28080032
3747 21857528
3748 28125056
3749 14810636
3750 52500224
3751 15878156
3752 8459648
3753 18955988
3754 28200064
3755 18072128
3756 44031232
3757 16272224
3758 28260176
3759 26164264
3760 2312192
3761 14148884
3762 45045440
3763 14646496
3764 28365568
3765 28337792
3766 33701248
3767 14194058
3768 11113984
3769 14209132
3770 41074688
3771 19358020
3772 30563072
3773 18017372
3774 48570368
3775 17261408
3776 113344
3777 22208788
3778 28561696
3779 14284622
3780 57847808
3781 15204364
3782 30090368
3783 24492608
3784 8121472
3785 18361856
3786 44664928
3787 17006992
3788 28728256
3789 19543040
3790 36869632
3791 15385832
3792 2832256
3793 14390644
3794 34203296
3795 33257728
3796 31818752
3797 14421008
3798 39365920
3799 15080368
3800 9192448
3801 26750528
3802 28925632
3803 14466614
3804 45161984
3805 18556288
3806 32271488
3807 19757500
3808 571648
3809 15850496
3810 58268672
3811 15085312
3812 29093248
3813 23991184
3814 29108464
3815 22257152
3816 10081280
3817 16181572
3818 30908768
3819 24376184
3820 37554176
3821 14603864
3822 56589568
3823 14619154
3824 1835584
3825 25477760
3826 29291872
3827 15174728
3828 52347904
3829 17385964
3830 37650944
3831 22848112
3832 7357504
3833 14695724
3834 39848288
3835 20855296
3836 35093248
3837 22919708
3838 31489024
3839 16368368
3840 14336
3841 15544132
3842 31746176
3843 24141920
3844 30506048
3845 18948224
3846 46090688
3847 14803258
3848 8290304
3849 23063236
3850 46756352
3851 14834054
3852 40684160
3853 14849464
3854 31142336
3855 29705984
3856 1866368
3857 19320032
3858 46378528
3859 15941464
3860 38342656
3861 24014944
3862 29845552
3863 14926634
3864 14395136
3865 19145728
3866 29907392
3867 23279368
3868 29953856
3869 15477056
3870 53335040
3871 17360212
3872 511168
3873 23351636
3874 32902144
3875 18639488
3876 52709888
3877 15035008
3878 35731712
3879 20481340
3880 9736192
3881 15066044
3882 46956896
3883 16745176
3884 30202048
3885 36585472
3886 31796608
3887 17041040
3888 2519488
3889 15128212
3890 38838272
3891 23569112
3892 36121472
3893 16222976
3894 53158336
3895 21074176
3896 7605056
3897 20671640
3898 30404416
3899 18026864
3900 61988864
3901 15747292
3902 30466832
3903 23714656
3904 121088
3905 21928832
3906 50733760
3907 15268558
3908 30576256
3909 23787596
3910 43681792
3911 15299834
3912 11976832
3913 20212768
3914 32741984
3915 27178496
3916 34355456
3917 15346808
3918 47831168
3919 15362482
3920 2811904
3921 23933812
3922 32260096
3923 15393854
3924 42211840
3925 18655616
3926 33788288
3927 33512864
3928 7730368
3929 15440972
3930 61981696
3931 15456694
3932 30952768
3933 23279080
3934 36769216
3935 19845056
3936 772352
3937 16160452
3938 34541984
3939 26543104
3940 39944192
3941 18416972
3942 42107968
3943 15551194
3944 8594432
3945 31106432
3946 31157632
3947 15582758
3948 58671872
3949 17318428
3950 38033152
3951 21247820
3952 2249216
3953 16144436
3954 48713504
3955 23912704
3956 33576832
3957 24375148
3958 31347376
3959 16273664
3960 15093760
3961 16793392
3962 37293536
3963 24449096
3964 31458368
3965 22280192
3966 49009408
3967 15741058
3968 31808
3969 24027500
3970 40450048
3971 18382388
3972 49232512
3973 16487776
3974 31601264
3975 30152192
3976 9491584
3977 16391792
3978 49871360
3979 16677616
3980 40757248
3981 24671612
3982 35315968
3983 18811256
3984 3124352
3985 20352256
3986 31792352
3987 21636340
3988 31840256
3989 15916112
3990 79407104
3991 17398672
3992 7984064
3993 27056596
3994 31920064
3995 22254848
3996 43884544
3997 18943612
3998 31984016
3999 26356904
4000 600064
4001 16012004
4002 54105856
4003 16028014
4004 45761536
4005 28202240
4006 32112112
4007 16060058
4008 12569984
4009 17088388
4010 41268224
4011 29779288
4012 34909952
4013 16108184
4014 43959520
4015 23172352
4016 2024128
4017 27599264
4018 37872832
4019 16156382
4020 65343488
4021 16172464
4022 32369072
4023 21770848
4024 8112448
4025 24163264
4026 56790272
4027 16220758
4028 35009536
4029 27260464
4030 46821376
4031 16970864
4032 204160
4033 16884736
4034 32562464
4035 32539136
4036 32610944
4037 18097772
4038 50803648
4039 19343464
4040 10551296
4041 22225720
4042 34213216
4043 17854256
4044 51030784
4045 20969344
4046 41034304
4047 27349672
4048 2375552
4049 16398452
4050 52640000
4051 16414654
4052 32869888
4053 30404528
4054 32886064
4055 21073088
4056 13780480
4057 16463308
4058 32950976
4059 25411760
4060 51789824
4061 17190236
4062 51408896
4063 17667496
4064 520256
4065 33023872
4066 35321248
4067 19150604
4068 45351680
4069 18084256
4070 48300032
4071 27471752
4072 8306944
4073 16593404
4074 61763968
4075 20103968
4076 33260224
4077 22357196
4078 33276496
4079 16642322
4080 4415488
4081 22259008
4082 36517376
4083 25951576
4084 33390848
4085 23152256
4086 45547040
4087 17247472
4088 10029824
4089 27565664
4090 42929152
4091 16740374
4092 59671808
4093 16756744
4094 35509184
4095 37565440
4096 32
4097 17963792
4098 52323488
4099 16805902
4100 41486336
4101 26180812
4102 39970816
4103 18693536
4104 11906176
4105 21595648
4106 33734912
4107 26947424
4108 37223936
4109 20019164
4110 67766272
4111 16904434
4112 2121856
4113 23023880
4114 39359936
4115 21700928
4116 60237184
4117 17850988
4118 35675264
4119 26411056
4120 10971136
4121 18548672
4122 46351360
4123 22023064
4124 34047808
4125 35178752
4126 34064272
4127 17036258
4128 848512
4129 17052772
4130 52591616
4131 24250072
4132 34179968
4133 17085824
4134 59021312
4135 21912256
4136 9682304
4137 31674496
4138 34262656
4139 17135462
4140 62402560
4141 17764096
4142 36647552
4143 26719616
4144 2613248
4145 22018304
4146 53555488
4147 21500032
4148 37295104
4149 23428240
4150 41955584
4151 20430152
4152 13486592
4153 17251564
4154 36245216
4155 34499584
4156 34577984
4157 17284808
4158 60559424
4159 17301442
4160 188416
4161 28900592
4162 34661152
4163 18250976
4164 54099584
4165 27064576
4166 34727792
4167 23631740
4168 8702848
4169 19298948
4170 69751808
4171 18008152
4172 41485312
4173 29773408
4174 34861264
4175 21099616
4176 3069440
4177 17451508
4178 34928096
4179 32319224
4180 52416512
4181 18140672
4182 59471104
4183 18091096
4184 8769728
4185 30980992
4186 47298304
4187 18106208
4188 54724096
4189 18113788
4190 45051392
4191 30500008
4192 553408
4193 20845316
4194 47981120
4195 22552384
4196 35246464
4197 27420428
4198 35263216
4199 21648704
4200 19539968
4201 17652604
4202 39314528
4203 24041380
4204 35380928
4205 23413504
4206 55115648
4207 20984632
4208 2221888
4209 29348704
4210 45481984
4211 17736734
4212 51520000
4213 19707916
4214 41607392
4215 35501312
4216 9796864
4217 17787308
4218 60239872
4219 17804182
4220 45807616
4221 29080040
4222 35667472
4223 18470936
4224 60032
4225 23131520
4226 35735072
4227 27813688
4228 42602624
4229 17888672
4230 63585280
4231 17905594
4232 9344320
4233 30071888
4234 37698304
4235 29647744
4236 55983872
4237 19082428
4238 39352448
4239 24162992
4240 2932736
4241 17990324
4242 66934784
4243 18007294
4244 36057088
4245 36007552
4246 40139968
4247 18794552
4248 12467840
4249 21405364
4250 46204928
4251 30891392
4252 36193088
4253 18092264
4254 56379904
4255 24961024
4256 708992
4257 27917560
4258 36278176
4259 18143342
4260 73314304
4261 18160384
4262 36346352
4263 33523168
4264 10150912
4265 23310848
4266 49261024
4267 19482232
4268 40770304
4269 28368956
4270 56184832
4271 18245714
4272 3589376
4273 18262804
4274 36551264
4275 31599040
4276 36602624
4277 24097376
4278 61675712
4279 20329408
4280 11835392
4281 28528612
4282 36688192
4283 18348374
4284 62881280
4285 23529856
4286 36756752
4287 28608608
4288 145856
4289 18399812
4290 88367104
4291 21830272
4292 39288832
4293 25060000
4294 39373504
4295 23639744
4296 14435456
4297 18468508
4298 43874912
4299 28768936
4300 45577216
4301 22864688
4302 50478560
4303 20220496
4304 2324224
4305 44796416
4306 37100512
4307 19140968
4308 57900416
4309 19345228
4310 47665664
4311 25291420
4312 11774848
4313 19771556
4314 57980384
4315 23860288
4316 41062912
4317 29010268
4318 40059712
4319 22115864
4320 997376
4321 19490944
4322 37376672
4323 32443544
4324 40029824
4325 22638208
4326 69598144
4327 18727258
4328 9383168
4329 28497920
4330 48108544
4331 19351376
4332 61457536
4333 22259356
4334 41816576
4335 39619328
4336 2358848
4337 18813908
4338 51325120
4339 18831262
4340 59035648
4341 29333612
4342 41301376
4343 19515776
4344 14758912
4345 27108736
4346 39500288
4347 31296568
4348 37845056
4349 18918152
4350 73443328
4351 20120704
4352 9856
4353 29495956
4354 45023776
4355 26837504
4356 56228480
4357 18987808
4358 38001776
4359 29577296
4360 12279808
4361 22000952
4362 59276896
4363 19040134
4364 38123968
4365 33468160
4366 39897088
4367 21173072
4368 4781056
4369 20422864
4370 54176768
4371 31422328
4372 38263808
4373 19127504
4374 51018352
4375 27187616
4376 9592256
4377 29821988
4378 42667744
4379 20015888
4380 77471744
4381 20959072
4382 45603776
4383 26142380
4384 605056
4385 24640256
4386 65335424
4387 19925992
4388 38544256
4389 41564656
4390 49449472
4391 19285274
4392 13319680
4393 20317396
4394 41584832
4395 38592512
4396 46043648
4397 19338008
4398 60258688
4399 19973536
4400 3224576
4401 26038916
4402 40666528
4403 25152512
4404 60505984
4405 24865408
4406 38843312
4407 33189184
4408 10659328
4409 19443692
4410 77327360
4411 21601336
4412 38966848
4413 30314396
4414 38984464
4415 24978368
4416 248192
4417 23130052
4418 39868048
4419 26573140
4420 58032128
4421 19549664
4422 68406464
4423 19567354
4424 11733632
4425 37290176
4426 39196672
4427 20828168
4428 53733632
4429 20292316
4430 50353664
4431 36324008
4432 2464256
4433 24508064
4434 61248544
4435 25205056
4436 39391744
4437 29543360
4438 46774912
4439 20743976
4440 20185088
4441 19726924
4442 39480512
4443 30727816
4444 44183552
4445 30174848
4446 61853440
4447 19780258
4448 622784
4449 30810836
4450 48200192
4451 19815854
4452 74418176
4453 20448736
4454 42612416
4455 37520000
4456 9945856
4457 19869308
4458 61912928
4459 24740272
4460 51152896
4461 30977212
4462 42139456
4463 19922834
4464 3498880
4465 27601792
4466 54217472
4467 31060568
4468 39961856
4469 20674208
4470 80109568
4471 21385672
4472 11151872
4473 32627320
4474 40051264
4475 24230944
4476 62497792
4477 22491392
4478 40122896
4479 31227616
4480 59392
4481 20083844
4482 54341408
4483 20101774
4484 43297408
4485 45667328
4486 40266352
4487 23868392
4488 18489856
4489 20451886
4490 51725312
4491 27445220
4492 40392128
4493 20191544
4494 75080768
4495 27736576
4496 2535808
4497 31479028
4498 44313088
4499 22470728
4500 66007040
4501 24017452
4502 40554032
4503 33810056
4504 10161088
4505 28227584
4506 63252448
4507 20317558
4508 48681088
4509 27328492
4510 59140096
4511 22219472
4512 1011584
4513 20371684
4514 42622976
4515 49213696
4516 40824704
4517 20407808
4518 55663520
4519 20425882
4520 13193216
4521 35471408
4522 54592384
4523 20462054
4524 71880704
4525 24773888
4526 42972608
4527 27886540
4528 2571968
4529 24316964
4530 82267136
4531 21610432
4532 45941632
4533 31984876
4534 41132464
4535 26353856
4536 16240000
4537 22475968
4538 41205056
4539 34547744
4540 53000192
4541 21912284
4542 64266496
4543 27528424
4544 163648
4545 36270080
4546 41350432
4547 20679758
4548 64521856
4549 20697952
4550 64202752
4551 33983488
4552 10378624
4553 21632576
4554 65327680
4555 26586688
4556 44923648
4557 38213336
4558 43395328
4559 21469064
4560 5476352
4561 20807284
4562 41641952
4563 29960240
4564 49618304
4565 29904512
4566 64947008
4567 20862058
4568 10451648
4569 32494756
4570 53582848
4571 24769712
4572 57228160
4573 22370656
4574 41861264
4575 39837952
4576 788992
4577 22050308
4578 77900032
4579 22279768
4580 53936128
4581 28555120
4582 44102272
4583 21008474
4584 16429952
4585 32097664
4586 42081152
4587 36510712
4588 44785664
4589 22993376
4590 76797952
4591 21081874
4592 3199744
4593 32836916
4594 42228064
4595 27055424
4596 65889152
4597 21137008
4598 48816544
4599 34477520
4600 13331456
4601 21890852
4602 72993536
4603 21192214
4604 42430528
4605 42361984
4606 49603744
4607 22703912
4608 3520
4609 23581588
4610 54523904
4611 34963712
4612 42578048
4613 25226636
4614 66318784
4615 30111232
4616 10672256
4617 30076388
4618 42670336
4619 22217888
4620 111419392
4621 21358264
4622 42744272
4623 35351848
4624 2829952
4625 26402816
4626 58351040
4627 25379872
4628 47174656
4629 33353516
4630 54997504
4631 23806976
4632 16774912
4633 22212016
4634 50990816
4635 37713280
4636 46255616
4637 21506408
4638 67010048
4639 21524962
4640 892928
4641 46017664
4642 47954848
4643 21562094
4644 59032192
4645 27647104
4646 45667328
4647 33613328
4648 12943744
4649 21617852
4650 83718656
4651 21636454
4652 43319488
4653 33282920
4654 47430784
4655 33567104
4656 4259584
4657 21692308
4658 46589312
4659 33787096
4660 55832576
4661 22392524
4662 71864320
4663 21748234
4664 12280832
4665 43471232
4666 43561792
4667 23780528
4668 67966976
4669 28019104
4670 55950848
4671 29321296
4672 172928
4673 21841604
4674 73759616
4675 31036544
4676 52075648
4677 34048588
4678 43786096
4679 21897722
4680 20725760
4681 22816276
4682 43860992
4683 40562648
4684 43917248
4685 28125056
4686 76750912
4687 22712848
4688 2756608
4689 29916040
4690 67677184
4691 22010174
4692 76443136
4693 25241488
4694 44086064
4695 44031232
4696 11045056
4697 29409248
4698 61040000
4699 22891264
4700 54336512
4701 34398812
4702 44236432
4703 22122914
4704 1230208
4705 28365568
4706 48493568
4707 30145940
4708 49560704
4709 23718464
4710 88911872
4711 26309032
4712 12150656
4713 34574596
4714 44462464
4715 30563072
4716 60874880
4717 22946368
4718 52853312
4719 41149024
4720 3627008
4721 22292564
4722 69457696
4723 22311454
4724 44670208
4725 42481984
4726 47954368
4727 23312048
4728 17475584
4729 22368172
4730 64971776
4731 37296952
4732 57090560
4733 22406024
4734 61101920
4735 28728256
4736 45056
4737 34927508
4738 47484448
4739 26622464
4740 90632192
4741 24949996
4742 44992112
4743 33676720
4744 11271808
4745 31818752
4746 83694464
4747 23266432
4748 45125056
4749 35104636
4750 57306112
4751 22576754
4752 4176512
4753 26108968
4754 45220064
4755 45161984
4756 48106496
4757 23309612
4758 77980672
4759 22652842
4760 18292736
4761 32121100
4762 45372352
4763 25181816
4764 70787584
4765 29093248
4766 45448592
4767 42027496
4768 715264
4769 24163028
4770 80650240
4771 24850672
4772 45582208
4773 37334528
4774 61802944
4775 27578848
4776 17831296
4777 24407152
4778 45677696
4779 30992500
4780 58738688
4781 27096092
4782 71232896
4783 22881874
4784 3261952
4785 52347904
4786 45830752
4787 22920158
4788 77989120
4789 22939312
4790 58860032
4791 35728112
4792 11500864
4793 22977644
4794 77891968
4795 35093248
4796 51421696
4797 34893760
4798 46060816
4799 23035202
4800 336896
4801 23054404
4802 52706768
4803 35907256
4804 46195328
4805 30506048
4806 62429504
4807 28358152
4808 11577728
4809 42769664
4810 66322432
4811 24755192
4812 72219392
4813 23169784
4814 48650624
4815 40684160
4816 3515264
4817 23208308
4818 81103232
4819 23922448
4820 59723776
4821 36176812
4822 46522672
4823 30564608
4824 16044160
4825 28157888
4826 49684448
4827 36266888
4828 50403584
4829 25883708
4830 115161088
4831 23343394
4832 734528
4833 31384228
4834 46754464
4835 29953856
4836 81937408
4837 27734092
4838 48851264
4839 36447376
4840 16357376
4841 24192212
4842 63916160
4843 24466576
4844 55873024
4845 52709888
4846 46986832
4847 24349952
4848 4616192
4849 25668736
4850 57200128
4851 40476040
4852 47122688
4853 24782636
4854 73392704
4855 30202048
4856 11809856
4857 36718948
4858 56031712
4859 24402296
4860 80623616
4861 23634184
4862 60752384
4863 36809696
4864 12224
4865 36121472
4866 73755808
4867 24659152
4868 47433856
4869 32254640
4870 60840448
4871 23731514
4872 22658048
4873 26356996
4874 47531264
4875 48305152
4876 50772992
4877 23790008
4878 64868320
4879 30797536
4880 3874816
4881 37082612
4882 47687392
4883 25329656
4884 84525056
4885 30576256
4886 56678528
4887 32087456
4888 13295104
4889 23907212
4890 95814656
4891 24631432
4892 47902528
4893 44273488
4894 47922064
4895 34355456
4896 1084160
4897 24701908
4898 50272544
4899 39664184
4900 66079744
4901 26822720
4902 81032896
4903 24044314
4904 12044288
4905 42211840
4906 53550688
4907 28542032
4908 75126016
4909 24103192
4910 61842944
4911 37539712
4912 3025856
4913 25557428
4914 83156224
4915 30952768
4916 48373504
4917 41932352
4918 48393136
4919 24201482
4920 24715264
4921 31195648
4922 51225056
4923 32973380
4924 48531008
4925 29334016
4926 75584768
4927 26500048
4928 248704
4929 39855424
4930 68755456
4931 24319694
4932 66556160
4933 24339424
4934 48708464
4935 58671872
4936 12201856
4937 24378908
4938 75953248
4939 27074968
4940 71974912
4941 33110000
4942 57983296
4943 24438194
4944 4799872
4945 33576832
4946 48945632
4947 40998496
4948 49005056
4949 28294784
4950 88675840
4951 24517354
4952 12281024
4953 41880608
4954 49104064
4955 31458368
4956 92035328
4957 24576808
4958 51341312
4959 36641440
4960 1017856
4961 27539176
4962 76692896
4963 29196736
4964 53261824
4965 49232512
4966 53984128
4967 24676058
4968 17267072
4969 24695932
4970 75932672
4971 38462312
4972 55246592
4973 24735704
4974 77064064
4975 29931104
4976 3105088
4977 40334360
4978 52850464
4979 27061616
4980 99979264
4981 26532352
4982 51735296
4983 43061704
4984 14870272
4985 31840256
4986 67767040
4987 24875158
4988 52850176
4989 38741276
4990 63872512
4991 31939208
4992 82432
4993 24935044
4994 55484576
4995 43884544
4996 49960064
4997 26523788
4998 94726016
4999 24995002
5000 15000064
5001 38927812
5002 52188928
5003 25035014
5004 68506240
5005 45761536
5006 50140112
5007 39021248
5008 3145088
5009 25095092
5010 100559872
5011 25115134
5012 59804032
5013 34188880
5014 53148544
5015 34909952
5016 22932224
5017 26250688
5018 55117568
5019 46577944
5020 64772096
5021 25215464
5022 69580000
5023 25235554
5024 793856
5025 47986624
5026 59968288
5027 28047272
5028 78839936
5029 26097964
5030 64899584
5031 38334560
5032 13877248
5033 30025556
5034 78933344
5035 35009536
5036 50762944
5037 41913424
5038 56464384
5039 25396562
5040 6533120
5041 25769594
5042 50863712
5043 40525576
5044 55983104
5045 32610944
5046 81947264
5047 29420644
5048 12761408
5049 40198928
5050 61988864
5051 25517654
5052 79593472
5053 26573596
5054 63652448
5055 51030784
5056 202304
5057 27915008
5058 69734720
5059 25598542
5060 76017664
5061 47359088
5062 51267952
5063 26389616
5064 20040832
5065 32869888
5066 55075328
5067 34928740
5068 61144064
5069 26622464
5070 110243840
5071 28539856
5072 3225856
5073 42848176
5074 53668384
5075 38033152
5076 70377344
5077 25781008
5078 51592496
5079 40151216
5080 16648192
5081 25821644
5082 103767104
5083 31396288
5084 54836992
5085 45351680
5086 51755152
5087 25882658
5088 1283072
5089 30696964
5090 66455552
5091 40341112
5092 55716992
5093 28787756
5094 70729120
5095 33260224
5096 16168448
5097 40436228
5098 51999616
5099 26004902
5100 103763968
5101 26025304
5102 52081232
5103 41098220
5104 3739136
5105 33390848
5106 87363584
5107 26086558
5108 52224256
5109 44549344
5110 80238592
5111 27745424
5112 18001280
5113 26147884
5114 52326464
5115 59671808
5116 52387904
5117 33834416
5118 81587968
5119 26209282
5120 1024
5121 35676520
5122 57419776
5123 27077936
5124 98323456
5125 32328448
5126 58449728
5127 40913488
5128 13168768
5129 27674516
5130 95249408
5131 31205392
5132 52715968
5133 43240736
5134 56558656
5135 37223936
5136 5177984
5137 29286772
5138 62666912
5139 35927540
5140 67899392
5141 27230912
5142 82354496
5143 27402496
5144 13251008
5145 60237184
5146 55457248
5147 26496758
5148 86789120
5149 28158748
5150 64455424
5151 44430848
5152 1028224
5153 26558564
5154 82739104
5155 34047808
5156 53209984
5157 35720476
5158 53230576
5159 35424776
5160 27152384
5161 29073472
5162 55891712
5163 41489896
5164 53375168
5165 34179968
5166 87992960
5167 26703058
5168 3764992
5169 41586356
5170 77458432
5171 26744414
5172 83414912
5173 31717996
5174 58588544
5175 45826880
5176 13416256
5177 27889652
5178 83511008
5179 26827222
5180 83623936
5181 46539808
5182 53726992
5183 27636056
5184 280000
5185 37295104
5186 53809952
5187 57073856
5188 53872256
5189 26930912
5190 107892736
5191 28097584
5192 15188096
5193 36685880
5194 62916352
5195 34577984
5196 84189952
5197 27014008
5198 57101888
5199 42070336
5200 4427776
5201 32062052
5202 77823680
5203 30254756
5204 54204928
5205 54099584
5206 57782848
5207 28028792
5208 25828096
5209 27138892
5210 69622784
5211 36470456
5212 54371648
5213 29661536
5214 94880576
5215 41485312
5216 855488
5217 44509696
5218 54475936
5219 29123864
5220 98222080
5221 28673932
5222 64729856
5223 42459536
5224 13666048
5225 38493376
5226 93931264
5227 27326758
5228 54705856
5229 44494120
5230 70157824
5231 27368594
5232 5372416
5233 27389524
5234 54810464
5235 54724096
5236 76600832
5237 27431408
5238 74086336
5239 30575440
5240 17709056
5241 42752612
5242 54978112
5243 31738268
5244 94809344
5245 35246464
5246 57335168
5247 42215360
5248 55168
5249 28727168
5250 121812992
5251 28378504
5252 60669952
5253 46198768
5254 57604096
5255 35380928
5256 19022080
5257 32755732
5258 61492064
5259 43046696
5260 71100416
5261 27683384
5262 86240896
5263 29417056
5264 4190848
5265 51520000
5266 55482592
5267 29180288
5268 86536576
5269 30809548
5270 78374912
5271 51362248
5272 13918144
5273 27809804
5274 75806720
5275 33639968
5276 55714624
5277 43341788
5278 74447872
5279 27873122
5280 1921024
5281 27894244
5282 59475872
5283 37967380
5284 55883648
5285 42602624
5286 87028928
5287 29886472
5288 14002688
5289 45713584
5290 74754560
5291 34715648
5292 85587328
5293 28815676
5294 56074064
5295 55983872
5296 3516608
5297 28063508
5298 87424288
5299 33280864
5300 68919296
5301 41767880
5302 62523328
5303 28127114
5304 25389056
5305 36057088
5306 66826208
5307 46195072
5308 56392256
5309 28190792
5310 99742720
5311 29092072
5312 223168
5313 60279632
5314 56498464
5315 36193088
5316 88118912
5317 30855328
5318 56583536
5319 37993792
5320 22687744
5321 30271472
5322 88217696
5323 28339654
5324 61843648
5325 53840192
5326 56753872
5327 33633272
5328 4956160
5329 28787260
5330 81207296
5331 44233112
5332 60244352
5333 28446224
5334 105611968
5335 40770304
5336 15458816
5337 38746840
5338 61126912
5339 30271208
5340 114860032
5341 32930032
5342 57095312
5343 48707008
5344 897856
5345 36602624
5346 84402848
5347 28595758
5348 68066944
5349 44532236
5350 69532928
5351 28638554
5352 22379392
5353 29510656
5354 57352064
5355 62881280
5356 63084032
5357 31846172
5358 96606272
5359 30206296
5360 4667392
5361 44732212
5362 68242336
5363 29923376
5364 78679040
5365 39288832
5366 57609392
5367 44832368
5368 16225792
5369 37800224
5370 115483648
5371 29814856
5372 62309632
5373 38767148
5374 57781264
5375 35516288
5376 25984
5377 30702868
5378 57867296
5379 50152984
5380 74375168
5381 28960544
5382 89703680
5383 34343656
5384 14515328
5385 57900416
5386 58039552
5387 29025158
5388 90519296
5389 31048864
5390 94198784
5391 39534220
5392 3645056
5393 29089844
5394 97078016
5395 41062912
5396 62513536
5397 53842096
5398 58298416
5399 29154602
5400 23438336
5401 32370916
5402 60870656
5403 45435656
5404 69496064
5405 40029824
5406 98796544
5407 29241058
5408 984320
5409 39798440
5410 75065344
5411 34701632
5412 103495168
5413 29305984
5414 58644464
5415 61457536
5416 14688256
5417 29349308
5418 96669760
5419 29370982
5420 75483136
5421 50134112
5422 58817872
5423 35989184
5424 5772032
5425 43354304
5426 58904672
5427 39882500
5428 62792576
5429 30317408
5430 118071296
5431 29501194
5432 17646848
5433 45941476
5434 75348736
5435 37845056
5436 80798080
5437 29566408
5438 59165456
5439 54129152
5440 315392
5441 29609924
5442 92238496
5443 29631694
5444 59317888
5445 56228480
5446 70394368
5447 32380688
5448 23187584
5449 29697052
5450 72143872
5451 49033432
5452 63007232
5453 38196944
5454 80288768
5455 38123968
5456 4262272
5457 49838096
5458 59601376
5459 30684896
5460 152993792
5461 30792652
5462 59688752
5463 40596380
5464 14949568
5465 38263808
5466 93053408
5467 39746008
5468 59841856
5469 46552156
5470 76738048
5471 29937314
5472 1344640
5473 32690176
5474 79173248
5475 56893312
5476 61594112
5477 30003008
5478 104665792
5479 30024922
5480 19361792
5481 49261024
5482 60126592
5483 30068774
5484 93769984
5485 38544256
5486 65848448
5487 49290472
5488 4302656
5489 33433268
5490 106557440
5491 33782552
5492 60368128
5493 46961516
5494 62863936
5495 46043648
5496 23597056
5497 31778548
5498 60478016
5499 45701920
5500 80408576
5501 30266504
5502 112341824
5503 30288514
5504 60608
5505 60505984
5506 60654112
5507 30332558
5508 86240000
5509 35969164
5510 85274624
5511 52636808
5512 16863232
5513 31471616
5514 94693984
5515 38966848
5516 72398848
5517 41402240
5518 63711424
5519 30464882
5520 7942144
5521 30486964
5522 67808288
5523 56380408
5524 61073408
5525 42617344
5526 83211040
5527 30553258
5528 15301568
5529 50848784
5530 93869056
5531 30597494
5532 95416832
5533 33970876
5534 61272464
5535 53733632
5536 963328
5537 35379464
5538 105389312
5539 31979728
5540 78856192
5541 47785612
5542 65872576
5543 32311496
5544 27357440
5545 39391744
5546 63982688
5547 48976340
5548 66058496
5549 32028668
5550 118587392
5551 40382848
5552 3864256
5553 41943880
5554 61716064
5555 44183552
5556 96245632
5557 30885808
5558 73315712
5559 51709504
5560 19929088
5561 31787492
5562 83483488
5563 30952534
5564 68053504
5565 74418176
5566 70796768
5567 32907008
5568 390656
5569 31019332
5570 79566848
5571 42216020
5572 73872512
5573 31063904
5574 96764864
5575 37565408
5576 16991744
5577 57705760
5578 62250496
5579 36888464
5580 111964160
5581 31153144
5582 62339792
5583 48512576
5584 3908864
5585 39961856
5586 117484864
5587 32319232
5588 69714304
5589 43618636
5590 89214976
5591 31264874
5592 24426752
5593 40336912
5594 62608064
5595 62497792
5596 62675264
5597 32651168
5598 85389920
5599 34785328
5600 1395712
5601 48825812
5602 62787232
5603 34259696
5604 97913984
5605 43297408
5606 62876912
5607 51116560
5608 15747328
5609 32330708
5610 147918848
5611 32746336
5612 67082752
5613 49035196
5614 74798656
5615 40392128
5616 5734912
5617 32597392
5618 64314880
5619 49140056
5620 81145856
5621 41999888
5622 98437696
5623 31623754
5624 17211392
5625 51562720
5626 66327808
5627 33847352
5628 118435072
5629 34578016
5630 81288704
5631 49350112
5632 4288
5633 32754836
5634 86489920
5635 48681088
5636 63574144
5637 49455308
5638 63596656
5639 31803962
5640 32370688
5641 31826524
5642 84863744
5643 49857112
5644 68735744
5645 40824704
5646 99279488
5647 31894258
5648 3998848
5649 58977184
5650 77510144
5651 31939454
5652 87324160
5653 31962064
5654 71082176
5655 71880704
5656 19124224
5657 32007308
5658 106970752
5659 32029942
5660 82302976
5661 47703040
5662 68307712
5663 38006936
5664 1586816
5665 45941632
5666 64229792
5667 49982968
5668 70608896
5669 32143232
5670 129920000
5671 33102112
5672 16108544
5673 52658144
5674 64411264
5675 38922016
5676 113700608
5677 38194972
5678 69134912
5679 43867340
5680 5236736
5681 38939552
5682 100548896
5683 32302174
5684 76624384
5685 64521856
5686 64683952
5687 36069292
5688 22253440
5689 32370412
5690 83028992
5691 59855768
5692 64843328
5693 32415944
5694 111365632
5695 44923648
5696 256384
5697 43570916
5698 87543808
5699 33552488
5700 128694272
5701 32507104
5702 65048432
5703 50619856
5704 17621632
5705 49618304
5706 88711040
5707 35541808
5708 65208256
5709 56475104
5710 83613184
5711 32621234
5712 8003072
5713 34014976
5714 65322464
5715 57228160
5716 65391104
5717 32689808
5718 101826368
5719 41963464
5720 25247744
5721 50939812
5722 65505472
5723 33677336
5724 89265152
5725 39609344
5726 77809088
5727 54090344
5728 1031104
5729 35083664
5730 131439616
5731 36443176
5732 65757568
5733 55579040
5734 68354176
5735 44785664
5736 25698176
5737 32918908
5738 70147424
5739 51260776
5740 102391808
5741 32964824
5742 102826240
5743 32987794
5744 4135744
5745 65889152
5746 75792640
5747 39142112
5748 103005056
5749 33056752
5750 83108864
5751 44747500
5752 16565824
5753 36723236
5754 122826368
5755 42430528
5756 66309184
5757 55105792
5758 66332176
5759 36191696
5760 112640
5761 39332932
5762 69062816
5763 55555808
5764 74156672
5765 42578048
5766 106771168
5767 34164088
5768 19885184
5769 45267640
5770 85378048
5771 34707344
5772 116064256
5773 35042716
5774 66701264
5775 81823616
5776 4389824
5777 34345088
5778 90059936
5779 33402622
5780 90558464
5781 54499088
5782 77810656
5783 33448874
5784 26129152
5785 47174656
5786 74433248
5787 45550340
5788 67048256
5789 39715964
5790 134199296
5791 33541474
5792 1054208
5793 52229716
5794 67164064
5795 46255616
5796 113104640
5797 41024368
5798 73532288
5799 52337936
5800 20983808
5801 33657404
5802 104838496
5803 39908176
5804 67419328
5805 59032192
5806 67442512
5807 33727058
5808 7156352
5809 34929664
5810 103549952
5811 57578752
5812 67605248
5813 33796784
5814 103537280
5815 43319488
5816 16936256
5817 62530496
5818 67721536
5819 39129340
5820 136306688
5821 33889864
5822 70532288
5823 46118380
5824 341504
5825 41002048
5826 105707168
5827 33959758
5828 71822464
5829 55644064
5830 98246656
5831 41413064
5832 22674880
5833 36121156
5834 68094464
5835 67966976
5836 68164544
5837 37177568
5838 126425152
5839 34099762
5840 5533696
5841 52209080
5842 72055456
5843 34146494
5844 106470784
5845 52075648
5846 71211008
5847 53207728
5848 18667264
5849 34216652
5850 121763840
5851 34240054
5852 95004928
5853 53316956
5854 68562064
5855 43917248
5856 1695232
5857 34310308
5858 71880704
5859 56153048
5860 88211456
5861 34357184
5862 107016896
5863 42506944
5864 17216768
5865 76443136
5866 81655648
5867 34427558
5868 94103680
5869 34451032
5870 88360448
5871 57298472
5872 4321856
5873 40876196
5874 120244096
5875 42342016
5876 75860992
5877 46977040
5878 69125296
5879 34568522
5880 39366656
5881 34592044
5882 74176256
5883 56455168
5884 69290048
5885 49560704
5886 93441664
5887 42436976
5888 17728
5889 59129504
5890 97205248
5891 35811752
5892 108225152
5893 35665036
5894 82436096
5895 60874880
5896 19544704
5897 34780508
5898 108334688
5899 37193464
5900 85234688
5901 64346128
5902 76187776
5903 34851314
5904 6068480
5905 44670208
5906 69785312
5907 60448472
5908 83026304
5909 37066988
5910 139804672
5911 36734632
5912 17499584
5913 47285000
5914 69974464
5915 57090560
5916 120322048
5917 35978272
5918 77861504
5919 54525856
5920 1441792
5921 36453956
5922 115248320
5923 35087854
5924 70235008
5925 66558016
5926 70258672
5927 35135258
5928 31489024
5929 43864604
5930 90174464
5931 47843620
5932 70424768
5933 37622816
5934 117518912
5935 45125056
5936 5315584
5937 54857908
5938 70543456
5939 35277662
5940 133648384
5941 38512672
5942 70638512
5943 65263688
5944 17689408
5945 48106496
5946 110104288
5947 37544488
5948 70805056
5949 48134240
5950 107469824
5951 39292016
5952 445312
5953 35444164
5954 77533184
5955 70787584
5956 70995584
5957 45241856
5958 96706720
5959 36496768
5960 22888448
5961 55302212
5962 79021408
5963 36518696
5964 132882176
5965 45582208
5966 75813248
5967 55198528
5968 4464128
5969 36710564
5970 142650368
5971 42250912
5972 71377408
5973 61802944
5974 74740864
5975 43136224
5976 24548480
5977 36861028
5978 83126912
5979 55636616
5980 104382464
5981 35778344
5982 111440896
5983 37219336
5984 1320704
5985 77989120
5986 74531968
5987 35850158
5988 111776896
5989 36899776
5990 92006912
5991 55860112
5992 21451648
5993 39189056
5994 98560000
5995 51421696
5996 71952064
5997 55972028
5998 71976016
5999 42647864
6000 8400896
6001 38488912
6002 72072032
6003 53139680
6004 77280128
6005 46195328
6006 160165376
6007 36090058
6008 18072128
6009 56196196
6010 92621824
6011 36138134
6012 98764160
6013 42847036
6014 75607616
6015 72219392
6016 72256
6017 40167572
6018 122184832
6019 39529456
6020 112488448
6021 48655196
6022 72553072
6023 38508656
6024 28337792
6025 43859648
6026 76647008
6027 66277456
6028 81077504
6029 36354872
6030 128353280
6031 37641472
6032 5134336
6033 56645876
6034 86394016
6035 50403584
6036 113574272
6037 36451408
6038 72939056
6039 55776160
6040 23504896
6041 43246772
6042 122533376
6043 36523894
6044 73108288
6045 81937408
6046 73132432
6047 36572258
6048 1807744
6049 38466436
6050 96099584
6051 56984312
6052 78966272
6053 36644864
6054 114138304
6055 55873024
6056 18361856
6057 49896440
6058 80259328
6059 37687496
6060 147718144
6061 44635936
6062 87196736
6063 59873128
6064 4608704
6065 47122688
6066 100239040
6067 36814558
6068 77676544
6069 71810032
6070 94478848
6071 40214672
6072 33257728
6073 36887404
6074 73811264
6075 59207968
6076 87344768
6077 37948988
6078 115044608
6079 36960322
6080 391168
6081 57550612
6082 74005792
6083 49134584
6084 108275200
6085 47433856
6086 79395008
6087 57664208
6088 18556288
6089 37082012
6090 181264384
6091 37106374
6092 74273728
6093 50490880
6094 82552576
6095 50772992
6096 7283584
6097 48642976
6098 74395616
6099 61812184
6100 91058176
6101 37228304
6102 100392128
6103 39806536
6104 22257152
6105 84525056
6106 77487328
6107 38773952
6108 116297216
6109 38534848
6110 106360832
6111 60661040
6112 1173568
6113 37374884
6114 116410784
6115 47902528
6116 83453056
6117 58233868
6118 98195392
6119 39008048
6120 34693120
6121 37472764
6122 74982272
6123 63905408
6124 75055808
6125 51492992
6126 116867968
6127 41648272
6128 4706368
6129 50412292
6130 96354304
6131 37595294
6132 140417536
6133 37619824
6134 75276464
6135 75126016
6136 20855296
6137 42252056
6138 117212480
6139 44660464
6140 96827392
6141 62141072
6142 78555136
6143 37742594
6144 448
6145 48373504
6146 89627168
6147 51389140
6148 79917056
6149 46698464
6150 145202176
6151 37840954
6152 18948224
6153 69948928
6154 81174016
6155 48531008
6156 106960000
6157 39049852
6158 75866576
6159 59036096
6160 7958528
6161 38990336
6162 130283776
6163 37988734
6164 80804224
6165 66556160
6166 76063792
6167 45068552
6168 29705984
6169 39563188
6170 97614848
6171 68879888
6172 76236608
6173 38112104
6174 118323040
6175 52856576
6176 1198208
6177 62431712
6178 76360096
6179 39505664
6180 153595904
6181 45273292
6182 84949568
6183 51302528
6184 19145728
6185 49005056
6186 119167328
6187 40238128
6188 105183232
6189 59612476
6190 98248192
6191 39572696
6192 6666880
6193 42549556
6194 81699104
6195 92035328
6196 76830464
6197 38409008
6198 119629888
6199 38433802
6200 23919616
6201 57967360
6202 91266016
6203 38483414
6204 135552256
6205 53261824
6206 80628608
6207 59959648
6208 304256
6209 45684164
6210 138136576
6211 38582734
6212 77227648
6213 64133216
6214 84436864
6215 55246592
6216 36585472
6217 38657308
6218 77351936
6219 52599140
6220 99362816
6221 38707064
6222 130532864
6223 44644468
6224 4854784
6225 73422272
6226 86160928
6227 42305648
6228 105966080
6229 38806672
6230 118962176
6231 63429128
6232 21074176
6233 40837556
6234 121022944
6235 52850176
6236 77825344
6237 68005000
6238 77850256
6239 41597864
6240 2637824
6241 39443122
6242 77950112
6243 60657016
6244 92714624
6245 49960064
6246 106267040
6247 39031258
6248 21928832
6249 60773636
6250 93750016
6251 50028248
6252 121839872
6253 43310080
6254 81154304
6255 68506240
6256 5460224
6257 39156308
6258 145198592
6259 43460488
6260 100642816
6261 61007212
6262 81937408
6263 39231434
6264 27178496
6265 59804032
6266 85852928
6267 61124168
6268 78625856
6269 39306632
6270 183457792
6271 39331714
6272 87872
6273 58409120
6274 78751264
6275 47567008
6276 122776192
6277 39407008
6278 81881408
6279 82772032
6280 25403392
6281 43766276
6282 107493760
6283 40541776
6284 79027648
6285 78839936
6286 93752128
6287 39532658
6288 7747712
6289 41979508
6290 111017984
6291 53106376
6292 94054912
6293 50272544
6294 123362624
6295 50762944
6296 19845056
6297 61710628
6298 82335712
6299 39683702
6300 153528320
6301 39708904
6302 83800256
6303 68800424
6304 1248256
6305 55983104
6306 123833248
6307 51162496
6308 85250176
6309 54131440
6310 102091264
6311 39835034
6312 31106432
6313 40938436
6314 107191424
6315 79593472
6316 79834304
6317 39910808
6318 115896448
6319 40973368
6320 6473728
6321 72812936
6322 83656192
6323 39986654
6324 137156096
6325 55825472
6326 80061872
6327 59164160
6328 23912704
6329 40062572
6330 160326656
6331 43729072
6332 80239168
6333 62418076
6334 80264464
6335 61144064
6336 471680
6337 40163908
6338 80365856
6339 62536376
6340 103227392
6341 42967232
6342 149109184
6343 40239994
6344 22280192
6345 70377344
6346 85745248
6347 44690072
6348 130820480
6349 47766364
6350 97808128
6351 65972032
6352 5056256
6353 40366964
6354 109968320
6355 54836992
6356 96062848
6357 68866784
6358 94803392
6359 40443242
6360 41058304
6361 40468684
6362 80975552
6363 65739520
6364 85336064
6365 55716992
6366 126199808
6367 40545058
6368 1273664
6369 70244944
6370 129347584
6371 42662432
6372 110397056
6373 40621504
6374 81281264
6375 80858624
6376 20352256
6377 48188372
6378 126675808
6379 40698022
6380 119652352
6381 55373120
6382 81485392
6383 44449616
6384 9925888
6385 52224256
6386 85197728
6387 63486808
6388 81664256
6389 40825712
6390 144010240
6391 54201928
6392 22254848
6393 63606116
6394 86255584
6395 52387904
6396 142112768
6397 40928008
6398 97118912
6399 55317500
6400 24064
6401 42386432
6402 142696064
6403 43512856
6404 82073728
6405 98323456
6406 82099312
6407 42334688
6408 28202240
6409 49417984
6410 105350144
6411 63964712
6412 97759232
6413 45749536
6414 128109184
6415 52715968
6416 5158528
6417 60574360
6418 82407136
6419 47489324
6420 165695488
6421 41235664
6422 94002560
6423 64204336
6424 23172352
6425 49863616
6426 139196288
6427 41312758
6428 82689856
6429 64324316
6430 106008064
6431 42475664
6432 2041984
6433 49037956
6434 82818464
6435 86789120
6436 82895744
6437 42768992
6438 137510912
6439 42694264
6440 32903168
6441 68903632
6442 83024512
6443 44358776
6444 113421440
6445 53209984
6446 92346368
6447 76781096
6448 5852672
6449 41596052
6450 159520256
6451 41621854
6452 83308288
6453 55870588
6454 98824576
6455 53375168
6456 32539136
6457 46251172
6458 83437376
6459 64925896
6460 120479744
6461 54576608
6462 113732960
6463 43901176
6464 329728
6465 83414912
6466 86699008
6467 43559888
6468 164847872
6469 41854432
6470 107330048
6471 56945020
6472 20969344
6473 41906204
6474 143720192
6475 61411328
6476 83929024
6477 70104496
6478 87193024
6479 50880872
6480 8960000
6481 42009844
6482 99682976
6483 65409176
6484 84136448
6485 53872256
6486 140104384
6487 45908368
6488 21073088
6489 68355320
6490 121504768
6491 42139574
6492 131364352
6493 43474876
6494 90364736
6495 84189952
6496 1618432
6497 43296848
6498 120720160
6499 43337464
6500 110411776
6501 73179008
6502 84578032
6503 50110376
6504 33023872
6505 54204928
6506 84682112
6507 56807576
6508 84760256
6509 44527196
6510 206624768
6511 45298792
6512 6037504
6513 72277408
6514 84890464
6515 54371648
6516 115962880
6517 51362956
6518 84994736
6519 69125504
6520 27375616
6521 42529964
6522 132457696
6523 47200696
6524 101196544
6525 72131840
6526 93109888
6527 43735472
6528 137984
6529 42634372
6530 109328384
6531 78791608
6532 90660992
6533 43945196
6534 124469408
6535 54705856
6536 23152256
6537 66503108
6538 101410912
6539 46646576
6540 171917312
6541 44465596
6542 85621712
6543 58218380
6544 5366144
6545 76600832
6546 133433888
6547 42869758
6548 85805056
6549 69819904
6550 104040704
6551 42922154
6552 37565440
6553 42948364
6554 89878784
6555 94809344
6556 95845376
6557 44089628
6558 133923328
6559 50976664
6560 1765376
6561 57395630
6562 92262016
6563 43079534
6564 134291584
6565 60669952
6566 100130144
6567 74668552
6568 21595648
6569 43158332
6570 152176640
6571 43184614
6572 91098112
6573 79806608
6574 91997824
6575 52214368
6576 8470784
6577 43263508
6578 109275392
6579 64168720
6580 134107136
6581 43316144
6582 134904896
6583 45132976
6584 21700928
6585 86536576
6586 90247168
6587 51412592
6588 117939712
6589 48159868
6590 111345152
6591 72773456
6592 342848
6593 46129556
6594 161152768
6595 55714624
6596 93710848
6597 59182640
6598 87093616
6599 43553402
6600 45144064
6601 55395568
6602 87199232
6603 71166424
6604 95727104
6605 55883648
6606 118851040
6607 43659058
6608 6573952
6609 67975796
6610 112021504
6611 48481736
6612 149230592
6613 46727296
6614 87516464
6615 85587328
6616 21912256
6617 47764928
6618 136383968
6619 43817782
6620 112531456
6621 68222812
6622 117761344
6623 45368576
6624 1950080
6625 53705728
6626 87834272
6627 69769084
6628 87913856
6629 52069964
6630 203112448
6631 46662064
6632 22018304
6633 67184920
6634 91909216
6635 56392256
6636 164270848
6637 44056408
6638 88152656
6639 68594176
6640 7141376
6641 45929984
6642 120680000
6643 57671488
6644 98426752
6645 88118912
6646 88365232
6647 48993544
6648 34499584
6649 45377728
6650 133290496
6651 60154820
6652 88551488
6653 44269064
6654 137871104
6655 61843648
6656 5888
6657 81856096
6658 88684576
6659 44348942
6660 158597120
6661 44375584
6662 88791152
6663 69090896
6664 27064576
6665 60244352
6666 154642432
6667 45635128
6668 88977856
6669 68460512
6670 123670528
6671 52731512
6672 8718976
6673 44535604
6674 92379296
6675 84350336
6676 89191424
6677 49453772
6678 146178560
6679 44615722
6680 28731392
6681 74571728
6682 97605376
6683 46089416
6684 139241984
6685 68066944
6686 89431952
6687 60807340
6688 1638016
6689 44749412
6690 179035136
6691 44776174
6692 106463872
6693 73744048
6694 89646064
6695 63084032
6696 30980992
6697 46385152
6698 96115712
6699 94880576
6700 109683712
6701 44910104
6702 139866496
6703 44936914
6704 5631424
6705 78679040
6706 106683808
6707 47736248
6708 156126208
6709 45017392
6710 129806336
6711 70089712
6712 22552384
6713 51921368
6714 122763520
6715 62309632
6716 95802112
6717 70215068
6718 90289936
6719 45151682
6720 831488
6721 55673248
6722 90397472
6723 61022500
6724 92629888
6725 54619264
6726 151540928
6727 55292212
6728 23413504
6729 70466116
6730 116122624
6731 46562912
6732 145277440
6733 45340024
6734 120209408
6735 90519296
6736 5685248
6737 45393908
6738 141372448
6739 47723776
6740 116641792
6741 73740040
6742 90936112
6743 50435456
6744 35501312
6745 62513536
6746 91044032
6747 77547904
6748 108249344
6749 48666464
6750 146115584
6751 46986352
6752 1431488
6753 70969556
6754 101366176
6755 69496064
6756 142255232
6757 47544928
6758 95360384
6759 62122940
6760 31498240
6761 45717884
6762 170383808
6763 45744934
6764 97938688
6765 103495168
6766 98072128
6767 46965632
6768 7948160
6769 54291364
6770 117506048
6771 74590208
6772 91774208
6773 50041376
6774 142886464
6775 55432928
6776 29647744
6777 61609396
6778 91909696
6779 45961622
6780 184705024
6781 45988744
6782 92018192
6783 95536672
6784 91648
6785 62792576
6786 141194240
6787 51095272
6788 92208256
6789 75202064
6790 141174784
6791 46124474
6792 36007552
6793 46151644
6794 95790944
6795 80798080
6796 92425664
6797 54741212
6798 160795712
6799 50425936
6800 7411712
6801 71981812
6802 98470432
6803 46287614
6804 146130304
6805 59317888
6806 96185408
6807 72108848
6808 24961024
6809 51426788
6810 185500672
6811 53442652
6812 101827072
6813 63118880
6814 92888464
6815 63007232
6816 2291072
6817 49650832
6818 110273312
6819 72363256
6820 136392704
6821 49370444
6822 126739360
6823 46560154
6824 23310848
6825 112354816
6826 93215872
6827 46614758
6828 145300736
6829 46642072
6830 119596544
6831 72305864
6832 7023104
6833 46696724
6834 157232768
6835 59841856
6836 93516544
6837 75941824
6838 102206848
6839 55419464
6840 43028480
6841 46806124
6842 104020448
6843 72873416
6844 98835968
6845 61594112
6846 173664064
6847 48371992
6848 369856
6849 63787240
6850 113750528
6851 56331968
6852 146323072
6853 62269264
6854 99064064
6855 93769984
6856 23529856
6857 47025308
6858 126682336
6859 49521982
6860 137684992
6861 73257212
6862 97617856
6863 47107634
6864 11045888
6865 60368128
6866 94311392
6867 76508960
6868 101556224
6869 47190032
6870 188776448
6871 47217514
6872 23639744
6873 77178976
6874 112090336
6875 62812768
6876 129092480
6877 53729840
6878 100676864
6879 73642016
6880 1939456
6881 56101892
6882 156749824
6883 47382574
6884 94834048
6885 86240000
6886 105360448
6887 48623912
6888 44796416
6889 48030110
6890 134905856
6891 73899112
6892 95054528
6893 48753056
6894 129425120
6895 72398848
6896 5958208
6897 85428952
6898 95192416
6899 47603102
6900 186640384
6901 48834412
6902 124619264
6903 71690080
6904 23860288
6905 61073408
6906 148506848
6907 47713558
6908 106376704
6909 86806552
6910 122412544
6911 47768834
6912 31168
6913 49654276
6914 95634464
6915 95416832
6916 130454528
6917 47851808
6918 149023168
6919 58110976
6920 30826496
6921 65134520
6922 95855872
6923 60858008
6924 149411584
6925 57910016
6926 95966672
6927 74673088
6928 6013568
6929 53030240
6930 218859520
6931 50019664
6932 96160768
6933 74802476
6934 96188464
6935 66058496
6936 39619328
6937 57018292
6938 96299456
6939 64583992
6940 123656192
6941 53438396
6942 165111296
6943 49530016
6944 1844864
6945 96245632
6946 101732128
6947 48267758
6948 131802880
6949 48295552
6950 117083392
6951 89233928
6952 27108736
6953 51649136
6954 161894656
6955 68053504
6956 101736448
6957 65813440
6958 112344352
6959 48434642
6960 12500992
6961 48462484
6962 98581936
6963 83920984
6964 97050368
6965 73872512
6966 132580000
6967 48546058
6968 26837504
6969 79917824
6970 135933952
6971 48601814
6972 181212416
6973 51592156
6974 108066176
6975 82223680
6976 383744
6977 48685508
6978 151618208
6979 57710464
6980 125083648
6981 83003872
6982 97524592
6983 48769274
6984 33468160
6985 69714304
6986 115768928
6987 81531296
6988 97720256
6989 50858528
6990 195414016
6991 48881074
6992 6772096
6993 79540736
6994 106914304
6995 62675264
6996 171931648
6997 48965008
6998 97972016
6999 76233136
7000 34803712
7001 49021004
7002 133506560
7003 50470816
7004 105597184
7005 97913984
7006 102453568
7007 67705376
7008 2420992
7009 50634196
7010 125978624
7011 72442480
7012 98392448
7013 49189184
7014 182264768
7015 67082752
7016 24640256
7017 76625668
7018 111434624
7019 49273382
7020 183517184
7021 63274288
7022 98645072
7023 76756736
7024 6181184
7025 59591488
7026 153710368
7027 49385758
7028 117399424
7029 75380360
7030 137691136
7031 50651864
7032 38592512
7033 53953216
7034 98982464
7035 118435072
7036 99066944
7037 51447452
7038 150156160
7039 49554562
7040 137216
7041 77150612
7042 117630496
7043 49610894
7044 154630784
7045 63574144
7046 108507008
7047 68656048
7048 24865408
7049 63454784
7050 190177792
7051 55144216
7052 104488192
7053 77413756
7054 99546064
7055 68735744
7056 9665920
7057 49808308
7058 99658976
7059 84863744
7060 127963136
7061 52385132
7062 173462464
7063 59107336
7064 24978368
7065 87324160
7066 99884992
7067 51636992
7068 170109184
7069 49977832
7070 152993792
7071 77809312
7072 1813504
7073 55488596
7074 134754848
7075 60441248
7076 105588736
7077 92493296
7078 100224496
7079 50119322
7080 50778112
7081 51381232
7082 100337792
7083 68217380
7084 137782016
7085 70608896
7086 156345728
7087 53290528
7088 6294208
7089 83920144
7090 128868352
7091 59576672
7092 137308160
7093 51899296
7094 100678064
7095 113700608
7096 25205056
7097 51830132
7098 199816960
7099 52355968
7100 123063296
7101 67628716
7102 104432896
7103 50459714
7104 630784
7105 76624384
7106 126127232
7107 83097784
7108 101104256
7109 50544992
7110 178027520
7111 55155472
7112 30174848
7113 78736196
7114 101246464
7115 64843328
7116 157805312
7117 56180572
7118 101360336
7119 82199920
7120 8204288
7121 50715764
7122 157937696
7123 54202456
7124 111330304
7125 100285696
7126 120450688
7127 50801258
7128 37520000
7129 50829772
7130 140973056
7131 79135112
7132 101787968
7133 60284156
7134 168372736
7135 65208256
7136 1598528
7137 76588160
7138 105670048
7139 56579908
7140 256098304
7141 52721152
7142 102044912
7143 79401616
7144 27601792
7145 65391104
7146 139047040
7147 60520912
7148 102245056
7149 79535036
7150 148330496
7151 51143954
7152 10013696
7153 53756836
7154 118715072
7155 89265152
7156 102473984
7157 54720512
7158 159537728
7159 51258442
7160 32995328
7161 108155152
7162 102617152
7163 61291136
7164 140103040
7165 65757568
7166 102731792
7167 79935968
7168 1856
7169 52681364
7170 205585408
7171 52694656
7172 114635392
7173 69960880
7174 110224576
7175 75193984
7176 45667328
7177 51516508
7178 107098112
7179 80203816
7180 132343808
7181 53141852
7182 172639552
7183 57226576
7184 6465664
7185 103005056
7186 103305952
7187 51660158
7188 161012096
7189 67468384
7190 132526592
7191 76501040
7192 27736576
7193 51746444
7194 179975936
7195 66309184
7196 123067648
7197 80606428
7198 107223424
7199 54449336
7200 2647040
7201 55016404
7202 113355776
7203 92236844
7204 103852928
7205 74156672
7206 161683648
7207 51948058
7208 28227584
7209 70105000
7210 159081472
7211 52005734
7212 162088192
7213 52034584
7214 104112464
7215 116064256
7216 7392512
7217 61711652
7218 141859520
7219 52121182
7220 140474368
7221 85138592
7222 109949056
7223 54196856
7224 49213696
7225 66503872
7226 104459072
7227 79654960
7228 114592256
7229 52265672
7230 209033216
7231 61951192
7232 412288
7233 81414676
7234 104690464
7235 67048256
7236 142063744
7237 52381408
7238 140393408
7239 86947784
7240 33734656
7241 57188672
7242 176412544
7243 52468294
7244 105009088
7245 113104640
7246 105038032
7247 52526258
7248 10283392
7249 58282228
7250 130813952
7251 81820312
7252 123723776
7253 52613264
7254 160948480
7255 67419328
7256 26353856
7257 85489712
7258 112075744
7259 67597376
7260 229003264
7261 54152512
7262 105502352
7263 70743568
7264 1656256
7265 67605248
7266 195555584
7267 58259440
7268 112076416
7269 82226956
7270 135490048
7271 58636256
7272 36270080
7273 62672596
7274 105851264
7275 100100224
7276 113915648
7277 56182268
7278 164929408
7279 55157488
7280 10928128
7281 72082120
7282 117806368
7283 53049374
7284 165337984
7285 71822464
7286 106200752
7287 98055496
7288 26586688
7289 54923264
7290 181399040
7291 55847632
7292 106404928
7293 106316672
7294 126191296
7295 68164544
7296 171136
7297 53253508
7298 110501504
7299 72438740
7300 130041856
7301 61378592
7302 166018496
7303 54659536
7304 29904512
7305 106470784
7306 116647168
7307 53399558
7308 178027520
7309 53428792
7310 149338112
7311 83179712
7312 6697856
7313 54791396
7314 177705472
7315 95004928
7316 112663936
7317 71797436
7318 107135536
7319 58426256
7320 54247424
7321 53604364
7322 127161056
7323 83452936
7324 107340608
7325 64780288
7326 166031360
7327 57347752
7328 1685504
7329 99187424
7330 137734144
7331 53750894
7332 186131456
7333 53780224
7334 114428864
7335 94103680
7336 32097664
7337 64733792
7338 167658848
7339 55550728
7340 138299392
7341 83863612
7342 107839312
7343 63884216
7344 9599744
7345 75860992
7346 107956832
7347 87976952
7348 120312704
7349 54015152
7350 231279104
7351 54044554
7352 27055424
7353 79585880
7354 108192064
7355 69290048
7356 168620032
7357 64127932
7358 118310528
7359 93713704
7360 567296
7361 57880592
7362 147568960
7363 56041216
7364 128869504
7365 108225152
7366 113415808
7367 55739168
7368 42361984
7369 54309532
7370 156357632
7371 93380000
7372 116225792
7373 55682816
7374 169307264
7375 66419584
7376 6815488
7377 84687988
7378 142054528
7379 56016464
7380 194191360
7381 60445616
7382 109017392
7383 89643848
7384 30111232
7385 83026304
7386 169858528
7387 55875688
7388 109224256
7389 74235040
7390 139996672
7391 57953984
7392 3481856
7393 54663844
7394 109372064
7395 120322048
7396 111945920
7397 59677088
7398 147331136
7399 63031684
7400 33882112
7401 85239812
7402 109608832
7403 60782936
7404 170825984
7405 70235008
7406 135492640
7407 74596940
7408 6874688
7409 57017828
7410 251912192
7411 54930334
7412 118193152
7413 101470768
7414 122109376
7415 70424768
7416 37713280
7417 55019308
7418 110083136
7419 85654856
7420 170098688
7421 56795456
7422 171517696
7423 60096976
7424 27904
7425 98148032
7426 114200608
7427 65353472
7428 171934336
7429 65181424
7430 141515264
7431 85932112
7432 27647104
7433 55256924
7434 180783680
7435 70805056
7436 131898880
7437 89847296
7438 110677456
7439 57016976
7440 14249984
7441 65599972
7442 112582592
7443 75323380
7444 110885888
7445 70995584
7446 186416384
7447 61507072
7448 33567104
7449 94472224
7450 134469632
7451 55524854
7452 155120000
7453 57820576
7454 111154064
7455 132882176
7456 1744768
7457 55614308
7458 193363072
7459 55644142
7460 142852096
7461 75687920
7462 147188224
7463 59493896
7464 43471232
7465 71377408
7466 111512192
7467 92488312
7468 111601856
7469 73896176
7470 196387840
7471 57974056
7472 6993856
7473 90536768
7474 116064256
7475 76655872
7476 208183808
7477 55913008
7478 111870896
7479 75005792
7480 42262528
7481 55972844
7482 184975616
7483 66342256
7484 112080448
7485 111776896
7486 119208448
7487 56062658
7488 647680
7489 56092612
7490 171613184
7491 97098008
7492 112320128
7493 57585836
7494 174860224
7495 71952064
7496 28125056
7497 93034480
7498 118485088
7499 56242502
7500 210000896
7501 61365472
7502 127025248
7503 91330624
7504 8459648
7505 77280128
7506 151647904
7507 56362558
7508 112800256
7509 87745196
7510 144577024
7511 71211008
7512 44031232
7513 62601316
7514 130177792
7515 98764160
7516 113040704
7517 56512808
7518 209314112
7519 57898456
7520 2312192
7521 93009952
7522 113191072
7523 56603054
7524 180181760
7525 82608704
7526 117171968
7527 96455744
7528 28365568
7529 56693372
7530 226702336
7531 60581752
7532 134804992
7533 78261596
7534 113552464
7535 81077504
7536 11113984
7537 56813908
7538 113673056
7539 104944504
7540 164298752
7541 56874224
7542 154864160
7543 60359056
7544 30563072
7545 113574272
7546 144138976
7547 56964758
7548 194281472
7549 56994952
7550 138091264
7551 77523820
7552 113344
7553 74426528
7554 177670304
7555 73108288
7556 114246784
7557 98812672
7558 114276976
7559 57146042
7560 57847808
7561 57176284
7562 121634912
7563 89011496
7564 120361472
7565 78966272
7566 195940864
7567 72554056
7568 8121472
7569 80483920
7570 146894848
7571 58725272
7572 178659712
7573 57357904
7574 136055936
7575 108480512
7576 28728256
7577 57418508
7578 156344320
7579 70614784
7580 147478528
7581 111391784
7582 123086656
7583 57509474
7584 2832256
7585 77676544
7586 115125152
7587 77183656
7588 136813184
7589 57600512
7590 266061824
7591 57630874
7592 31818752
7593 89718916
7594 115368064
7595 87344768
7596 157463680
7597 59107612
7598 120642944
7599 96381824
7600 9192448
7601 64075316
7602 214004224
7603 57813214
7604 115702528
7605 108275200
7606 115732912
7607 57874058
7608 45161984
7609 68594164
7610 148450304
7611 93919672
7612 129085952
7613 60881276
7614 158060000
7615 74273728
7616 571648
7617 90286868
7618 126803968
7619 61579928
7620 233074688
7621 58087264
7622 120682496
7623 101914120
7624 29093248
7625 70957568
7626 191929472
7627 60546448
7628 116433856
7629 90571516
7630 178057216
7631 63509072
7632 10081280
7633 62232016
7634 129452576
7635 116297216
7636 123635072
7637 69099692
7638 195009472
7639 58361962
7640 37554176
7641 78284276
7642 116830912
7643 58423094
7644 226358272
7645 83453056
7646 116953232
7647 90999328
7648 1835584
7649 58514852
7650 203822080
7651 69353152
7652 117167488
7653 91142156
7654 121397824
7655 75055808
7656 52347904
7657 69866272
7658 139087712
7659 85803520
7660 150603776
7661 60365372
7662 182784896
7663 60109576
7664 7357504
7665 140417536
7666 117565792
7667 71152928
7668 159393152
7669 58821232
7670 166842368
7671 91571312
7672 35093248
7673 58882604
7674 183357664
7675 71107616
7676 125956096
7677 80131040
7678 130946944
7679 69861464
7680 14336
7681 59005444
7682 124353056
7683 100484608
7684 126984704
7685 79917056
7686 193135360
7687 59097658
7688 30506048
7689 102287024
7690 151585792
7691 59159174
7692 184362752
7693 68122768
7694 118426064
7695 106960000
7696 8290304
7697 61028468
7698 184505888
7699 59282302
7700 187025408
7701 98977648
7702 118672432
7703 59343914
7704 40684160
7705 80804224
7706 118795712
7707 109667096
7708 124569344
7709 64812896
7710 237647872
7711 65941936
7712 1866368
7713 80883880
7714 154560256
7715 76236608
7716 185514112
7717 59559808
7718 127531712
7719 97050184
7720 38342656
7721 70627412
7722 192119552
7723 59652454
7724 119382208
7725 112796992
7726 119413072
7727 59714258
7728 14395136
7729 61255348
7730 153165824
7731 81261620
7732 119629568
7733 72072704
7734 186234944
7735 105183232
7736 29953856
7737 93153508
7738 123816448
7739 61327088
7740 213340160
7741 59930824
7742 138881696
7743 97810496
7744 511168
7745 76830464
7746 186813088
7747 61520272
7748 131608576
7749 97392208
7750 149115904
7751 63105032
7752 52709888
7753 60116764
7754 120280064
7755 135552256
7756 142926848
7757 60178808
7758 163850720
7759 60209842
7760 9736192
7761 102529952
7762 120528352
7763 71397536
7764 187827584
7765 77227648
7766 133961408
7767 82019740
7768 30202048
7769 64466864
7770 292683776
7771 64058344
7772 127186432
7773 94022236
7774 136328320
7775 72969568
7776 2519488
7777 80082688
7778 121025696
7779 94167416
7780 155353088
7781 62874476
7782 188552896
7783 62395936
7784 36121472
7785 105966080
7786 129783808
7787 66129968
7788 212633344
7789 60676312
7790 168593408
7791 110103616
7792 7605056
7793 60738644
7794 165373120
7795 77825344
7796 121617664
7797 99928304
7798 144214912
7799 67454528
7800 61988864
7801 63335104
7802 125978336
7803 86136664
7804 121867328
7805 92714624
7806 189717248
7807 62985472
7808 121088
7809 101119984
7810 175430656
7811 62459432
7812 202935040
7813 66571936
7814 122148464
7815 121839872
7816 30576256
7817 61113308
7818 190300768
7819 72430864
7820 174727168
7821 93186280
7822 122398672
7823 61207154
7824 11976832
7825 73909568
7826 161702144
7827 95332888
7828 130967936
7829 61301072
7830 217427968
7831 63225976
7832 34355456
7833 113277248
7834 122774464
7835 78625856
7836 191324672
7837 65599072
7838 122899856
7839 92253920
7840 2811904
7841 61489124
7842 191470496
7843 73790584
7844 129040384
7845 122776192
7846 123150832
7847 78476552
7848 42211840
7849 63354964
7850 149244928
7851 95918312
7852 135153152
7853 61677464
7854 268102912
7855 79027648
7856 7730368
7857 83195000
7858 123527776
7859 64278608
7860 247926784
7861 73210732
7862 123653552
7863 96211696
7864 30952768
7865 94054912
7866 186232640
7867 61897558
7868 147076864
7869 100336544
7870 158760448
7871 66168872
7872 772352
7873 61992004
7874 129283616
7875 119637760
7876 138167936
7877 62055008
7878 212344832
7879 62086522
7880 39944192
7881 100807168
7882 147335776
7883 62149574
7884 168431872
7885 85250176
7886 124409552
7887 107611112
7888 8594432
7889 74489732
7890 248851456
7891 67906672
7892 124630528
7893 84700880
7894 124662064
7895 79834304
7896 58671872
7897 64016128
7898 138547424
7899 97094536
7900 152132608
7901 62433704
7902 169982560
7903 73994776
7904 2249216
7905 137156096
7906 129155488
7907 62528558
7908 194854016
7909 69369388
7910 191301632
7911 83904256
7912 33576832
7913 64553456
7914 195001184
7915 80239168
7916 125389504
7917 130283776
7918 130189312
7919 62718482
7920 15093760
7921 63447212
7922 134347136
7923 104082776
7924 149174144
7925 75807616
7926 195592768
7927 62845258
7928 31458368
7929 85474840
7930 178241536
7931 83269208
7932 196037632
7933 62940424
7934 125928464
7935 130820480
7936 31808
7937 63003908
7938 192220000
7939 67315864
7940 161800192
7941 98129612
7942 147059104
7943 69456080
7944 49232512
7945 96062848
7946 131902208
7947 85863140
7948 126405056
7949 63194552
7950 241217536
7951 63226354
7952 9491584
7953 109415824
7954 131134336
7955 85336064
7956 199485440
7957 64804768
7958 133420928
7959 116945864
7960 40757248
7961 67225124
7962 197372896
7963 63417334
7964 141263872
7965 110397056
7966 150490048
7967 65910152
7968 3124352
7969 69254656
7970 162818048
7971 98872312
7972 127169408
7973 81424112
7974 173090720
7975 87869696
7976 31840256
7977 99021188
7978 127328896
7979 65141888
7980 317628416
7981 66899932
7982 139189376
7983 86642380
7984 7984064
7985 81664256
7986 216452768
7987 73411564
7988 127680256
7989 99319276
7990 178038784
7991 65440496
7992 43884544
7993 63896044
7994 151548896
7995 142112768
7996 127936064
7997 70920572
7998 210855232
7999 67867648
8000 600064
8001 103726040
8002 128096032
8003 65740256
8004 216423424
8005 82073728
8006 128224112
8007 106972096
8008 45761536
8009 64152092
8010 225617920
8011 64184134
8012 128448448
8013 99916796
8014 128480464
8015 97759232
8016 12569984
8017 64280308
8018 136707104
8019 94951060
8020 165072896
8021 70160672
8022 238234304
8023 65888776
8024 34909952
8025 121682624
8026 128865472
8027 67672208
8028 175838080
8029 81174016
8030 185378816
8031 100366112
8032 2024128
8033 67150976
8034 220794112
8035 82689856
8036 151491328
8037 94881160
8038 129251056
8039 64633562
8040 65343488
8041 78169168
8042 129379712
8043 119424088
8044 129476288
8045 82895744
8046 174166784
8047 70615888
8048 8112448
8049 100816436
8050 193306112
8051 66308792
8052 227161088
8053 64858864
8054 129766064
8055 113421440
8056 35009536
8057 76905332
8058 218083712
8059 64955542
8060 187285504
8061 101117212
8062 135766912
8063 72095216
8064 204160
8065 83308288
8066 135077888
8067 101267768
8068 130249856
8069 65116832
8070 260313088
8071 77172712
8072 32610944
8073 99285664
8074 144782176
8075 88477312
8076 203214592
8077 67249792
8078 154747712
8079 101569216
8080 10551296
8081 65310644
8082 177805760
8083 66972136
8084 136852864
8085 164847872
8086 142834048
8087 65407658
8088 51030784
8089 65440012
8090 167754752
8091 95344480
8092 164137216
8093 65504744
8094 218797376
8095 83929024
8096 2375552
8097 102022228
8098 131187616
8099 85504064
8100 210560000
8101 65634304
8102 131317232
8103 106523648
8104 32869888
8105 84136448
8106 243236224
8107 72809492
8108 131544256
8109 97032320
8110 168584704
8111 65796434
8112 13780480
8113 83838304
8114 131706464
8115 131364352
8116 131803904
8117 65893808
8118 203294080
8119 69230056
8120 51789824
8121 102627812
8122 137521888
8123 65991254
8124 205635584
8125 86250368
8126 141339968
8127 106995848
8128 520256
8129 73279508
8130 264190976
8131 67974832
8132 141284992
8133 102931276
8134 153204832
8135 84760256
8136 45351680
8137 67733908
8138 144674048
8139 103083176
8140 193200128
8141 78516572
8142 219774016
8143 70815976
8144 8306944
8145 115962880
8146 132747232
8147 66381758
8148 247055872
8149 69100768
8150 160831744
8151 131860288
8152 33260224
8153 69017396
8154 178857568
8155 101196544
8156 133105984
8157 103539548
8158 133138576
8159 68618648
8160 4415488
8161 66610084
8162 178072064
8163 90591380
8164 146069504
8165 90660992
8166 207612608
8167 66708058
8168 33390848
8169 123190144
8170 185218048
8171 66773414
8172 182188160
8173 74074396
8174 137979776
8175 126251776
8176 10029824
8177 79794176
8178 220525312
8179 66904222
8180 171716608
8181 90160000
8182 133922992
8183 77047268
8184 59671808
8185 85805056
8186 134053952
8187 104302408
8188 142036736
8189 71126108
8190 300523520
8191 67100674
8192 32
8193 104455316
8194 143710336
8195 95845376
8196 209293952
8197 79600012
8198 134447216
8199 91391740
8200 41486336
8201 68934404
8202 209446496
8203 73378096
8204 159883264
8205 134291584
8206 149548288
8207 70086128
8208 11906176
8209 67395892
8210 172765184
8211 138553184
8212 134939648
8213 69460556
8214 215579392
8215 91098112
8216 37223936
8217 102796760
8218 160153312
8219 67560182
8220 271065088
8221 67593064
8222 135235472
8223 105221536
8224 2121856
8225 98484928
8226 184191040
8227 71786968
8228 157439744
8229 115234784
8230 173607424
8231 67757594
8232 60237184
8233 67790524
8234 142807904
8235 117939712
8236 142701056
8237 67856408
8238 211288448
8239 89828776
8240 10971136
8241 110011888
8242 148389376
8243 67955294
8244 185405440
8245 93710848
8246 176184512
8247 105836528
8248 34047808
8249 69625136
8250 281430016
8251 70335232
8252 136257088
8253 110335720
8254 136290064
8255 95727104
8256 848512
8257 71600068
8258 136422176
8259 106144696
8260 210366464
8261 75677036
8262 194000576
8263 68285434
8264 34179968
8265 149230592
8266 136686592
8267 80964752
8268 236085248
8269 68384632
8270 175298048
8271 93003020
8272 9682304
8273 68450804
8274 253395968
8275 82640288
8276 137050624
8277 111494992
8278 137083696
8279 73198664
8280 62402560
8281 84466960
8282 142112768
8283 118664504
8284 146590208
8285 87913856
8286 213756928
8287 68682658
8288 2613248
8289 92099492
8290 176146432
8291 68748974
8292 214221952
8293 68782144
8294 172000256
8295 164270848
8296 37295104
8297 68848508
8298 187425920
8299 70918936
8300 167822336
8301 107226812
8302 163441216
8303 75998828
8304 13486592
8305 98426752
8306 138012512
8307 103507360
8308 144980864
8309 81789164
8310 275996672
8311 69081034
8312 34577984
8313 115277008
8314 138278464
8315 88551488
8316 242237696
8317 69180808
8318 138411536
8319 111969704
8320 188416
8321 71050112
8322 231204736
8323 87193024
8324 138644608
8325 116469760
8326 146007808
8327 76890272
8328 54099584
8329 69380572
8330 216516608
8331 108003112
8332 138911168
8333 75720416
8334 189053920
8335 88977856
8336 8702848
8337 128302496
8338 154391584
8339 72196208
8340 279007232
8341 73787884
8342 144065216
8343 93747500
8344 41485312
8345 89191424
8346 238187264
8347 74404792
8348 139445056
8349 123894344
8350 168796928
8351 82617752
8352 3069440
8353 69780964
8354 139612064
8355 139241984
8356 139712384
8357 71547872
8358 258553792
8359 76193296
8360 52416512
8361 95036920
8362 145125376
8363 69948134
8364 237884416
8365 106463872
8366 144728768
8367 108938368
8368 8769728
8369 70048532
8370 247847936
8371 77704456
8372 189193216
8373 109094636
8374 144849664
8375 85471616
8376 54724096
8377 70182508
8378 144910304
8379 115386920
8380 180205568
8381 77116192
8382 244000064
8383 71860096
8384 553408
8385 156126208
8386 166762528
8387 70350158
8388 191924480
8389 70383712
8390 180419072
8391 109564112
8392 35246464
8393 93201824
8394 219363424
8395 95802112
8396 141052864
8397 94511116
8398 173189632
8399 72875264
8400 19539968
8401 73271716
8402 141220832
8403 109877656
8404 157258112
8405 92629888
8406 192331040
8407 83729032
8408 35380928
8409 110034596
8410 187308032
8411 77143472
8412 220462592
8413 72757276
8414 167877056
8415 145277440
8416 2221888
8417 75137108
8418 234789632
8419 70887982
8420 181927936
8421 130897648
8422 141893872
8423 70955354
8424 51520000
8425 85658816
8426 157663328
8427 112551040
8428 166429568
8429 71056472
8430 284010496
8431 71090194
8432 9796864
8433 96679880
8434 142298464
8435 108249344
8436 240959488
8437 87331552
8438 142433456
8439 116073664
8440 45807616
8441 74822132
8442 232640320
8443 71292694
8444 142669888
8445 142255232
8446 147767488
8447 71360258
8448 60032
8449 91356496
8450 185052160
8451 95728616
8452 142940288
8453 73069676
8454 222509504
8455 97938688
8456 42602624
8457 111294148
8458 143109376
8459 79345688
8460 254341120
8461 71596984
8462 143244752
8463 148511552
8464 9344320
8465 91774208
8466 240575104
8467 71698558
8468 150793216
8469 97506640
8470 237181952
8471 73881152
8472 55983872
8473 74162176
8474 152659424
8475 135642752
8476 157409792
8477 82665584
8478 193303936
8479 73644208
8480 2932736
8481 124393808
8482 143922592
8483 76846616
8484 267739136
8485 92208256
8486 144058352
8487 105060560
8488 36057088
8489 78579776
8490 288060416
8491 85409872
8492 160559872
8493 119538496
8494 150356416
8495 92425664
8496 12467840
8497 75117568
8498 171242912
8499 112402136
8500 184819712
8501 72275504
8502 247131136
8503 80172736
8504 36193088
8505 146130304
8506 144738112
8507 74387552
8508 225519616
8509 74103964
8510 199688192
8511 112719712
8512 708992
8513 72479684
8514 223340480
8515 101827072
8516 145112704
8517 120986096
8518 145146736
8519 85973864
8520 73314304
8521 72615964
8522 145283072
8523 98753380
8524 145385408
8525 100163392
8526 268185344
8527 72718258
8528 10150912
8529 113196916
8530 186486784
8531 77183864
8532 197044096
8533 92026048
8534 155857856
8535 145300736
8536 40770304
8537 72888908
8538 226951648
8539 72923062
8540 224739328
8541 109376960
8542 145965712
8543 72991394
8544 3589376
8545 93516544
8546 146102432
8547 153201664
8548 146205056
8549 74719436
8550 252792320
8551 78082312
8552 36602624
8553 113834756
8554 192779008
8555 98835968
8556 246702848
8557 75384988
8558 162635264
8559 98186992
8560 11835392
8561 86823332
8562 228228896
8563 73333534
8564 146752768
8565 146323072
8566 146786992
8567 80029328
8568 62881280
8569 88248112
8570 188238848
8571 114314312
8572 147027008
8573 73504904
8574 228868864
8575 101112416
8576 145856
8577 100008040
8578 147198496
8579 77285216
8580 353468416
8581 73642144
8582 174642176
8583 114634576
8584 39288832
8585 101556224
8586 200480000
8587 76545952
8588 157494016
8589 136165904
8590 189117952
8591 81691036
8592 14435456
8593 80515456
8594 147748064
8595 129092480
8596 175499648
8597 73917008
8598 230151488
8599 73951402
8600 45577216
8601 119619808
8602 182917504
8603 87676976
8604 201914240
8605 94834048
8606 161763968
8607 122757992
8608 2324224
8609 74123492
8610 358371328
8611 75813424
8612 148402048
8613 113809952
8614 153127744
8615 95054528
8616 57900416
8617 87962452
8618 154761824
8619 132637120
8620 190662656
8621 76769792
8622 202331360
8623 74364754
8624 11774848
8625 145440512
8626 158172448
8627 74433758
8628 231921536
8629 74468272
8630 190882304
8631 120633040
8632 41062912
8633 76178096
8634 232082144
8635 106376704
8636 160238848
8637 116081308
8638 176926912
8639 76566176
8640 997376
8641 74675524
8642 155927552
8643 120859928
8644 149506688
8645 130454528
8646 259548352
8647 74779258
8648 40029824
8649 104864540
8650 181105664
8651 77121416
8652 278392576
8653 79954336
8654 149818064
8655 149411584
8656 9383168
8657 83101172
8658 227983360
8659 88821664
8660 192434176
8661 116727212
8662 154811008
8663 75056234
8664 61457536
8665 96160768
8666 178074848
8667 101132500
8668 167266304
8669 75160232
8670 316954624
8671 88888192
8672 2358848
8673 136168648
8674 150511264
8675 90810016
8676 205300480
8677 75299008
8678 150650096
8679 130258184
8680 59035648
8681 75368444
8682 234668896
8683 79955656
8684 165205504
8685 131802880
8686 156126208
8687 96537056
8688 14758912
8689 75507412
8690 216869888
8691 117537112
8692 158001152
8693 75576944
8694 250372544
8695 101736448
8696 37845056
8697 128681504
8698 151345216
8699 75681302
8700 293773312
8701 100134448
8702 160965632
8703 102966380
8704 9856
8705 97050368
8706 235967648
8707 75820558
8708 180095104
8709 118024396
8710 214700032
8711 78768536
8712 56228480
8713 75925084
8714 151902464
8715 181212416
8716 152007104
8717 79788188
8718 236618368
8719 76029682
8720 12279808
8721 114596944
8722 176007616
8723 93298304
8724 237107584
8725 91858304
8726 152321072
8727 118512688
8728 38123968
8729 95790944
8730 267745280
8731 76239094
8732 159588352
8733 123431504
8734 169384576
8735 97720256
8736 4781056
8737 76343908
8738 163382912
8739 103819540
8740 216707072
8741 76413824
8742 251378624
8743 90552616
8744 38263808
8745 171931648
8746 153020032
8747 76518758
8748 204073408
8749 83463136
8750 217500928
8751 119165312
8752 9592256
8753 76623764
8754 238575904
8755 105597184
8756 170670976
8757 124167560
8758 160127104
8759 81359888
8760 77471744
8761 76763884
8762 167672576
8763 126097048
8764 182415104
8765 98392448
8766 209139040
8767 85225072
8768 605056
8769 124619264
8770 197122048
8771 88481612
8772 261341696
8773 79891756
8774 159407936
8775 134770432
8776 38544256
8777 78826052
8778 332517248
8779 77079622
8780 197797888
8781 119983612
8782 154282192
8783 77149874
8784 13319680
8785 117399424
8786 162539168
8787 125791232
8788 166339328
8789 93192176
8790 308740096
8791 79170784
8792 46043648
8793 105105880
8794 154704064
8795 99066944
8796 241034752
8797 82066588
8798 159788288
8799 142897384
8800 3224576
8801 84457472
8802 208311328
8803 77501614
8804 162666112
8805 154630784
8806 201220096
8807 77572058
8808 60505984
8809 81478996
8810 198923264
8811 118096880
8812 155373248
8813 92007836
8814 265513472
8815 104488192
8816 10659328
8817 120969268
8818 155549536
8819 77783582
8820 309309440
8821 77818864
8822 172810688
8823 129808448
8824 38966848
8825 93972928
8826 242515168
8827 101469376
8828 155937856
8829 104930000
8830 199826944
8831 77995394
8832 248192
8833 86323496
8834 185040416
8835 170109184
8836 159472192
8837 78101408
8838 212585120
8839 78136762
8840 58032128
8841 144263168
8842 156397312
8843 80765696
8844 273625856
8845 105588736
8846 156538832
8847 106400140
8848 11733632
8849 78313652
8850 298321408
8851 80358112
8852 156786688
8853 133328608
8854 166625344
8855 137782016
8856 53733632
8857 83764912
8858 162338528
8859 122124296
8860 201414656
8861 78526184
8862 290592064
8863 78561634
8864 2464256
8865 137308160
8866 196064512
8867 78632558
8868 244994176
8869 90464224
8870 201640448
8871 122455312
8872 39391744
8873 83489156
8874 236346880
8875 95897728
8876 187099648
8877 136257632
8878 165951808
8879 85960016
8880 20185088
8881 80605492
8882 157815392
8883 127558936
8884 157922048
8885 101104256
8886 245822528
8887 78987658
8888 44183552
8889 122952676
8890 241398784
8891 84408632
8892 247413760
8893 79094344
8894 158242064
8895 157805312
8896 622784
8897 99392048
8898 246486688
8899 87809128
8900 192800768
8901 115420360
8902 158526832
8903 82454576
8904 74418176
8905 111330304
8906 163589888
8907 123451048
8908 170449664
8909 81303068
8910 300160000
8911 100987048
8912 9945856
8913 123617396
8914 158954464
8915 101787968
8916 247651712
8917 82120192
8918 197922176
8919 108138140
8920 51152896
8921 88243556
8922 247817696
8923 79628854
8924 168557824
8925 188072192
8926 159382672
8927 81452648
8928 3498880
8929 79735972
8930 220814336
8931 135683072
8932 216869888
8933 79807424
8934 248484544
8935 102245056
8936 39961856
8937 107036756
8938 165393664
8939 94656464
8940 320438272
8941 79950424
8942 171085376
8943 138287464
8944 11151872
8945 102473984
8946 261018560
8947 84048448
8948 160205056
8949 132673184
8950 193847552
8951 80129354
8952 62497792
8953 94953076
8954 179931136
8955 140103040
8956 160491584
8957 88096640
8958 249820928
8959 87905384
8960 59392
8961 130796512
8962 160670752
8963 80344334
8964 217365632
8965 114635392
8966 160814192
8967 145472096
8968 43297408
8969 80451932
8970 365338624
8971 80487814
8972 161065408
8973 109450880
8974 190947136
8975 97189984
8976 18489856
8977 82809892
8978 163615088
8979 130430944
8980 206901248
8981 95547692
8982 219561760
8983 87984016
8984 40392128
8985 161012096
8986 161532352
8987 96950072
8988 300323072
8989 82555648
8990 221892608
8991 110857472
8992 2535808
8993 89939080
8994 251832224
8995 123067648
8996 177252352
8997 125958028
8998 179765824
8999 80991002
9000 66007040
9001 81027004
9002 192139616
9003 126126056
9004 162216128
9005 103852928
9006 270480448
9007 81135058
9008 10161088
9009 157305280
9010 225820672
9011 81207134
9012 253009792
9013 81243184
9014 162540464
9015 162088192
9016 48681088
9017 83143412
9018 218627936
9019 84613648
9020 236560384
9021 132313328
9022 177755776
9023 96443096
9024 1011584
9025 103160864
9026 162973472
9027 120002960
9028 170491904
9029 81531872
9030 393709568
9031 90431776
9032 40824704
9033 126967876
9034 163262464
9035 114592256
9036 222654080
9037 96742492
9038 163407056
9039 134132264
9040 13193216
9041 81748724
9042 283771264
9043 81784894
9044 218369536
9045 142063744
9046 163696432
9047 83632208
9048 71880704
9049 81893452
9050 198191104
9051 151189528
9052 171890432
9053 90872636
9054 223092320
9055 105009088
9056 2571968
9057 127643348
9058 194535712
9059 82074542
9060 329068544
9061 97702528
9062 172883456
9063 120345280
9064 45941632
9065 123723776
9066 255879008
9067 82219558
9068 164529856
9069 127981756
9070 210830848
9071 84548552
9072 16240000
9073 84726196
9074 179807744
9075 168174272
9076 164820224
9077 85703648
9078 276381952
9079 97643464
9080 53000192
9081 112100120
9082 175298272
9083 85627136
9084 257065984
9085 112076416
9086 220227392
9087 140453824
9088 163648
9089 84579968
9090 290160640
9091 82655374
9092 165401728
9093 152594288
9094 165438064
9095 113915648
9096 64521856
9097 91757572
9098 165583616
9099 110946392
9100 256811008
9101 87830204
9102 271867904
9103 82873714
9104 10378624
9105 165337984
9106 173060608
9107 98246432
9108 261310720
9109 82982992
9110 212693504
9111 129169712
9112 44923648
9113 90547136
9114 305706688
9115 106404928
9116 173581312
9117 112990240
9118 171752512
9119 92201648
9120 5476352
9121 98548612
9122 166458272
9123 129510136
9124 166567808
9125 101335808
9126 239681920
9127 83311258
9128 49618304
9129 138941264
9130 239236096
9131 87536432
9132 259788032
9133 83420824
9134 166896464
9135 178027520
9136 10451648
9137 83493908
9138 259958048
9139 98965504
9140 214331392
9141 144467008
9142 198157696
9143 86120696
9144 57228160
9145 112663936
9146 178965248
9147 130192328
9148 167445056
9149 99154364
9150 318703616
9151 83749954
9152 788992
9153 112735000
9154 176402464
9155 107340608
9156 311600128
9157 83859808
9158 178238144
9159 135602824
9160 53936128
9161 83933084
9162 228440960
9163 113332912
9164 176409088
9165 186131456
9166 168067792
9167 85840568
9168 16429952
9169 86217856
9170 256781312
9171 114332020
9172 168324608
9173 84153104
9174 292085696
9175 101563616
9176 44785664
9177 171841936
9178 183947008
9179 86182664
9180 307191808
9181 84299944
9182 168654992
9183 131218976
9184 3199744
9185 120312704
9186 262695328
9187 84410158
9188 168912256
9189 114781040
9190 216443392
9191 109964288
9192 65889152
9193 87904576
9194 169096064
9195 168620032
9196 195266176
9197 90312992
9198 275820160
9199 84630802
9200 13331456
9201 131733812
9202 175126816
9203 84704414
9204 291974144
9205 128869504
9206 169537712
9207 129732904
9208 42430528
9209 84814892
9210 338895872
9211 86857936
9212 198414976
9213 137471488
9214 181631296
9215 116225792
9216 3520
9217 92624128
9218 188652704
9219 156847544
9220 218095616
9221 85036064
9222 279709696
9223 89307016
9224 42578048
9225 142609280
9226 201813088
9227 85146758
9228 265275136
9229 94438108
9230 240889856
9231 142054528
9232 10672256
9233 100982756
9234 240611104
9235 109224256
9236 170681344
9237 132766508
9238 177743104
9239 85368362
9240 111419392
9241 85405324
9242 170866112
9243 127957280
9244 170977088
9245 111945920
9246 282814784
9247 101289112
9248 2829952
9249 133111636
9250 211222528
9251 98044048
9252 233404160
9253 90785356
9254 203038976
9255 170825984
9256 47174656
9257 85701308
9258 266828128
9259 88080064
9260 219990016
9261 130962092
9262 190455808
9263 87869936
9264 16774912
9265 118193152
9266 177696128
9267 133630168
9268 203963264
9269 101324384
9270 301706240
9271 87858232
9272 46255616
9273 148661744
9274 172051264
9275 124916224
9276 268040192
9277 86072008
9278 172199696
9279 117039340
9280 892928
9281 86146244
9282 368141312
9283 86183374
9284 191819392
9285 171934336
9286 172496752
9287 89061632
9288 59032192
9289 102210964
9290 221176832
9291 142973432
9292 182669312
9293 86369144
9294 268906624
9295 131898880
9296 12943744
9297 117493640
9298 172942816
9299 92325464
9300 334874624
9301 88441516
9302 173091632
9303 159715528
9304 43319488
9305 110885888
9306 266263360
9307 89230792
9308 189723136
9309 141100064
9310 268536832
9311 86704034
9312 4259584
9313 88707796
9314 173538464
9315 155120000
9316 186357248
9317 112091612
9318 270296768
9319 86853082
9320 55832576
9321 147764512
9322 179140192
9323 86927654
9324 287457280
9325 104907008
9326 173985872
9327 135365888
9328 12280832
9329 92281268
9330 347769856
9331 109192888
9332 174247168
9333 128201920
9334 190244224
9335 111601856
9336 67966976
9337 87188908
9338 224152832
9339 150781624
9340 223803392
9341 87263624
9342 234570368
9343 87300994
9344 172928
9345 208183808
9346 174732832
9347 95253488
9348 295038464
9349 87413152
9350 248292352
9351 118861820
9352 52075648
9353 89872916
9354 272388704
9355 112080448
9356 175144384
9357 136237948
9358 175181776
9359 100706804
9360 20725760
9361 104524288
9362 182530208
9363 136412696
9364 175443968
9365 112320128
9366 324501184
9367 102596032
9368 43917248
9369 117618292
9370 225000448
9371 87825014
9372 307003648
9373 114339808
9374 181702784
9375 164062528
9376 2756608
9377 87937508
9378 239328320
9379 89853016
9380 270708736
9381 142020032
9382 176081392
9383 97614176
9384 76443136
9385 112800256
9386 201931904
9387 142605760
9388 176344256
9389 90806528
9390 352249856
9391 88200274
9392 11045056
9393 143390464
9394 235273984
9395 113040704
9396 244160000
9397 88313008
9398 183130112
9399 150242624
9400 54336512
9401 112936208
9402 275190496
9403 88425814
9404 176945728
9405 180181760
9406 176983312
9407 92901368
9408 1230208
9409 89441956
9410 226924544
9411 137814712
9412 193974272
9413 88613984
9414 241167520
9415 134804992
9416 49560704
9417 143292464
9418 189747712
9419 88726982
9420 355647488
9421 88764664
9422 210472256
9423 118976048
9424 12150656
9425 120656896
9426 276596768
9427 98531272
9428 177849856
9429 164066224
9430 244504576
9431 88953194
9432 60874880
9433 88990924
9434 183570944
9435 194281472
9436 211413248
9437 89066408
9438 329192192
9439 89104162
9440 3627008
9441 121159720
9442 178340512
9443 113305784
9444 277830784
9445 114246784
9446 178491632
9447 144087496
9448 44670208
9449 98991428
9450 339855872
9451 97383472
9452 191817472
9453 146650448
9454 186496384
9455 120361472
9456 17475584
9457 102821224
9458 178945376
9459 121621940
9460 259887104
9461 89519984
9462 298375616
9463 89557834
9464 57090560
9465 178659712
9466 179248192
9467 89633558
9468 244407680
9469 95728864
9470 229826048
9471 187584992
9472 45056
9473 89747204
9474 279420064
9475 108304544
9476 189937792
9477 130380560
9478 212979712
9479 89860922
9480 90632192
9481 95309764
9482 199599968
9483 146398336
9484 179968448
9485 136813184
9486 269413760
9487 92283808
9488 11271808
9489 140108276
9490 254550016
9491 90088574
9492 334777856
9493 99914956
9494 186131456
9495 157463680
9496 45125056
9497 90202508
9498 280837088
9499 113811544
9500 229224448
9501 140462812
9502 180614032
9503 107336768
9504 4176512
9505 115702528
9506 208871744
9507 140640248
9508 180880256
9509 93361664
9510 361295872
9511 90468634
9512 48106496
9513 146446520
9514 186476896
9515 129085952
9516 311922688
9517 93990652
9518 181222736
9519 150054184
9520 18292736
9521 90658964
9522 256968800
9523 92602696
9524 181489408
9525 171164224
9526 201454528
9527 107513672
9528 70787584
9529 98996416
9530 232745984
9531 121714936
9532 181794368
9533 90887624
9534 336219968
9535 116433856
9536 715264
9537 165905936
9538 193304224
9539 91002062
9540 322600960
9541 114200608
9542 198805376
9543 141707216
9544 45582208
9545 123635072
9546 298676224
9547 91154758
9548 247211776
9549 123946240
9550 220630784
9551 91231154
9552 17831296
9553 93999376
9554 195257216
9555 226358272
9556 182710784
9557 96842348
9558 247940000
9559 100987628
9560 58738688
9561 142242212
9562 216768736
9563 93456776
9564 284931584
9565 117167488
9566 183054992
9567 124413740
9568 3261952
9569 108463364
9570 418783232
9571 97800472
9572 183323008
9573 142599436
9574 183361264
9575 110599648
9576 77989120
9577 93873472
9578 183514496
9579 149096024
9580 235440128
9581 112382048
9582 285824896
9583 111639328
9584 11500864
9585 159393152
9586 183821152
9587 91920158
9588 311567872
9589 94612876
9590 280745984
9591 150947272
9592 51421696
9593 94351616
9594 279150080
9595 125956096
9596 184243264
9597 169958096
9598 184281616
9599 95827568
9600 336896
9601 92188804
9602 184435232
9603 140147920
9604 210827072
9605 126984704
9606 287258048
9607 100622608
9608 46195328
9609 143673796
9610 244048384
9611 109417232
9612 249718016
9613 92419384
9614 226865216
9615 184362752
9616 11577728
9617 94691828
9618 342157312
9619 92534782
9620 265289728
9621 125821520
9622 198041536
9623 92611754
9624 72219392
9625 145740544
9626 185358272
9627 144212488
9628 194602496
9629 92727272
9630 325473280
9631 92765794
9632 3515264
9633 164504480
9634 185666464
9635 124569344
9636 324412928
9637 97494028
9638 191379584
9639 156310000
9640 59723776
9641 96451796
9642 289414496
9643 92997094
9644 186090688
9645 185514112
9646 244516864
9647 103181072
9648 16044160
9649 93112852
9650 225263104
9651 144932312
9652 198737792
9653 107115968
9654 290135104
9655 119382208
9656 50403584
9657 135055360
9658 207069664
9659 101714096
9660 460644352
9661 93344584
9662 186747152
9663 145292896
9664 734528
9665 119629568
9666 251073824
9667 110695552
9668 187017856
9669 161606144
9670 239630848
9671 99164144
9672 81937408
9673 99894256
9674 221872736
9675 156671680
9676 195405056
9677 93654008
9678 291579008
9679 93692722
9680 16357376
9681 172943008
9682 193537696
9683 98425856
9684 255664640
9685 131608576
9686 195732608
9687 146015408
9688 55873024
9689 93886412
9690 421679104
9691 104123896
9692 187947328
9693 125881708
9694 194799616
9695 142926848
9696 4616192
9697 94041508
9698 205349888
9699 151723264
9700 228800512
9701 96079904
9702 323808320
9703 97694296
9704 47122688
9705 187827584
9706 198261088
9707 100597112
9708 293570816
9709 119731024
9710 241616384
9711 141153760
9712 11809856
9713 104596916
9714 293751584
9715 127186432
9716 224126848
9717 152587792
9718 195218368
9719 94468682
9720 80623616
9721 94507564
9722 189073472
9723 174445208
9724 243009536
9725 114087424
9726 294477568
9727 96695512
9728 12224
9729 137602520
9730 288971776
9731 97763072
9732 295023232
9733 94741024
9734 197273216
9735 212633344
9736 47433856
9737 123346976
9738 258037120
9739 94857862
9740 243361792
9741 158138288
9742 189852112
9743 94935794
9744 22658048
9745 121617664
9746 210855968
9747 133615268
9748 190125056
9749 95052752
9750 386441216
9751 109296292
9752 50772992
9753 148011556
9754 190320064
9755 121867328
9756 259473280
9757 105546172
9758 246380288
9759 148193696
9760 3874816
9761 98029652
9762 296660896
9763 103914736
9764 190749568
9765 202935040
9766 202637248
9767 95404058
9768 84525056
9769 95443132
9770 244610048
9771 148558312
9772 226714112
9773 99327776
9774 256699648
9775 128315264
9776 13295104
9777 148740788
9778 191257696
9779 126357176
9780 383258624
9781 95677744
9782 197051456
9783 130092380
9784 47902528
9785 130967936
9786 354187904
9787 95795158
9788 191688256
9789 162942304
9790 274843648
9791 95873474
9792 1084160
9793 113598916
9794 197615264
9795 191324672
9796 201090176
9797 97970432
9798 317313472
9799 98892088
9800 66079744
9801 139772500
9802 214581760
9803 96108614
9804 324131584
9805 129040384
9806 192354512
9807 177469096
9808 12044288
9809 102720464
9810 337694720
9811 96265534
9812 214202752
9813 149837996
9814 228336256
9815 135153152
9816 75126016
9817 96383308
9818 192825536
9819 131051140
9820 247371776
9821 121587488
9822 300317696
9823 115582504
9824 3025856
9825 182071232
9826 204459424
9827 100203152
9828 332624896
9829 96619072
9830 247622144
9831 157287872
9832 48373504
9833 96697724
9834 335458816
9835 147076864
9836 193572544
9837 131531840
9838 193611856
9839 96815762
9840 24715264
9841 105580672
9842 249565184
9843 161458528
9844 204900224
9845 138167936
9846 263787040
9847 99760768
9848 48531008
9849 175227752
9850 234672128
9851 97052054
9852 302339072
9853 99381436
9854 212000384
9855 168431872
9856 248704
9857 97170308
9858 318843392
9859 97209742
9860 275021824
9861 160996192
9862 194557552
9863 115228136
9864 66556160
9865 124630528
9866 194715392
9867 191231936
9868 194833856
9869 99528668
9870 469374976
9871 97446514
9872 12201856
9873 132495880
9874 195031264
9875 118550144
9876 303812992
9877 124583536
9878 216599744
9879 157932544
9880 71974912
9881 100550576
9882 264880000
9883 97683574
9884 231933184
9885 194854016
9886 195505552
9887 97762658
9888 4799872
9889 116146912
9890 268614656
9891 158275040
9892 195782528
9893 106698656
9894 327987968
9895 125389504
9896 49005056
9897 152413828
9898 226358272
9899 103890248
9900 354703360
9901 98039704
9902 196138832
9903 152598656
9904 12281024
9905 149174144
9906 335044864
9907 98158558
9908 196416256
9909 131546492
9910 251666944
9911 118203008
9912 92035328
9913 103151476
9914 196614464
9915 196037632
9916 205365248
9917 101009372
9918 293131520
9919 127978624
9920 1017856
9921 153153812
9922 220313408
9923 98475854
9924 306771584
9925 118822016
9926 233573888
9927 133948540
9928 53261824
9929 98594972
9930 393860096
9931 98634694
9932 215936512
9933 206082352
9934 197408464
9935 126405056
9936 17267072
9937 104688628
9938 197567456
9939 153709976
9940 303730688
9941 98833424
9942 307698496
9943 101161456
9944 55246592
9945 199485440
9946 197885632
9947 117247376
9948 308256256
9949 98992552
9950 239448832
9951 160841128
9952 3105088
9953 102265856
9954 322674880
9955 141263872
9956 211401856
9957 154267148
9958 216492928
9959 104109896
9960 99979264
9961 117528532
9962 212258816
9963 135737416
9964 206941184
9965 127169408
9966 344493632
9967 99351058
9968 14870272
9969 154639156
9970 254722048
9971 108951920
9972 271068160
9973 99470704
9974 199001264
9975 233258368
9976 52850176
9977 110356772
9978 309930208
9979 106308664
9980 255490048
9981 135409120
9982 255513664
9983 101880416
9984 82432
9985 127680256
9986 199480352
9987 155198008
9988 221938304
9989 118189964
9990 351076352
9991 101868712
9992 49960064
9993 155384516
9994 212190304
9995 127936064
9996 378904064
9997 108952288
9998 199960016
9999 151880960
10000 15000064
