1228158 reps loaded
4000 reps to do (0 already in results/a8_sym.txt)
swap symmetry: on (weighted rep sums)
[      22s] 200/4000 reps  (0.110 s/rep, ETA 0.1 h)
[      42s] 400/4000 reps  (0.106 s/rep, ETA 0.1 h)
[      65s] 600/4000 reps  (0.109 s/rep, ETA 0.1 h)
[      88s] 800/4000 reps  (0.109 s/rep, ETA 0.1 h)
[     109s] 1000/4000 reps  (0.109 s/rep, ETA 0.1 h)
[     131s] 1200/4000 reps  (0.109 s/rep, ETA 0.1 h)
[     152s] 1400/4000 reps  (0.109 s/rep, ETA 0.1 h)
[     173s] 1600/4000 reps  (0.108 s/rep, ETA 0.1 h)
native run: output C:\Users\guill\oeis-sniper\attacks\A027624\rust\..\results/a8_sym.txt, log C:\Users\guill\oeis-sniper\attacks\A027624\rust\..\logs/a8_gpu.log
1228158 reps loaded; swap symmetry on (weighted rep sums)
2332 reps to do (1668 already in the output)
[      21s] 200/2332 reps  (0.103 s/rep, ETA 0.1 h)
[      41s] 400/2332 reps  (0.103 s/rep, ETA 0.1 h)
[      62s] 600/2332 reps  (0.103 s/rep, ETA 0.0 h)
[      83s] 800/2332 reps  (0.104 s/rep, ETA 0.0 h)
[     105s] 1000/2332 reps  (0.105 s/rep, ETA 0.0 h)
[     127s] 1200/2332 reps  (0.106 s/rep, ETA 0.0 h)
[     148s] 1400/2332 reps  (0.106 s/rep, ETA 0.0 h)
[     170s] 1600/2332 reps  (0.106 s/rep, ETA 0.0 h)
[     191s] 1800/2332 reps  (0.106 s/rep, ETA 0.0 h)
[     211s] 2000/2332 reps  (0.106 s/rep, ETA 0.0 h)
[     231s] 2200/2332 reps  (0.105 s/rep, ETA 0.0 h)
[     245s] 2332/2332 reps  (0.105 s/rep, ETA 0.0 h)
done: 2332 reps in 244.7s (0.105 s/rep)
[245 s] reps done through 4000 of 1228158
1228158 reps loaded; swap symmetry on (weighted rep sums)
4000 reps to do (4000 already in the output)
[      20s] 200/4000 reps  (0.102 s/rep, ETA 0.1 h)
[      43s] 400/4000 reps  (0.107 s/rep, ETA 0.1 h)
[      64s] 600/4000 reps  (0.107 s/rep, ETA 0.1 h)
[      86s] 800/4000 reps  (0.107 s/rep, ETA 0.1 h)
[     108s] 1000/4000 reps  (0.108 s/rep, ETA 0.1 h)
[     129s] 1200/4000 reps  (0.108 s/rep, ETA 0.1 h)
[     150s] 1400/4000 reps  (0.107 s/rep, ETA 0.1 h)
[     172s] 1600/4000 reps  (0.107 s/rep, ETA 0.1 h)
[     194s] 1800/4000 reps  (0.108 s/rep, ETA 0.1 h)
[     216s] 2000/4000 reps  (0.108 s/rep, ETA 0.1 h)
[     237s] 2200/4000 reps  (0.108 s/rep, ETA 0.1 h)
[     260s] 2400/4000 reps  (0.108 s/rep, ETA 0.0 h)
[     282s] 2600/4000 reps  (0.109 s/rep, ETA 0.0 h)
[     302s] 2800/4000 reps  (0.108 s/rep, ETA 0.0 h)
[     323s] 3000/4000 reps  (0.108 s/rep, ETA 0.0 h)
[     342s] 3200/4000 reps  (0.107 s/rep, ETA 0.0 h)
[     364s] 3400/4000 reps  (0.107 s/rep, ETA 0.0 h)
[     383s] 3600/4000 reps  (0.107 s/rep, ETA 0.0 h)
[     403s] 3800/4000 reps  (0.106 s/rep, ETA 0.0 h)
[     423s] 4000/4000 reps  (0.106 s/rep, ETA 0.0 h)
done: 4000 reps in 423.5s (0.106 s/rep)
[669 s] reps done through 8000 of 1228158
1228158 reps loaded; swap symmetry on (weighted rep sums)
4000 reps to do (8000 already in the output)
[      19s] 200/4000 reps  (0.097 s/rep, ETA 0.1 h)
[      40s] 400/4000 reps  (0.100 s/rep, ETA 0.1 h)
[      61s] 600/4000 reps  (0.101 s/rep, ETA 0.1 h)
[      82s] 800/4000 reps  (0.102 s/rep, ETA 0.1 h)
[     101s] 1000/4000 reps  (0.101 s/rep, ETA 0.1 h)
[     121s] 1200/4000 reps  (0.101 s/rep, ETA 0.1 h)
[     140s] 1400/4000 reps  (0.100 s/rep, ETA 0.1 h)
[     159s] 1600/4000 reps  (0.100 s/rep, ETA 0.1 h)
[     178s] 1800/4000 reps  (0.099 s/rep, ETA 0.1 h)
[     197s] 2000/4000 reps  (0.098 s/rep, ETA 0.1 h)
[     218s] 2200/4000 reps  (0.099 s/rep, ETA 0.0 h)
[     240s] 2400/4000 reps  (0.100 s/rep, ETA 0.0 h)
[     261s] 2600/4000 reps  (0.100 s/rep, ETA 0.0 h)
[     281s] 2800/4000 reps  (0.101 s/rep, ETA 0.0 h)
[     302s] 3000/4000 reps  (0.101 s/rep, ETA 0.0 h)
[     323s] 3200/4000 reps  (0.101 s/rep, ETA 0.0 h)
[     345s] 3400/4000 reps  (0.101 s/rep, ETA 0.0 h)
[     365s] 3600/4000 reps  (0.101 s/rep, ETA 0.0 h)
[     385s] 3800/4000 reps  (0.101 s/rep, ETA 0.0 h)
[     406s] 4000/4000 reps  (0.102 s/rep, ETA 0.0 h)
done: 4000 reps in 406.4s (0.102 s/rep)
[1076 s] reps done through 12000 of 1228158
1228158 reps loaded; swap symmetry on (weighted rep sums)
4000 reps to do (12000 already in the output)
[      21s] 200/4000 reps  (0.103 s/rep, ETA 0.1 h)
[      41s] 400/4000 reps  (0.103 s/rep, ETA 0.1 h)
[      62s] 600/4000 reps  (0.103 s/rep, ETA 0.1 h)
[      82s] 800/4000 reps  (0.103 s/rep, ETA 0.1 h)
[     102s] 1000/4000 reps  (0.102 s/rep, ETA 0.1 h)
[     123s] 1200/4000 reps  (0.102 s/rep, ETA 0.1 h)
[     142s] 1400/4000 reps  (0.102 s/rep, ETA 0.1 h)
[     162s] 1600/4000 reps  (0.101 s/rep, ETA 0.1 h)
[     184s] 1800/4000 reps  (0.102 s/rep, ETA 0.1 h)
[     205s] 2000/4000 reps  (0.102 s/rep, ETA 0.1 h)
[     225s] 2200/4000 reps  (0.102 s/rep, ETA 0.1 h)
[     245s] 2400/4000 reps  (0.102 s/rep, ETA 0.0 h)
[     266s] 2600/4000 reps  (0.102 s/rep, ETA 0.0 h)
[     286s] 2800/4000 reps  (0.102 s/rep, ETA 0.0 h)
[     306s] 3000/4000 reps  (0.102 s/rep, ETA 0.0 h)
[     325s] 3200/4000 reps  (0.102 s/rep, ETA 0.0 h)
[     345s] 3400/4000 reps  (0.101 s/rep, ETA 0.0 h)
[     365s] 3600/4000 reps  (0.101 s/rep, ETA 0.0 h)
[     387s] 3800/4000 reps  (0.102 s/rep, ETA 0.0 h)
[     407s] 4000/4000 reps  (0.102 s/rep, ETA 0.0 h)
done: 4000 reps in 407.2s (0.102 s/rep)
[1484 s] reps done through 16000 of 1228158
1228158 reps loaded; swap symmetry on (weighted rep sums)
4000 reps to do (16000 already in the output)
[      20s] 200/4000 reps  (0.100 s/rep, ETA 0.1 h)
[      41s] 400/4000 reps  (0.103 s/rep, ETA 0.1 h)
[      61s] 600/4000 reps  (0.102 s/rep, ETA 0.1 h)
[      82s] 800/4000 reps  (0.102 s/rep, ETA 0.1 h)
[     102s] 1000/4000 reps  (0.102 s/rep, ETA 0.1 h)
[     121s] 1200/4000 reps  (0.101 s/rep, ETA 0.1 h)
[     140s] 1400/4000 reps  (0.100 s/rep, ETA 0.1 h)
[     160s] 1600/4000 reps  (0.100 s/rep, ETA 0.1 h)
[     179s] 1800/4000 reps  (0.100 s/rep, ETA 0.1 h)
[     198s] 2000/4000 reps  (0.099 s/rep, ETA 0.1 h)
[     216s] 2200/4000 reps  (0.098 s/rep, ETA 0.0 h)
[     236s] 2400/4000 reps  (0.098 s/rep, ETA 0.0 h)
[     256s] 2600/4000 reps  (0.098 s/rep, ETA 0.0 h)
[     275s] 2800/4000 reps  (0.098 s/rep, ETA 0.0 h)
[     295s] 3000/4000 reps  (0.098 s/rep, ETA 0.0 h)
[     315s] 3200/4000 reps  (0.099 s/rep, ETA 0.0 h)
[     335s] 3400/4000 reps  (0.099 s/rep, ETA 0.0 h)
[     355s] 3600/4000 reps  (0.098 s/rep, ETA 0.0 h)
[     374s] 3800/4000 reps  (0.098 s/rep, ETA 0.0 h)
[     393s] 4000/4000 reps  (0.098 s/rep, ETA 0.0 h)
done: 4000 reps in 392.9s (0.098 s/rep)
[1877 s] reps done through 20000 of 1228158
1228158 reps loaded; swap symmetry on (weighted rep sums)
4000 reps to do (20000 already in the output)
[      20s] 200/4000 reps  (0.099 s/rep, ETA 0.1 h)
[      39s] 400/4000 reps  (0.098 s/rep, ETA 0.1 h)
[      59s] 600/4000 reps  (0.098 s/rep, ETA 0.1 h)
[      78s] 800/4000 reps  (0.098 s/rep, ETA 0.1 h)
[      97s] 1000/4000 reps  (0.097 s/rep, ETA 0.1 h)
[     117s] 1200/4000 reps  (0.097 s/rep, ETA 0.1 h)
[     135s] 1400/4000 reps  (0.097 s/rep, ETA 0.1 h)
[     153s] 1600/4000 reps  (0.096 s/rep, ETA 0.1 h)
[     174s] 1800/4000 reps  (0.096 s/rep, ETA 0.1 h)
[     194s] 2000/4000 reps  (0.097 s/rep, ETA 0.1 h)
[     213s] 2200/4000 reps  (0.097 s/rep, ETA 0.0 h)
[     232s] 2400/4000 reps  (0.097 s/rep, ETA 0.0 h)
[     252s] 2600/4000 reps  (0.097 s/rep, ETA 0.0 h)
[     271s] 2800/4000 reps  (0.097 s/rep, ETA 0.0 h)
[     290s] 3000/4000 reps  (0.097 s/rep, ETA 0.0 h)
[     309s] 3200/4000 reps  (0.097 s/rep, ETA 0.0 h)
[     327s] 3400/4000 reps  (0.096 s/rep, ETA 0.0 h)
[     346s] 3600/4000 reps  (0.096 s/rep, ETA 0.0 h)
[     364s] 3800/4000 reps  (0.096 s/rep, ETA 0.0 h)
[     382s] 4000/4000 reps  (0.096 s/rep, ETA 0.0 h)
done: 4000 reps in 382.4s (0.096 s/rep)
[2260 s] reps done through 24000 of 1228158
1228158 reps loaded; swap symmetry on (weighted rep sums)
4000 reps to do (24000 already in the output)
[      20s] 200/4000 reps  (0.100 s/rep, ETA 0.1 h)
[      39s] 400/4000 reps  (0.097 s/rep, ETA 0.1 h)
[      59s] 600/4000 reps  (0.099 s/rep, ETA 0.1 h)
[      80s] 800/4000 reps  (0.100 s/rep, ETA 0.1 h)
[      99s] 1000/4000 reps  (0.099 s/rep, ETA 0.1 h)
[     119s] 1200/4000 reps  (0.099 s/rep, ETA 0.1 h)
[     138s] 1400/4000 reps  (0.098 s/rep, ETA 0.1 h)
[     157s] 1600/4000 reps  (0.098 s/rep, ETA 0.1 h)
[     177s] 1800/4000 reps  (0.098 s/rep, ETA 0.1 h)
[     196s] 2000/4000 reps  (0.098 s/rep, ETA 0.1 h)
[     216s] 2200/4000 reps  (0.098 s/rep, ETA 0.0 h)
[     236s] 2400/4000 reps  (0.098 s/rep, ETA 0.0 h)
[     255s] 2600/4000 reps  (0.098 s/rep, ETA 0.0 h)
[     273s] 2800/4000 reps  (0.098 s/rep, ETA 0.0 h)
[     292s] 3000/4000 reps  (0.097 s/rep, ETA 0.0 h)
[     309s] 3200/4000 reps  (0.097 s/rep, ETA 0.0 h)
[     330s] 3400/4000 reps  (0.097 s/rep, ETA 0.0 h)
[     349s] 3600/4000 reps  (0.097 s/rep, ETA 0.0 h)
[     368s] 3800/4000 reps  (0.097 s/rep, ETA 0.0 h)
[     386s] 4000/4000 reps  (0.097 s/rep, ETA 0.0 h)
done: 4000 reps in 386.2s (0.097 s/rep)
[2646 s] reps done through 28000 of 1228158
1228158 reps loaded; swap symmetry on (weighted rep sums)
4000 reps to do (28000 already in the output)
[      19s] 200/4000 reps  (0.097 s/rep, ETA 0.1 h)
[      38s] 400/4000 reps  (0.094 s/rep, ETA 0.1 h)
[      56s] 600/4000 reps  (0.093 s/rep, ETA 0.1 h)
[      74s] 800/4000 reps  (0.092 s/rep, ETA 0.1 h)
[      92s] 1000/4000 reps  (0.092 s/rep, ETA 0.1 h)
[     109s] 1200/4000 reps  (0.091 s/rep, ETA 0.1 h)
[     127s] 1400/4000 reps  (0.091 s/rep, ETA 0.1 h)
[     147s] 1600/4000 reps  (0.092 s/rep, ETA 0.1 h)
[     166s] 1800/4000 reps  (0.092 s/rep, ETA 0.1 h)
[     184s] 2000/4000 reps  (0.092 s/rep, ETA 0.1 h)
[     202s] 2200/4000 reps  (0.092 s/rep, ETA 0.0 h)
[     219s] 2400/4000 reps  (0.091 s/rep, ETA 0.0 h)
[     238s] 2600/4000 reps  (0.092 s/rep, ETA 0.0 h)
[     257s] 2800/4000 reps  (0.092 s/rep, ETA 0.0 h)
[     275s] 3000/4000 reps  (0.092 s/rep, ETA 0.0 h)
[     292s] 3200/4000 reps  (0.091 s/rep, ETA 0.0 h)
[     309s] 3400/4000 reps  (0.091 s/rep, ETA 0.0 h)
[     325s] 3600/4000 reps  (0.090 s/rep, ETA 0.0 h)
[     343s] 3800/4000 reps  (0.090 s/rep, ETA 0.0 h)
[     362s] 4000/4000 reps  (0.090 s/rep, ETA 0.0 h)
done: 4000 reps in 361.9s (0.090 s/rep)
[3009 s] reps done through 32000 of 1228158
1228158 reps loaded; swap symmetry on (weighted rep sums)
4000 reps to do (32000 already in the output)
[      18s] 200/4000 reps  (0.091 s/rep, ETA 0.1 h)
[      37s] 400/4000 reps  (0.093 s/rep, ETA 0.1 h)
[      56s] 600/4000 reps  (0.093 s/rep, ETA 0.1 h)
[      73s] 800/4000 reps  (0.092 s/rep, ETA 0.1 h)
[      91s] 1000/4000 reps  (0.091 s/rep, ETA 0.1 h)
[     111s] 1200/4000 reps  (0.092 s/rep, ETA 0.1 h)
[     129s] 1400/4000 reps  (0.092 s/rep, ETA 0.1 h)
[     146s] 1600/4000 reps  (0.092 s/rep, ETA 0.1 h)
[     165s] 1800/4000 reps  (0.092 s/rep, ETA 0.1 h)
[     183s] 2000/4000 reps  (0.091 s/rep, ETA 0.1 h)
[     200s] 2200/4000 reps  (0.091 s/rep, ETA 0.0 h)
[     217s] 2400/4000 reps  (0.090 s/rep, ETA 0.0 h)
[     233s] 2600/4000 reps  (0.090 s/rep, ETA 0.0 h)
[     250s] 2800/4000 reps  (0.089 s/rep, ETA 0.0 h)
[     265s] 3000/4000 reps  (0.088 s/rep, ETA 0.0 h)
[     286s] 3200/4000 reps  (0.089 s/rep, ETA 0.0 h)
[     307s] 3400/4000 reps  (0.090 s/rep, ETA 0.0 h)
[     328s] 3600/4000 reps  (0.091 s/rep, ETA 0.0 h)
[     348s] 3800/4000 reps  (0.092 s/rep, ETA 0.0 h)
[     368s] 4000/4000 reps  (0.092 s/rep, ETA 0.0 h)
done: 4000 reps in 367.7s (0.092 s/rep)
[3377 s] reps done through 36000 of 1228158
1228158 reps loaded; swap symmetry on (weighted rep sums)
4000 reps to do (36000 already in the output)
[      21s] 200/4000 reps  (0.103 s/rep, ETA 0.1 h)
[      42s] 400/4000 reps  (0.104 s/rep, ETA 0.1 h)
[      63s] 600/4000 reps  (0.104 s/rep, ETA 0.1 h)
[      83s] 800/4000 reps  (0.104 s/rep, ETA 0.1 h)
[     103s] 1000/4000 reps  (0.103 s/rep, ETA 0.1 h)
[     123s] 1200/4000 reps  (0.103 s/rep, ETA 0.1 h)
[     143s] 1400/4000 reps  (0.102 s/rep, ETA 0.1 h)
[     163s] 1600/4000 reps  (0.102 s/rep, ETA 0.1 h)
[     182s] 1800/4000 reps  (0.101 s/rep, ETA 0.1 h)
[     201s] 2000/4000 reps  (0.101 s/rep, ETA 0.1 h)
[     222s] 2200/4000 reps  (0.101 s/rep, ETA 0.1 h)
[     242s] 2400/4000 reps  (0.101 s/rep, ETA 0.0 h)
[     261s] 2600/4000 reps  (0.100 s/rep, ETA 0.0 h)
[     279s] 2800/4000 reps  (0.100 s/rep, ETA 0.0 h)
[     299s] 3000/4000 reps  (0.100 s/rep, ETA 0.0 h)
[     321s] 3200/4000 reps  (0.100 s/rep, ETA 0.0 h)
[     341s] 3400/4000 reps  (0.100 s/rep, ETA 0.0 h)
[     362s] 3600/4000 reps  (0.101 s/rep, ETA 0.0 h)
[     382s] 3800/4000 reps  (0.101 s/rep, ETA 0.0 h)
[     402s] 4000/4000 reps  (0.101 s/rep, ETA 0.0 h)
done: 4000 reps in 402.5s (0.101 s/rep)
[3780 s] reps done through 40000 of 1228158
1228158 reps loaded; swap symmetry on (weighted rep sums)
4000 reps to do (40000 already in the output)
[      20s] 200/4000 reps  (0.099 s/rep, ETA 0.1 h)
[      41s] 400/4000 reps  (0.101 s/rep, ETA 0.1 h)
[      61s] 600/4000 reps  (0.102 s/rep, ETA 0.1 h)
[      82s] 800/4000 reps  (0.102 s/rep, ETA 0.1 h)
[     101s] 1000/4000 reps  (0.101 s/rep, ETA 0.1 h)
[     121s] 1200/4000 reps  (0.101 s/rep, ETA 0.1 h)
[     140s] 1400/4000 reps  (0.100 s/rep, ETA 0.1 h)
[     160s] 1600/4000 reps  (0.100 s/rep, ETA 0.1 h)
[     179s] 1800/4000 reps  (0.100 s/rep, ETA 0.1 h)
[     199s] 2000/4000 reps  (0.100 s/rep, ETA 0.1 h)
[     219s] 2200/4000 reps  (0.100 s/rep, ETA 0.0 h)
[     238s] 2400/4000 reps  (0.099 s/rep, ETA 0.0 h)
[     257s] 2600/4000 reps  (0.099 s/rep, ETA 0.0 h)
[     275s] 2800/4000 reps  (0.098 s/rep, ETA 0.0 h)
[     295s] 3000/4000 reps  (0.098 s/rep, ETA 0.0 h)
[     313s] 3200/4000 reps  (0.098 s/rep, ETA 0.0 h)
[     330s] 3400/4000 reps  (0.097 s/rep, ETA 0.0 h)
[     350s] 3600/4000 reps  (0.097 s/rep, ETA 0.0 h)
[     369s] 3800/4000 reps  (0.097 s/rep, ETA 0.0 h)
[     387s] 4000/4000 reps  (0.097 s/rep, ETA 0.0 h)
done: 4000 reps in 387.4s (0.097 s/rep)
[4167 s] reps done through 44000 of 1228158
1228158 reps loaded; swap symmetry on (weighted rep sums)
4000 reps to do (44000 already in the output)
[      17s] 200/4000 reps  (0.087 s/rep, ETA 0.1 h)
[      34s] 400/4000 reps  (0.084 s/rep, ETA 0.1 h)
[      53s] 600/4000 reps  (0.089 s/rep, ETA 0.1 h)
[      73s] 800/4000 reps  (0.091 s/rep, ETA 0.1 h)
[      91s] 1000/4000 reps  (0.091 s/rep, ETA 0.1 h)
[     109s] 1200/4000 reps  (0.091 s/rep, ETA 0.1 h)
[     127s] 1400/4000 reps  (0.091 s/rep, ETA 0.1 h)
[     147s] 1600/4000 reps  (0.092 s/rep, ETA 0.1 h)
[     166s] 1800/4000 reps  (0.092 s/rep, ETA 0.1 h)
[     184s] 2000/4000 reps  (0.092 s/rep, ETA 0.1 h)
[     202s] 2200/4000 reps  (0.092 s/rep, ETA 0.0 h)
[     220s] 2400/4000 reps  (0.092 s/rep, ETA 0.0 h)
[     238s] 2600/4000 reps  (0.092 s/rep, ETA 0.0 h)
[     256s] 2800/4000 reps  (0.091 s/rep, ETA 0.0 h)
[     272s] 3000/4000 reps  (0.091 s/rep, ETA 0.0 h)
[     291s] 3200/4000 reps  (0.091 s/rep, ETA 0.0 h)
[     309s] 3400/4000 reps  (0.091 s/rep, ETA 0.0 h)
[     327s] 3600/4000 reps  (0.091 s/rep, ETA 0.0 h)
[     343s] 3800/4000 reps  (0.090 s/rep, ETA 0.0 h)
[     361s] 4000/4000 reps  (0.090 s/rep, ETA 0.0 h)
done: 4000 reps in 361.3s (0.090 s/rep)
[4529 s] reps done through 48000 of 1228158
1228158 reps loaded; swap symmetry on (weighted rep sums)
4000 reps to do (48000 already in the output)
[      19s] 200/4000 reps  (0.097 s/rep, ETA 0.1 h)
[      39s] 400/4000 reps  (0.097 s/rep, ETA 0.1 h)
[      58s] 600/4000 reps  (0.096 s/rep, ETA 0.1 h)
[      76s] 800/4000 reps  (0.095 s/rep, ETA 0.1 h)
[      94s] 1000/4000 reps  (0.094 s/rep, ETA 0.1 h)
[     113s] 1200/4000 reps  (0.094 s/rep, ETA 0.1 h)
[     132s] 1400/4000 reps  (0.094 s/rep, ETA 0.1 h)
[     151s] 1600/4000 reps  (0.094 s/rep, ETA 0.1 h)
[     169s] 1800/4000 reps  (0.094 s/rep, ETA 0.1 h)
[     186s] 2000/4000 reps  (0.093 s/rep, ETA 0.1 h)
[     204s] 2200/4000 reps  (0.093 s/rep, ETA 0.0 h)
[     222s] 2400/4000 reps  (0.092 s/rep, ETA 0.0 h)
[     239s] 2600/4000 reps  (0.092 s/rep, ETA 0.0 h)
[     258s] 2800/4000 reps  (0.092 s/rep, ETA 0.0 h)
[     276s] 3000/4000 reps  (0.092 s/rep, ETA 0.0 h)
[     293s] 3200/4000 reps  (0.092 s/rep, ETA 0.0 h)
[     310s] 3400/4000 reps  (0.091 s/rep, ETA 0.0 h)
[     326s] 3600/4000 reps  (0.091 s/rep, ETA 0.0 h)
[     344s] 3800/4000 reps  (0.090 s/rep, ETA 0.0 h)
[     360s] 4000/4000 reps  (0.090 s/rep, ETA 0.0 h)
done: 4000 reps in 359.9s (0.090 s/rep)
[4889 s] reps done through 52000 of 1228158
1228158 reps loaded; swap symmetry on (weighted rep sums)
4000 reps to do (52000 already in the output)
[      16s] 200/4000 reps  (0.078 s/rep, ETA 0.1 h)
[      33s] 400/4000 reps  (0.082 s/rep, ETA 0.1 h)
[      50s] 600/4000 reps  (0.083 s/rep, ETA 0.1 h)
[      66s] 800/4000 reps  (0.083 s/rep, ETA 0.1 h)
[      82s] 1000/4000 reps  (0.082 s/rep, ETA 0.1 h)
[      96s] 1200/4000 reps  (0.080 s/rep, ETA 0.1 h)
[     117s] 1400/4000 reps  (0.083 s/rep, ETA 0.1 h)
[     137s] 1600/4000 reps  (0.086 s/rep, ETA 0.1 h)
[     158s] 1800/4000 reps  (0.088 s/rep, ETA 0.1 h)
[     179s] 2000/4000 reps  (0.089 s/rep, ETA 0.0 h)
[     200s] 2200/4000 reps  (0.091 s/rep, ETA 0.0 h)
[     221s] 2400/4000 reps  (0.092 s/rep, ETA 0.0 h)
[     241s] 2600/4000 reps  (0.093 s/rep, ETA 0.0 h)
[     261s] 2800/4000 reps  (0.093 s/rep, ETA 0.0 h)
[     281s] 3000/4000 reps  (0.094 s/rep, ETA 0.0 h)
[     301s] 3200/4000 reps  (0.094 s/rep, ETA 0.0 h)
[     320s] 3400/4000 reps  (0.094 s/rep, ETA 0.0 h)
[     341s] 3600/4000 reps  (0.095 s/rep, ETA 0.0 h)
[     361s] 3800/4000 reps  (0.095 s/rep, ETA 0.0 h)
[     382s] 4000/4000 reps  (0.095 s/rep, ETA 0.0 h)
done: 4000 reps in 381.5s (0.095 s/rep)
[5271 s] reps done through 56000 of 1228158
1228158 reps loaded; swap symmetry on (weighted rep sums)
4000 reps to do (56000 already in the output)
[      20s] 200/4000 reps  (0.099 s/rep, ETA 0.1 h)
[      39s] 400/4000 reps  (0.098 s/rep, ETA 0.1 h)
[      59s] 600/4000 reps  (0.098 s/rep, ETA 0.1 h)
[      78s] 800/4000 reps  (0.098 s/rep, ETA 0.1 h)
[      97s] 1000/4000 reps  (0.097 s/rep, ETA 0.1 h)
[     115s] 1200/4000 reps  (0.096 s/rep, ETA 0.1 h)
[     134s] 1400/4000 reps  (0.096 s/rep, ETA 0.1 h)
[     154s] 1600/4000 reps  (0.096 s/rep, ETA 0.1 h)
[     173s] 1800/4000 reps  (0.096 s/rep, ETA 0.1 h)
[     194s] 2000/4000 reps  (0.097 s/rep, ETA 0.1 h)
[     214s] 2200/4000 reps  (0.097 s/rep, ETA 0.0 h)
[     234s] 2400/4000 reps  (0.098 s/rep, ETA 0.0 h)
[     255s] 2600/4000 reps  (0.098 s/rep, ETA 0.0 h)
[     275s] 2800/4000 reps  (0.098 s/rep, ETA 0.0 h)
[     294s] 3000/4000 reps  (0.098 s/rep, ETA 0.0 h)
[     313s] 3200/4000 reps  (0.098 s/rep, ETA 0.0 h)
[     334s] 3400/4000 reps  (0.098 s/rep, ETA 0.0 h)
[     354s] 3600/4000 reps  (0.098 s/rep, ETA 0.0 h)
[     374s] 3800/4000 reps  (0.098 s/rep, ETA 0.0 h)
[     393s] 4000/4000 reps  (0.098 s/rep, ETA 0.0 h)
done: 4000 reps in 393.0s (0.098 s/rep)
[5664 s] reps done through 60000 of 1228158
1228158 reps loaded; swap symmetry on (weighted rep sums)
4000 reps to do (60000 already in the output)
[      20s] 200/4000 reps  (0.099 s/rep, ETA 0.1 h)
[      40s] 400/4000 reps  (0.099 s/rep, ETA 0.1 h)
[      59s] 600/4000 reps  (0.098 s/rep, ETA 0.1 h)
[      79s] 800/4000 reps  (0.098 s/rep, ETA 0.1 h)
[      98s] 1000/4000 reps  (0.098 s/rep, ETA 0.1 h)
[     117s] 1200/4000 reps  (0.098 s/rep, ETA 0.1 h)
[     136s] 1400/4000 reps  (0.097 s/rep, ETA 0.1 h)
[     155s] 1600/4000 reps  (0.097 s/rep, ETA 0.1 h)
[     174s] 1800/4000 reps  (0.097 s/rep, ETA 0.1 h)
[     195s] 2000/4000 reps  (0.097 s/rep, ETA 0.1 h)
[     215s] 2200/4000 reps  (0.098 s/rep, ETA 0.0 h)
[     234s] 2400/4000 reps  (0.098 s/rep, ETA 0.0 h)
[     255s] 2600/4000 reps  (0.098 s/rep, ETA 0.0 h)
[     275s] 2800/4000 reps  (0.098 s/rep, ETA 0.0 h)
[     295s] 3000/4000 reps  (0.098 s/rep, ETA 0.0 h)
[     314s] 3200/4000 reps  (0.098 s/rep, ETA 0.0 h)
[     333s] 3400/4000 reps  (0.098 s/rep, ETA 0.0 h)
[     353s] 3600/4000 reps  (0.098 s/rep, ETA 0.0 h)
[     372s] 3800/4000 reps  (0.098 s/rep, ETA 0.0 h)
[     391s] 4000/4000 reps  (0.098 s/rep, ETA 0.0 h)
done: 4000 reps in 391.1s (0.098 s/rep)
[6056 s] reps done through 64000 of 1228158
1228158 reps loaded; swap symmetry on (weighted rep sums)
4000 reps to do (64000 already in the output)
[      18s] 200/4000 reps  (0.090 s/rep, ETA 0.1 h)
[      38s] 400/4000 reps  (0.096 s/rep, ETA 0.1 h)
[      58s] 600/4000 reps  (0.096 s/rep, ETA 0.1 h)
[      77s] 800/4000 reps  (0.096 s/rep, ETA 0.1 h)
[      95s] 1000/4000 reps  (0.095 s/rep, ETA 0.1 h)
[     113s] 1200/4000 reps  (0.094 s/rep, ETA 0.1 h)
[     131s] 1400/4000 reps  (0.093 s/rep, ETA 0.1 h)
[     151s] 1600/4000 reps  (0.094 s/rep, ETA 0.1 h)
[     171s] 1800/4000 reps  (0.095 s/rep, ETA 0.1 h)
[     190s] 2000/4000 reps  (0.095 s/rep, ETA 0.1 h)
[     210s] 2200/4000 reps  (0.096 s/rep, ETA 0.0 h)
[     231s] 2400/4000 reps  (0.096 s/rep, ETA 0.0 h)
[     251s] 2600/4000 reps  (0.096 s/rep, ETA 0.0 h)
[     271s] 2800/4000 reps  (0.097 s/rep, ETA 0.0 h)
[     291s] 3000/4000 reps  (0.097 s/rep, ETA 0.0 h)
[     311s] 3200/4000 reps  (0.097 s/rep, ETA 0.0 h)
[     330s] 3400/4000 reps  (0.097 s/rep, ETA 0.0 h)
[     349s] 3600/4000 reps  (0.097 s/rep, ETA 0.0 h)
[     368s] 3800/4000 reps  (0.097 s/rep, ETA 0.0 h)
[     388s] 4000/4000 reps  (0.097 s/rep, ETA 0.0 h)
done: 4000 reps in 388.4s (0.097 s/rep)
[6445 s] reps done through 68000 of 1228158
1228158 reps loaded; swap symmetry on (weighted rep sums)
4000 reps to do (68000 already in the output)
[      21s] 200/4000 reps  (0.103 s/rep, ETA 0.1 h)
[      41s] 400/4000 reps  (0.102 s/rep, ETA 0.1 h)
[      61s] 600/4000 reps  (0.101 s/rep, ETA 0.1 h)
[      80s] 800/4000 reps  (0.099 s/rep, ETA 0.1 h)
[     100s] 1000/4000 reps  (0.100 s/rep, ETA 0.1 h)
[     119s] 1200/4000 reps  (0.099 s/rep, ETA 0.1 h)
[     139s] 1400/4000 reps  (0.099 s/rep, ETA 0.1 h)
[     158s] 1600/4000 reps  (0.099 s/rep, ETA 0.1 h)
[     177s] 1800/4000 reps  (0.099 s/rep, ETA 0.1 h)
[     197s] 2000/4000 reps  (0.098 s/rep, ETA 0.1 h)
[     215s] 2200/4000 reps  (0.098 s/rep, ETA 0.0 h)
[     234s] 2400/4000 reps  (0.097 s/rep, ETA 0.0 h)
[     253s] 2600/4000 reps  (0.097 s/rep, ETA 0.0 h)
[     273s] 2800/4000 reps  (0.097 s/rep, ETA 0.0 h)
[     293s] 3000/4000 reps  (0.098 s/rep, ETA 0.0 h)
[     312s] 3200/4000 reps  (0.097 s/rep, ETA 0.0 h)
[     331s] 3400/4000 reps  (0.097 s/rep, ETA 0.0 h)
[     350s] 3600/4000 reps  (0.097 s/rep, ETA 0.0 h)
[     369s] 3800/4000 reps  (0.097 s/rep, ETA 0.0 h)
[     388s] 4000/4000 reps  (0.097 s/rep, ETA 0.0 h)
done: 4000 reps in 388.2s (0.097 s/rep)
[6833 s] reps done through 72000 of 1228158
1228158 reps loaded; swap symmetry on (weighted rep sums)
4000 reps to do (72000 already in the output)
[      19s] 200/4000 reps  (0.096 s/rep, ETA 0.1 h)
[      38s] 400/4000 reps  (0.095 s/rep, ETA 0.1 h)
[      56s] 600/4000 reps  (0.094 s/rep, ETA 0.1 h)
[      75s] 800/4000 reps  (0.094 s/rep, ETA 0.1 h)
[      94s] 1000/4000 reps  (0.094 s/rep, ETA 0.1 h)
[     112s] 1200/4000 reps  (0.093 s/rep, ETA 0.1 h)
[     130s] 1400/4000 reps  (0.093 s/rep, ETA 0.1 h)
[     148s] 1600/4000 reps  (0.092 s/rep, ETA 0.1 h)
[     165s] 1800/4000 reps  (0.092 s/rep, ETA 0.1 h)
[     186s] 2000/4000 reps  (0.093 s/rep, ETA 0.1 h)
[     206s] 2200/4000 reps  (0.093 s/rep, ETA 0.0 h)
[     225s] 2400/4000 reps  (0.094 s/rep, ETA 0.0 h)
[     244s] 2600/4000 reps  (0.094 s/rep, ETA 0.0 h)
[     263s] 2800/4000 reps  (0.094 s/rep, ETA 0.0 h)
[     282s] 3000/4000 reps  (0.094 s/rep, ETA 0.0 h)
[     301s] 3200/4000 reps  (0.094 s/rep, ETA 0.0 h)
[     319s] 3400/4000 reps  (0.094 s/rep, ETA 0.0 h)
[     337s] 3600/4000 reps  (0.094 s/rep, ETA 0.0 h)
[     355s] 3800/4000 reps  (0.093 s/rep, ETA 0.0 h)
[     374s] 4000/4000 reps  (0.094 s/rep, ETA 0.0 h)
done: 4000 reps in 374.5s (0.094 s/rep)
[7208 s] reps done through 76000 of 1228158
1228158 reps loaded; swap symmetry on (weighted rep sums)
4000 reps to do (76000 already in the output)
[      19s] 200/4000 reps  (0.094 s/rep, ETA 0.1 h)
[      37s] 400/4000 reps  (0.091 s/rep, ETA 0.1 h)
[      55s] 600/4000 reps  (0.091 s/rep, ETA 0.1 h)
[      72s] 800/4000 reps  (0.091 s/rep, ETA 0.1 h)
[      91s] 1000/4000 reps  (0.091 s/rep, ETA 0.1 h)
[     109s] 1200/4000 reps  (0.091 s/rep, ETA 0.1 h)
[     127s] 1400/4000 reps  (0.090 s/rep, ETA 0.1 h)
[     143s] 1600/4000 reps  (0.089 s/rep, ETA 0.1 h)
[     159s] 1800/4000 reps  (0.088 s/rep, ETA 0.1 h)
[     176s] 2000/4000 reps  (0.088 s/rep, ETA 0.0 h)
[     194s] 2200/4000 reps  (0.088 s/rep, ETA 0.0 h)
[     212s] 2400/4000 reps  (0.088 s/rep, ETA 0.0 h)
[     230s] 2600/4000 reps  (0.089 s/rep, ETA 0.0 h)
[     248s] 2800/4000 reps  (0.089 s/rep, ETA 0.0 h)
[     266s] 3000/4000 reps  (0.089 s/rep, ETA 0.0 h)
[     284s] 3200/4000 reps  (0.089 s/rep, ETA 0.0 h)
[     301s] 3400/4000 reps  (0.088 s/rep, ETA 0.0 h)
[     318s] 3600/4000 reps  (0.088 s/rep, ETA 0.0 h)
[     336s] 3800/4000 reps  (0.089 s/rep, ETA 0.0 h)
[     354s] 4000/4000 reps  (0.088 s/rep, ETA 0.0 h)
done: 4000 reps in 353.7s (0.088 s/rep)
[7562 s] reps done through 80000 of 1228158
1228158 reps loaded; swap symmetry on (weighted rep sums)
4000 reps to do (80000 already in the output)
[      19s] 200/4000 reps  (0.093 s/rep, ETA 0.1 h)
[      37s] 400/4000 reps  (0.092 s/rep, ETA 0.1 h)
[      54s] 600/4000 reps  (0.090 s/rep, ETA 0.1 h)
[      73s] 800/4000 reps  (0.091 s/rep, ETA 0.1 h)
[      92s] 1000/4000 reps  (0.092 s/rep, ETA 0.1 h)
[     109s] 1200/4000 reps  (0.091 s/rep, ETA 0.1 h)
[     127s] 1400/4000 reps  (0.091 s/rep, ETA 0.1 h)
[     144s] 1600/4000 reps  (0.090 s/rep, ETA 0.1 h)
[     162s] 1800/4000 reps  (0.090 s/rep, ETA 0.1 h)
[     178s] 2000/4000 reps  (0.089 s/rep, ETA 0.0 h)
[     196s] 2200/4000 reps  (0.089 s/rep, ETA 0.0 h)
[     215s] 2400/4000 reps  (0.090 s/rep, ETA 0.0 h)
[     234s] 2600/4000 reps  (0.090 s/rep, ETA 0.0 h)
[     253s] 2800/4000 reps  (0.090 s/rep, ETA 0.0 h)
[     271s] 3000/4000 reps  (0.090 s/rep, ETA 0.0 h)
[     289s] 3200/4000 reps  (0.090 s/rep, ETA 0.0 h)
[     309s] 3400/4000 reps  (0.091 s/rep, ETA 0.0 h)
[     327s] 3600/4000 reps  (0.091 s/rep, ETA 0.0 h)
[     345s] 3800/4000 reps  (0.091 s/rep, ETA 0.0 h)
[     364s] 4000/4000 reps  (0.091 s/rep, ETA 0.0 h)
done: 4000 reps in 364.0s (0.091 s/rep)
[7927 s] reps done through 84000 of 1228158
1228158 reps loaded; swap symmetry on (weighted rep sums)
4000 reps to do (84000 already in the output)
[      18s] 200/4000 reps  (0.092 s/rep, ETA 0.1 h)
[      36s] 400/4000 reps  (0.090 s/rep, ETA 0.1 h)
[      54s] 600/4000 reps  (0.089 s/rep, ETA 0.1 h)
[      70s] 800/4000 reps  (0.088 s/rep, ETA 0.1 h)
[      88s] 1000/4000 reps  (0.088 s/rep, ETA 0.1 h)
[     106s] 1200/4000 reps  (0.088 s/rep, ETA 0.1 h)
[     124s] 1400/4000 reps  (0.088 s/rep, ETA 0.1 h)
[     142s] 1600/4000 reps  (0.089 s/rep, ETA 0.1 h)
[     159s] 1800/4000 reps  (0.089 s/rep, ETA 0.1 h)
[     177s] 2000/4000 reps  (0.089 s/rep, ETA 0.0 h)
[     194s] 2200/4000 reps  (0.088 s/rep, ETA 0.0 h)
[     212s] 2400/4000 reps  (0.088 s/rep, ETA 0.0 h)
[     230s] 2600/4000 reps  (0.089 s/rep, ETA 0.0 h)
[     248s] 2800/4000 reps  (0.088 s/rep, ETA 0.0 h)
[     266s] 3000/4000 reps  (0.089 s/rep, ETA 0.0 h)
[     283s] 3200/4000 reps  (0.088 s/rep, ETA 0.0 h)
[     299s] 3400/4000 reps  (0.088 s/rep, ETA 0.0 h)
[     317s] 3600/4000 reps  (0.088 s/rep, ETA 0.0 h)
[     333s] 3800/4000 reps  (0.088 s/rep, ETA 0.0 h)
[     350s] 4000/4000 reps  (0.087 s/rep, ETA 0.0 h)
done: 4000 reps in 349.7s (0.087 s/rep)
[8277 s] reps done through 88000 of 1228158
1228158 reps loaded; swap symmetry on (weighted rep sums)
4000 reps to do (88000 already in the output)
[      15s] 200/4000 reps  (0.077 s/rep, ETA 0.1 h)
[      31s] 400/4000 reps  (0.078 s/rep, ETA 0.1 h)
[      50s] 600/4000 reps  (0.084 s/rep, ETA 0.1 h)
[      69s] 800/4000 reps  (0.086 s/rep, ETA 0.1 h)
[      86s] 1000/4000 reps  (0.086 s/rep, ETA 0.1 h)
[     105s] 1200/4000 reps  (0.088 s/rep, ETA 0.1 h)
[     124s] 1400/4000 reps  (0.088 s/rep, ETA 0.1 h)
[     141s] 1600/4000 reps  (0.088 s/rep, ETA 0.1 h)
[     159s] 1800/4000 reps  (0.088 s/rep, ETA 0.1 h)
[     177s] 2000/4000 reps  (0.088 s/rep, ETA 0.0 h)
[     194s] 2200/4000 reps  (0.088 s/rep, ETA 0.0 h)
[     210s] 2400/4000 reps  (0.087 s/rep, ETA 0.0 h)
[     227s] 2600/4000 reps  (0.087 s/rep, ETA 0.0 h)
[     245s] 2800/4000 reps  (0.088 s/rep, ETA 0.0 h)
[     263s] 3000/4000 reps  (0.088 s/rep, ETA 0.0 h)
[     279s] 3200/4000 reps  (0.087 s/rep, ETA 0.0 h)
[     297s] 3400/4000 reps  (0.087 s/rep, ETA 0.0 h)
[     314s] 3600/4000 reps  (0.087 s/rep, ETA 0.0 h)
[     332s] 3800/4000 reps  (0.087 s/rep, ETA 0.0 h)
[     348s] 4000/4000 reps  (0.087 s/rep, ETA 0.0 h)
done: 4000 reps in 348.5s (0.087 s/rep)
[8625 s] reps done through 92000 of 1228158
1228158 reps loaded; swap symmetry on (weighted rep sums)
4000 reps to do (92000 already in the output)
[      16s] 200/4000 reps  (0.081 s/rep, ETA 0.1 h)
[      32s] 400/4000 reps  (0.081 s/rep, ETA 0.1 h)
[      48s] 600/4000 reps  (0.079 s/rep, ETA 0.1 h)
[      65s] 800/4000 reps  (0.081 s/rep, ETA 0.1 h)
[      82s] 1000/4000 reps  (0.082 s/rep, ETA 0.1 h)
[      99s] 1200/4000 reps  (0.082 s/rep, ETA 0.1 h)
[     116s] 1400/4000 reps  (0.083 s/rep, ETA 0.1 h)
[     133s] 1600/4000 reps  (0.083 s/rep, ETA 0.1 h)
[     149s] 1800/4000 reps  (0.083 s/rep, ETA 0.1 h)
[     165s] 2000/4000 reps  (0.082 s/rep, ETA 0.0 h)
[     180s] 2200/4000 reps  (0.082 s/rep, ETA 0.0 h)
[     196s] 2400/4000 reps  (0.082 s/rep, ETA 0.0 h)
[     210s] 2600/4000 reps  (0.081 s/rep, ETA 0.0 h)
[     226s] 2800/4000 reps  (0.081 s/rep, ETA 0.0 h)
[     244s] 3000/4000 reps  (0.081 s/rep, ETA 0.0 h)
[     262s] 3200/4000 reps  (0.082 s/rep, ETA 0.0 h)
[     280s] 3400/4000 reps  (0.082 s/rep, ETA 0.0 h)
[     298s] 3600/4000 reps  (0.083 s/rep, ETA 0.0 h)
[     316s] 3800/4000 reps  (0.083 s/rep, ETA 0.0 h)
[     335s] 4000/4000 reps  (0.084 s/rep, ETA 0.0 h)
done: 4000 reps in 335.0s (0.084 s/rep)
[8961 s] reps done through 96000 of 1228158
1228158 reps loaded; swap symmetry on (weighted rep sums)
4000 reps to do (96000 already in the output)
[      18s] 200/4000 reps  (0.091 s/rep, ETA 0.1 h)
[      36s] 400/4000 reps  (0.090 s/rep, ETA 0.1 h)
[      53s] 600/4000 reps  (0.088 s/rep, ETA 0.1 h)
[      71s] 800/4000 reps  (0.088 s/rep, ETA 0.1 h)
[      90s] 1000/4000 reps  (0.090 s/rep, ETA 0.1 h)
[     109s] 1200/4000 reps  (0.091 s/rep, ETA 0.1 h)
[     128s] 1400/4000 reps  (0.091 s/rep, ETA 0.1 h)
[     147s] 1600/4000 reps  (0.092 s/rep, ETA 0.1 h)
[     166s] 1800/4000 reps  (0.092 s/rep, ETA 0.1 h)
[     183s] 2000/4000 reps  (0.092 s/rep, ETA 0.1 h)
[     201s] 2200/4000 reps  (0.091 s/rep, ETA 0.0 h)
[     219s] 2400/4000 reps  (0.091 s/rep, ETA 0.0 h)
[     237s] 2600/4000 reps  (0.091 s/rep, ETA 0.0 h)
[     254s] 2800/4000 reps  (0.091 s/rep, ETA 0.0 h)
[     273s] 3000/4000 reps  (0.091 s/rep, ETA 0.0 h)
[     291s] 3200/4000 reps  (0.091 s/rep, ETA 0.0 h)
[     308s] 3400/4000 reps  (0.091 s/rep, ETA 0.0 h)
[     325s] 3600/4000 reps  (0.090 s/rep, ETA 0.0 h)
[     340s] 3800/4000 reps  (0.089 s/rep, ETA 0.0 h)
[     359s] 4000/4000 reps  (0.090 s/rep, ETA 0.0 h)
done: 4000 reps in 358.5s (0.090 s/rep)
[9320 s] reps done through 100000 of 1228158
1228158 reps loaded; swap symmetry on (weighted rep sums)
4000 reps to do (100000 already in the output)
[      19s] 200/4000 reps  (0.095 s/rep, ETA 0.1 h)
[      39s] 400/4000 reps  (0.096 s/rep, ETA 0.1 h)
[      58s] 600/4000 reps  (0.096 s/rep, ETA 0.1 h)
[      76s] 800/4000 reps  (0.096 s/rep, ETA 0.1 h)
[      96s] 1000/4000 reps  (0.096 s/rep, ETA 0.1 h)
[     114s] 1200/4000 reps  (0.095 s/rep, ETA 0.1 h)
[     132s] 1400/4000 reps  (0.094 s/rep, ETA 0.1 h)
[     149s] 1600/4000 reps  (0.093 s/rep, ETA 0.1 h)
[     168s] 1800/4000 reps  (0.093 s/rep, ETA 0.1 h)
[     187s] 2000/4000 reps  (0.093 s/rep, ETA 0.1 h)
[     205s] 2200/4000 reps  (0.093 s/rep, ETA 0.0 h)
[     223s] 2400/4000 reps  (0.093 s/rep, ETA 0.0 h)
[     241s] 2600/4000 reps  (0.093 s/rep, ETA 0.0 h)
[     259s] 2800/4000 reps  (0.092 s/rep, ETA 0.0 h)
[     276s] 3000/4000 reps  (0.092 s/rep, ETA 0.0 h)
[     293s] 3200/4000 reps  (0.092 s/rep, ETA 0.0 h)
[     311s] 3400/4000 reps  (0.092 s/rep, ETA 0.0 h)
[     330s] 3600/4000 reps  (0.092 s/rep, ETA 0.0 h)
[     348s] 3800/4000 reps  (0.092 s/rep, ETA 0.0 h)
[     366s] 4000/4000 reps  (0.092 s/rep, ETA 0.0 h)
done: 4000 reps in 366.0s (0.092 s/rep)
[9686 s] reps done through 104000 of 1228158
1228158 reps loaded; swap symmetry on (weighted rep sums)
4000 reps to do (104000 already in the output)
[      17s] 200/4000 reps  (0.085 s/rep, ETA 0.1 h)
[      35s] 400/4000 reps  (0.087 s/rep, ETA 0.1 h)
[      53s] 600/4000 reps  (0.088 s/rep, ETA 0.1 h)
[      70s] 800/4000 reps  (0.088 s/rep, ETA 0.1 h)
[      87s] 1000/4000 reps  (0.087 s/rep, ETA 0.1 h)
[     105s] 1200/4000 reps  (0.087 s/rep, ETA 0.1 h)
[     122s] 1400/4000 reps  (0.087 s/rep, ETA 0.1 h)
[     139s] 1600/4000 reps  (0.087 s/rep, ETA 0.1 h)
[     155s] 1800/4000 reps  (0.086 s/rep, ETA 0.1 h)
[     171s] 2000/4000 reps  (0.085 s/rep, ETA 0.0 h)
[     189s] 2200/4000 reps  (0.086 s/rep, ETA 0.0 h)
[     207s] 2400/4000 reps  (0.086 s/rep, ETA 0.0 h)
[     225s] 2600/4000 reps  (0.086 s/rep, ETA 0.0 h)
[     242s] 2800/4000 reps  (0.086 s/rep, ETA 0.0 h)
[     260s] 3000/4000 reps  (0.087 s/rep, ETA 0.0 h)
[     278s] 3200/4000 reps  (0.087 s/rep, ETA 0.0 h)
[     294s] 3400/4000 reps  (0.087 s/rep, ETA 0.0 h)
[     311s] 3600/4000 reps  (0.086 s/rep, ETA 0.0 h)
[     327s] 3800/4000 reps  (0.086 s/rep, ETA 0.0 h)
[     345s] 4000/4000 reps  (0.086 s/rep, ETA 0.0 h)
done: 4000 reps in 345.4s (0.086 s/rep)
[10032 s] reps done through 108000 of 1228158
1228158 reps loaded; swap symmetry on (weighted rep sums)
4000 reps to do (108000 already in the output)
[      17s] 200/4000 reps  (0.087 s/rep, ETA 0.1 h)
[      34s] 400/4000 reps  (0.085 s/rep, ETA 0.1 h)
[      50s] 600/4000 reps  (0.084 s/rep, ETA 0.1 h)
[      67s] 800/4000 reps  (0.084 s/rep, ETA 0.1 h)
[      84s] 1000/4000 reps  (0.084 s/rep, ETA 0.1 h)
[     101s] 1200/4000 reps  (0.084 s/rep, ETA 0.1 h)
[     116s] 1400/4000 reps  (0.083 s/rep, ETA 0.1 h)
[     131s] 1600/4000 reps  (0.082 s/rep, ETA 0.1 h)
[     146s] 1800/4000 reps  (0.081 s/rep, ETA 0.0 h)
[     161s] 2000/4000 reps  (0.080 s/rep, ETA 0.0 h)
[     176s] 2200/4000 reps  (0.080 s/rep, ETA 0.0 h)
[     193s] 2400/4000 reps  (0.081 s/rep, ETA 0.0 h)
[     210s] 2600/4000 reps  (0.081 s/rep, ETA 0.0 h)
[     226s] 2800/4000 reps  (0.081 s/rep, ETA 0.0 h)
[     241s] 3000/4000 reps  (0.080 s/rep, ETA 0.0 h)
[     257s] 3200/4000 reps  (0.080 s/rep, ETA 0.0 h)
[     273s] 3400/4000 reps  (0.080 s/rep, ETA 0.0 h)
[     292s] 3600/4000 reps  (0.081 s/rep, ETA 0.0 h)
[     308s] 3800/4000 reps  (0.081 s/rep, ETA 0.0 h)
[     324s] 4000/4000 reps  (0.081 s/rep, ETA 0.0 h)
done: 4000 reps in 324.4s (0.081 s/rep)
[10357 s] reps done through 112000 of 1228158
1228158 reps loaded; swap symmetry on (weighted rep sums)
4000 reps to do (112000 already in the output)
[      15s] 200/4000 reps  (0.077 s/rep, ETA 0.1 h)
[      31s] 400/4000 reps  (0.079 s/rep, ETA 0.1 h)
[      48s] 600/4000 reps  (0.079 s/rep, ETA 0.1 h)
[      63s] 800/4000 reps  (0.079 s/rep, ETA 0.1 h)
[      80s] 1000/4000 reps  (0.080 s/rep, ETA 0.1 h)
[      96s] 1200/4000 reps  (0.080 s/rep, ETA 0.1 h)
[     110s] 1400/4000 reps  (0.079 s/rep, ETA 0.1 h)
[     125s] 1600/4000 reps  (0.078 s/rep, ETA 0.1 h)
[     139s] 1800/4000 reps  (0.077 s/rep, ETA 0.0 h)
[     157s] 2000/4000 reps  (0.079 s/rep, ETA 0.0 h)
[     174s] 2200/4000 reps  (0.079 s/rep, ETA 0.0 h)
[     191s] 2400/4000 reps  (0.080 s/rep, ETA 0.0 h)
[     208s] 2600/4000 reps  (0.080 s/rep, ETA 0.0 h)
[     223s] 2800/4000 reps  (0.080 s/rep, ETA 0.0 h)
[     240s] 3000/4000 reps  (0.080 s/rep, ETA 0.0 h)
[     258s] 3200/4000 reps  (0.080 s/rep, ETA 0.0 h)
[     274s] 3400/4000 reps  (0.080 s/rep, ETA 0.0 h)
[     290s] 3600/4000 reps  (0.081 s/rep, ETA 0.0 h)
[     306s] 3800/4000 reps  (0.081 s/rep, ETA 0.0 h)
[     322s] 4000/4000 reps  (0.080 s/rep, ETA 0.0 h)
done: 4000 reps in 321.8s (0.080 s/rep)
[10679 s] reps done through 116000 of 1228158
1228158 reps loaded; swap symmetry on (weighted rep sums)
4000 reps to do (116000 already in the output)
[      15s] 200/4000 reps  (0.076 s/rep, ETA 0.1 h)
[      31s] 400/4000 reps  (0.078 s/rep, ETA 0.1 h)
[      48s] 600/4000 reps  (0.080 s/rep, ETA 0.1 h)
[      64s] 800/4000 reps  (0.080 s/rep, ETA 0.1 h)
[      79s] 1000/4000 reps  (0.079 s/rep, ETA 0.1 h)
[      95s] 1200/4000 reps  (0.080 s/rep, ETA 0.1 h)
[     111s] 1400/4000 reps  (0.080 s/rep, ETA 0.1 h)
[     126s] 1600/4000 reps  (0.079 s/rep, ETA 0.1 h)
[     143s] 1800/4000 reps  (0.079 s/rep, ETA 0.0 h)
[     158s] 2000/4000 reps  (0.079 s/rep, ETA 0.0 h)
[     173s] 2200/4000 reps  (0.079 s/rep, ETA 0.0 h)
[     187s] 2400/4000 reps  (0.078 s/rep, ETA 0.0 h)
[     200s] 2600/4000 reps  (0.077 s/rep, ETA 0.0 h)
[     217s] 2800/4000 reps  (0.077 s/rep, ETA 0.0 h)
[     233s] 3000/4000 reps  (0.078 s/rep, ETA 0.0 h)
[     248s] 3200/4000 reps  (0.078 s/rep, ETA 0.0 h)
[     265s] 3400/4000 reps  (0.078 s/rep, ETA 0.0 h)
[     280s] 3600/4000 reps  (0.078 s/rep, ETA 0.0 h)
[     295s] 3800/4000 reps  (0.078 s/rep, ETA 0.0 h)
[     309s] 4000/4000 reps  (0.077 s/rep, ETA 0.0 h)
done: 4000 reps in 308.5s (0.077 s/rep)
[10988 s] reps done through 120000 of 1228158
1228158 reps loaded; swap symmetry on (weighted rep sums)
4000 reps to do (120000 already in the output)
[      15s] 200/4000 reps  (0.077 s/rep, ETA 0.1 h)
[      31s] 400/4000 reps  (0.077 s/rep, ETA 0.1 h)
[      45s] 600/4000 reps  (0.076 s/rep, ETA 0.1 h)
[      59s] 800/4000 reps  (0.074 s/rep, ETA 0.1 h)
[      74s] 1000/4000 reps  (0.074 s/rep, ETA 0.1 h)
[      89s] 1200/4000 reps  (0.074 s/rep, ETA 0.1 h)
[     103s] 1400/4000 reps  (0.074 s/rep, ETA 0.1 h)
[     116s] 1600/4000 reps  (0.073 s/rep, ETA 0.0 h)
[     129s] 1800/4000 reps  (0.072 s/rep, ETA 0.0 h)
[     143s] 2000/4000 reps  (0.072 s/rep, ETA 0.0 h)
[     161s] 2200/4000 reps  (0.073 s/rep, ETA 0.0 h)
[     179s] 2400/4000 reps  (0.075 s/rep, ETA 0.0 h)
[     197s] 2600/4000 reps  (0.076 s/rep, ETA 0.0 h)
[     215s] 2800/4000 reps  (0.077 s/rep, ETA 0.0 h)
[     233s] 3000/4000 reps  (0.078 s/rep, ETA 0.0 h)
[     251s] 3200/4000 reps  (0.078 s/rep, ETA 0.0 h)
[     270s] 3400/4000 reps  (0.079 s/rep, ETA 0.0 h)
[     287s] 3600/4000 reps  (0.080 s/rep, ETA 0.0 h)
[     304s] 3800/4000 reps  (0.080 s/rep, ETA 0.0 h)
[     321s] 4000/4000 reps  (0.080 s/rep, ETA 0.0 h)
done: 4000 reps in 320.6s (0.080 s/rep)
[11309 s] reps done through 124000 of 1228158
1228158 reps loaded; swap symmetry on (weighted rep sums)
4000 reps to do (124000 already in the output)
[      17s] 200/4000 reps  (0.085 s/rep, ETA 0.1 h)
[      34s] 400/4000 reps  (0.086 s/rep, ETA 0.1 h)
[      51s] 600/4000 reps  (0.085 s/rep, ETA 0.1 h)
[      66s] 800/4000 reps  (0.082 s/rep, ETA 0.1 h)
[      82s] 1000/4000 reps  (0.082 s/rep, ETA 0.1 h)
[      97s] 1200/4000 reps  (0.081 s/rep, ETA 0.1 h)
[     114s] 1400/4000 reps  (0.081 s/rep, ETA 0.1 h)
[     130s] 1600/4000 reps  (0.081 s/rep, ETA 0.1 h)
[     144s] 1800/4000 reps  (0.080 s/rep, ETA 0.0 h)
[     163s] 2000/4000 reps  (0.081 s/rep, ETA 0.0 h)
[     179s] 2200/4000 reps  (0.082 s/rep, ETA 0.0 h)
[     196s] 2400/4000 reps  (0.082 s/rep, ETA 0.0 h)
[     213s] 2600/4000 reps  (0.082 s/rep, ETA 0.0 h)
[     228s] 2800/4000 reps  (0.081 s/rep, ETA 0.0 h)
[     243s] 3000/4000 reps  (0.081 s/rep, ETA 0.0 h)
[     258s] 3200/4000 reps  (0.081 s/rep, ETA 0.0 h)
[     273s] 3400/4000 reps  (0.080 s/rep, ETA 0.0 h)
[     289s] 3600/4000 reps  (0.080 s/rep, ETA 0.0 h)
[     306s] 3800/4000 reps  (0.080 s/rep, ETA 0.0 h)
[     323s] 4000/4000 reps  (0.081 s/rep, ETA 0.0 h)
done: 4000 reps in 322.8s (0.081 s/rep)
[11632 s] reps done through 128000 of 1228158
1228158 reps loaded; swap symmetry on (weighted rep sums)
4000 reps to do (128000 already in the output)
[      16s] 200/4000 reps  (0.081 s/rep, ETA 0.1 h)
[      32s] 400/4000 reps  (0.079 s/rep, ETA 0.1 h)
[      47s] 600/4000 reps  (0.079 s/rep, ETA 0.1 h)
[      63s] 800/4000 reps  (0.078 s/rep, ETA 0.1 h)
[      78s] 1000/4000 reps  (0.078 s/rep, ETA 0.1 h)
[      93s] 1200/4000 reps  (0.077 s/rep, ETA 0.1 h)
[     107s] 1400/4000 reps  (0.076 s/rep, ETA 0.1 h)
[     123s] 1600/4000 reps  (0.077 s/rep, ETA 0.1 h)
[     139s] 1800/4000 reps  (0.077 s/rep, ETA 0.0 h)
[     154s] 2000/4000 reps  (0.077 s/rep, ETA 0.0 h)
[     170s] 2200/4000 reps  (0.077 s/rep, ETA 0.0 h)
[     185s] 2400/4000 reps  (0.077 s/rep, ETA 0.0 h)
[     201s] 2600/4000 reps  (0.077 s/rep, ETA 0.0 h)
[     215s] 2800/4000 reps  (0.077 s/rep, ETA 0.0 h)
[     230s] 3000/4000 reps  (0.077 s/rep, ETA 0.0 h)
[     245s] 3200/4000 reps  (0.077 s/rep, ETA 0.0 h)
[     258s] 3400/4000 reps  (0.076 s/rep, ETA 0.0 h)
[     274s] 3600/4000 reps  (0.076 s/rep, ETA 0.0 h)
[     289s] 3800/4000 reps  (0.076 s/rep, ETA 0.0 h)
[     304s] 4000/4000 reps  (0.076 s/rep, ETA 0.0 h)
done: 4000 reps in 304.0s (0.076 s/rep)
[11937 s] reps done through 132000 of 1228158
1228158 reps loaded; swap symmetry on (weighted rep sums)
4000 reps to do (132000 already in the output)
[      15s] 200/4000 reps  (0.076 s/rep, ETA 0.1 h)
[      29s] 400/4000 reps  (0.073 s/rep, ETA 0.1 h)
[      43s] 600/4000 reps  (0.071 s/rep, ETA 0.1 h)
[      57s] 800/4000 reps  (0.071 s/rep, ETA 0.1 h)
[      70s] 1000/4000 reps  (0.070 s/rep, ETA 0.1 h)
[      81s] 1200/4000 reps  (0.068 s/rep, ETA 0.1 h)
[      95s] 1400/4000 reps  (0.068 s/rep, ETA 0.0 h)
[     112s] 1600/4000 reps  (0.070 s/rep, ETA 0.0 h)
[     127s] 1800/4000 reps  (0.071 s/rep, ETA 0.0 h)
[     142s] 2000/4000 reps  (0.071 s/rep, ETA 0.0 h)
[     155s] 2200/4000 reps  (0.070 s/rep, ETA 0.0 h)
[     168s] 2400/4000 reps  (0.070 s/rep, ETA 0.0 h)
[     181s] 2600/4000 reps  (0.070 s/rep, ETA 0.0 h)
[     193s] 2800/4000 reps  (0.069 s/rep, ETA 0.0 h)
[     208s] 3000/4000 reps  (0.069 s/rep, ETA 0.0 h)
[     221s] 3200/4000 reps  (0.069 s/rep, ETA 0.0 h)
[     234s] 3400/4000 reps  (0.069 s/rep, ETA 0.0 h)
[     248s] 3600/4000 reps  (0.069 s/rep, ETA 0.0 h)
[     259s] 3800/4000 reps  (0.068 s/rep, ETA 0.0 h)
[     271s] 4000/4000 reps  (0.068 s/rep, ETA 0.0 h)
done: 4000 reps in 271.1s (0.068 s/rep)
[12208 s] reps done through 136000 of 1228158
1228158 reps loaded; swap symmetry on (weighted rep sums)
4000 reps to do (136000 already in the output)
[      11s] 200/4000 reps  (0.054 s/rep, ETA 0.1 h)
[      29s] 400/4000 reps  (0.072 s/rep, ETA 0.1 h)
[      46s] 600/4000 reps  (0.077 s/rep, ETA 0.1 h)
[      64s] 800/4000 reps  (0.080 s/rep, ETA 0.1 h)
[      80s] 1000/4000 reps  (0.080 s/rep, ETA 0.1 h)
[      95s] 1200/4000 reps  (0.080 s/rep, ETA 0.1 h)
[     111s] 1400/4000 reps  (0.079 s/rep, ETA 0.1 h)
[     125s] 1600/4000 reps  (0.078 s/rep, ETA 0.1 h)
[     140s] 1800/4000 reps  (0.078 s/rep, ETA 0.0 h)
[     155s] 2000/4000 reps  (0.078 s/rep, ETA 0.0 h)
[     170s] 2200/4000 reps  (0.077 s/rep, ETA 0.0 h)
[     185s] 2400/4000 reps  (0.077 s/rep, ETA 0.0 h)
[     198s] 2600/4000 reps  (0.076 s/rep, ETA 0.0 h)
[     211s] 2800/4000 reps  (0.075 s/rep, ETA 0.0 h)
[     224s] 3000/4000 reps  (0.075 s/rep, ETA 0.0 h)
[     235s] 3200/4000 reps  (0.074 s/rep, ETA 0.0 h)
[     248s] 3400/4000 reps  (0.073 s/rep, ETA 0.0 h)
[     262s] 3600/4000 reps  (0.073 s/rep, ETA 0.0 h)
[     273s] 3800/4000 reps  (0.072 s/rep, ETA 0.0 h)
[     285s] 4000/4000 reps  (0.071 s/rep, ETA 0.0 h)
done: 4000 reps in 284.9s (0.071 s/rep)
[12493 s] reps done through 140000 of 1228158
1228158 reps loaded; swap symmetry on (weighted rep sums)
4000 reps to do (140000 already in the output)
[      11s] 200/4000 reps  (0.057 s/rep, ETA 0.1 h)
[      23s] 400/4000 reps  (0.057 s/rep, ETA 0.1 h)
[      34s] 600/4000 reps  (0.057 s/rep, ETA 0.1 h)
[      44s] 800/4000 reps  (0.055 s/rep, ETA 0.0 h)
[      53s] 1000/4000 reps  (0.053 s/rep, ETA 0.0 h)
[      69s] 1200/4000 reps  (0.058 s/rep, ETA 0.0 h)
[      89s] 1400/4000 reps  (0.064 s/rep, ETA 0.0 h)
[     109s] 1600/4000 reps  (0.068 s/rep, ETA 0.0 h)
[     129s] 1800/4000 reps  (0.071 s/rep, ETA 0.0 h)
[     147s] 2000/4000 reps  (0.073 s/rep, ETA 0.0 h)
[     166s] 2200/4000 reps  (0.075 s/rep, ETA 0.0 h)
[     187s] 2400/4000 reps  (0.078 s/rep, ETA 0.0 h)
[     207s] 2600/4000 reps  (0.080 s/rep, ETA 0.0 h)
[     228s] 2800/4000 reps  (0.081 s/rep, ETA 0.0 h)
[     247s] 3000/4000 reps  (0.082 s/rep, ETA 0.0 h)
[     266s] 3200/4000 reps  (0.083 s/rep, ETA 0.0 h)
[     284s] 3400/4000 reps  (0.084 s/rep, ETA 0.0 h)
[     303s] 3600/4000 reps  (0.084 s/rep, ETA 0.0 h)
[     321s] 3800/4000 reps  (0.084 s/rep, ETA 0.0 h)
[     337s] 4000/4000 reps  (0.084 s/rep, ETA 0.0 h)
done: 4000 reps in 337.2s (0.084 s/rep)
[12831 s] reps done through 144000 of 1228158
1228158 reps loaded; swap symmetry on (weighted rep sums)
4000 reps to do (144000 already in the output)
[      17s] 200/4000 reps  (0.084 s/rep, ETA 0.1 h)
[      35s] 400/4000 reps  (0.086 s/rep, ETA 0.1 h)
[      53s] 600/4000 reps  (0.088 s/rep, ETA 0.1 h)
[      70s] 800/4000 reps  (0.087 s/rep, ETA 0.1 h)
[      86s] 1000/4000 reps  (0.086 s/rep, ETA 0.1 h)
[     103s] 1200/4000 reps  (0.086 s/rep, ETA 0.1 h)
[     122s] 1400/4000 reps  (0.087 s/rep, ETA 0.1 h)
[     141s] 1600/4000 reps  (0.088 s/rep, ETA 0.1 h)
[     159s] 1800/4000 reps  (0.088 s/rep, ETA 0.1 h)
[     176s] 2000/4000 reps  (0.088 s/rep, ETA 0.0 h)
[     193s] 2200/4000 reps  (0.088 s/rep, ETA 0.0 h)
[     209s] 2400/4000 reps  (0.087 s/rep, ETA 0.0 h)
[     226s] 2600/4000 reps  (0.087 s/rep, ETA 0.0 h)
[     241s] 2800/4000 reps  (0.086 s/rep, ETA 0.0 h)
[     255s] 3000/4000 reps  (0.085 s/rep, ETA 0.0 h)
[     272s] 3200/4000 reps  (0.085 s/rep, ETA 0.0 h)
[     293s] 3400/4000 reps  (0.086 s/rep, ETA 0.0 h)
[     313s] 3600/4000 reps  (0.087 s/rep, ETA 0.0 h)
[     333s] 3800/4000 reps  (0.088 s/rep, ETA 0.0 h)
[     354s] 4000/4000 reps  (0.088 s/rep, ETA 0.0 h)
done: 4000 reps in 353.8s (0.088 s/rep)
[13185 s] reps done through 148000 of 1228158
1228158 reps loaded; swap symmetry on (weighted rep sums)
4000 reps to do (148000 already in the output)
[      20s] 200/4000 reps  (0.098 s/rep, ETA 0.1 h)
[      40s] 400/4000 reps  (0.100 s/rep, ETA 0.1 h)
[      60s] 600/4000 reps  (0.099 s/rep, ETA 0.1 h)
[      79s] 800/4000 reps  (0.099 s/rep, ETA 0.1 h)
[      98s] 1000/4000 reps  (0.098 s/rep, ETA 0.1 h)
[     117s] 1200/4000 reps  (0.097 s/rep, ETA 0.1 h)
[     138s] 1400/4000 reps  (0.098 s/rep, ETA 0.1 h)
[     159s] 1600/4000 reps  (0.099 s/rep, ETA 0.1 h)
[     180s] 1800/4000 reps  (0.100 s/rep, ETA 0.1 h)
[     200s] 2000/4000 reps  (0.100 s/rep, ETA 0.1 h)
[     219s] 2200/4000 reps  (0.100 s/rep, ETA 0.0 h)
[     239s] 2400/4000 reps  (0.100 s/rep, ETA 0.0 h)
[     259s] 2600/4000 reps  (0.100 s/rep, ETA 0.0 h)
[     279s] 2800/4000 reps  (0.100 s/rep, ETA 0.0 h)
[     299s] 3000/4000 reps  (0.100 s/rep, ETA 0.0 h)
[     317s] 3200/4000 reps  (0.099 s/rep, ETA 0.0 h)
[     336s] 3400/4000 reps  (0.099 s/rep, ETA 0.0 h)
[     355s] 3600/4000 reps  (0.099 s/rep, ETA 0.0 h)
[     373s] 3800/4000 reps  (0.098 s/rep, ETA 0.0 h)
[     395s] 4000/4000 reps  (0.099 s/rep, ETA 0.0 h)
done: 4000 reps in 394.8s (0.099 s/rep)
[13580 s] reps done through 152000 of 1228158
1228158 reps loaded; swap symmetry on (weighted rep sums)
4000 reps to do (152000 already in the output)
[      21s] 200/4000 reps  (0.103 s/rep, ETA 0.1 h)
[      41s] 400/4000 reps  (0.102 s/rep, ETA 0.1 h)
[      60s] 600/4000 reps  (0.101 s/rep, ETA 0.1 h)
[      81s] 800/4000 reps  (0.101 s/rep, ETA 0.1 h)
[     101s] 1000/4000 reps  (0.101 s/rep, ETA 0.1 h)
[     121s] 1200/4000 reps  (0.101 s/rep, ETA 0.1 h)
[     141s] 1400/4000 reps  (0.100 s/rep, ETA 0.1 h)
[     160s] 1600/4000 reps  (0.100 s/rep, ETA 0.1 h)
[     181s] 1800/4000 reps  (0.100 s/rep, ETA 0.1 h)
[     201s] 2000/4000 reps  (0.100 s/rep, ETA 0.1 h)
[     221s] 2200/4000 reps  (0.100 s/rep, ETA 0.1 h)
[     241s] 2400/4000 reps  (0.101 s/rep, ETA 0.0 h)
[     261s] 2600/4000 reps  (0.100 s/rep, ETA 0.0 h)
[     280s] 2800/4000 reps  (0.100 s/rep, ETA 0.0 h)
[     300s] 3000/4000 reps  (0.100 s/rep, ETA 0.0 h)
[     319s] 3200/4000 reps  (0.100 s/rep, ETA 0.0 h)
[     338s] 3400/4000 reps  (0.099 s/rep, ETA 0.0 h)
[     358s] 3600/4000 reps  (0.099 s/rep, ETA 0.0 h)
[     377s] 3800/4000 reps  (0.099 s/rep, ETA 0.0 h)
[     396s] 4000/4000 reps  (0.099 s/rep, ETA 0.0 h)
done: 4000 reps in 396.3s (0.099 s/rep)
[13977 s] reps done through 156000 of 1228158
1228158 reps loaded; swap symmetry on (weighted rep sums)
4000 reps to do (156000 already in the output)
[      20s] 200/4000 reps  (0.098 s/rep, ETA 0.1 h)
[      39s] 400/4000 reps  (0.096 s/rep, ETA 0.1 h)
[      56s] 600/4000 reps  (0.094 s/rep, ETA 0.1 h)
[      75s] 800/4000 reps  (0.094 s/rep, ETA 0.1 h)
[      93s] 1000/4000 reps  (0.093 s/rep, ETA 0.1 h)
[     112s] 1200/4000 reps  (0.093 s/rep, ETA 0.1 h)
[     132s] 1400/4000 reps  (0.094 s/rep, ETA 0.1 h)
[     151s] 1600/4000 reps  (0.095 s/rep, ETA 0.1 h)
[     170s] 1800/4000 reps  (0.095 s/rep, ETA 0.1 h)
[     189s] 2000/4000 reps  (0.094 s/rep, ETA 0.1 h)
[     207s] 2200/4000 reps  (0.094 s/rep, ETA 0.0 h)
[     226s] 2400/4000 reps  (0.094 s/rep, ETA 0.0 h)
[     245s] 2600/4000 reps  (0.094 s/rep, ETA 0.0 h)
[     263s] 2800/4000 reps  (0.094 s/rep, ETA 0.0 h)
[     281s] 3000/4000 reps  (0.094 s/rep, ETA 0.0 h)
[     298s] 3200/4000 reps  (0.093 s/rep, ETA 0.0 h)
[     316s] 3400/4000 reps  (0.093 s/rep, ETA 0.0 h)
[     333s] 3600/4000 reps  (0.092 s/rep, ETA 0.0 h)
[     351s] 3800/4000 reps  (0.092 s/rep, ETA 0.0 h)
[     370s] 4000/4000 reps  (0.093 s/rep, ETA 0.0 h)
done: 4000 reps in 370.3s (0.093 s/rep)
[14348 s] reps done through 160000 of 1228158
1228158 reps loaded; swap symmetry on (weighted rep sums)
4000 reps to do (160000 already in the output)
[      19s] 200/4000 reps  (0.095 s/rep, ETA 0.1 h)
[      38s] 400/4000 reps  (0.094 s/rep, ETA 0.1 h)
[      56s] 600/4000 reps  (0.094 s/rep, ETA 0.1 h)
[      74s] 800/4000 reps  (0.092 s/rep, ETA 0.1 h)
[      92s] 1000/4000 reps  (0.092 s/rep, ETA 0.1 h)
[     110s] 1200/4000 reps  (0.091 s/rep, ETA 0.1 h)
[     130s] 1400/4000 reps  (0.093 s/rep, ETA 0.1 h)
[     150s] 1600/4000 reps  (0.094 s/rep, ETA 0.1 h)
[     169s] 1800/4000 reps  (0.094 s/rep, ETA 0.1 h)
[     187s] 2000/4000 reps  (0.094 s/rep, ETA 0.1 h)
[     206s] 2200/4000 reps  (0.094 s/rep, ETA 0.0 h)
[     225s] 2400/4000 reps  (0.094 s/rep, ETA 0.0 h)
[     244s] 2600/4000 reps  (0.094 s/rep, ETA 0.0 h)
[     263s] 2800/4000 reps  (0.094 s/rep, ETA 0.0 h)
[     281s] 3000/4000 reps  (0.094 s/rep, ETA 0.0 h)
[     297s] 3200/4000 reps  (0.093 s/rep, ETA 0.0 h)
[     316s] 3400/4000 reps  (0.093 s/rep, ETA 0.0 h)
[     332s] 3600/4000 reps  (0.092 s/rep, ETA 0.0 h)
[     353s] 3800/4000 reps  (0.093 s/rep, ETA 0.0 h)
[     373s] 4000/4000 reps  (0.093 s/rep, ETA 0.0 h)
done: 4000 reps in 372.8s (0.093 s/rep)
[14721 s] reps done through 164000 of 1228158
1228158 reps loaded; swap symmetry on (weighted rep sums)
4000 reps to do (164000 already in the output)
[      19s] 200/4000 reps  (0.096 s/rep, ETA 0.1 h)
[      38s] 400/4000 reps  (0.094 s/rep, ETA 0.1 h)
[      58s] 600/4000 reps  (0.096 s/rep, ETA 0.1 h)
[      77s] 800/4000 reps  (0.096 s/rep, ETA 0.1 h)
[      95s] 1000/4000 reps  (0.095 s/rep, ETA 0.1 h)
[     112s] 1200/4000 reps  (0.094 s/rep, ETA 0.1 h)
[     132s] 1400/4000 reps  (0.095 s/rep, ETA 0.1 h)
[     152s] 1600/4000 reps  (0.095 s/rep, ETA 0.1 h)
[     171s] 1800/4000 reps  (0.095 s/rep, ETA 0.1 h)
[     191s] 2000/4000 reps  (0.095 s/rep, ETA 0.1 h)
[     210s] 2200/4000 reps  (0.095 s/rep, ETA 0.0 h)
[     227s] 2400/4000 reps  (0.095 s/rep, ETA 0.0 h)
[     246s] 2600/4000 reps  (0.095 s/rep, ETA 0.0 h)
[     264s] 2800/4000 reps  (0.094 s/rep, ETA 0.0 h)
[     282s] 3000/4000 reps  (0.094 s/rep, ETA 0.0 h)
[     300s] 3200/4000 reps  (0.094 s/rep, ETA 0.0 h)
[     318s] 3400/4000 reps  (0.094 s/rep, ETA 0.0 h)
[     337s] 3600/4000 reps  (0.094 s/rep, ETA 0.0 h)
[     355s] 3800/4000 reps  (0.093 s/rep, ETA 0.0 h)
[     372s] 4000/4000 reps  (0.093 s/rep, ETA 0.0 h)
done: 4000 reps in 372.3s (0.093 s/rep)
[15094 s] reps done through 168000 of 1228158
1228158 reps loaded; swap symmetry on (weighted rep sums)
4000 reps to do (168000 already in the output)
[      17s] 200/4000 reps  (0.085 s/rep, ETA 0.1 h)
[      34s] 400/4000 reps  (0.085 s/rep, ETA 0.1 h)
[      50s] 600/4000 reps  (0.083 s/rep, ETA 0.1 h)
[      69s] 800/4000 reps  (0.086 s/rep, ETA 0.1 h)
[      88s] 1000/4000 reps  (0.088 s/rep, ETA 0.1 h)
[     107s] 1200/4000 reps  (0.089 s/rep, ETA 0.1 h)
[     124s] 1400/4000 reps  (0.089 s/rep, ETA 0.1 h)
[     142s] 1600/4000 reps  (0.088 s/rep, ETA 0.1 h)
[     158s] 1800/4000 reps  (0.088 s/rep, ETA 0.1 h)
[     176s] 2000/4000 reps  (0.088 s/rep, ETA 0.0 h)
[     194s] 2200/4000 reps  (0.088 s/rep, ETA 0.0 h)
[     212s] 2400/4000 reps  (0.088 s/rep, ETA 0.0 h)
[     228s] 2600/4000 reps  (0.088 s/rep, ETA 0.0 h)
[     244s] 2800/4000 reps  (0.087 s/rep, ETA 0.0 h)
[     259s] 3000/4000 reps  (0.086 s/rep, ETA 0.0 h)
[     275s] 3200/4000 reps  (0.086 s/rep, ETA 0.0 h)
[     294s] 3400/4000 reps  (0.086 s/rep, ETA 0.0 h)
[     312s] 3600/4000 reps  (0.087 s/rep, ETA 0.0 h)
[     331s] 3800/4000 reps  (0.087 s/rep, ETA 0.0 h)
[     350s] 4000/4000 reps  (0.087 s/rep, ETA 0.0 h)
done: 4000 reps in 349.8s (0.087 s/rep)
[15444 s] reps done through 172000 of 1228158
1228158 reps loaded; swap symmetry on (weighted rep sums)
4000 reps to do (172000 already in the output)
[      18s] 200/4000 reps  (0.090 s/rep, ETA 0.1 h)
[      36s] 400/4000 reps  (0.091 s/rep, ETA 0.1 h)
[      53s] 600/4000 reps  (0.089 s/rep, ETA 0.1 h)
[      72s] 800/4000 reps  (0.090 s/rep, ETA 0.1 h)
[      91s] 1000/4000 reps  (0.091 s/rep, ETA 0.1 h)
[     110s] 1200/4000 reps  (0.091 s/rep, ETA 0.1 h)
[     129s] 1400/4000 reps  (0.092 s/rep, ETA 0.1 h)
[     147s] 1600/4000 reps  (0.092 s/rep, ETA 0.1 h)
[     166s] 1800/4000 reps  (0.092 s/rep, ETA 0.1 h)
[     184s] 2000/4000 reps  (0.092 s/rep, ETA 0.1 h)
[     203s] 2200/4000 reps  (0.092 s/rep, ETA 0.0 h)
[     223s] 2400/4000 reps  (0.093 s/rep, ETA 0.0 h)
[     243s] 2600/4000 reps  (0.094 s/rep, ETA 0.0 h)
[     263s] 2800/4000 reps  (0.094 s/rep, ETA 0.0 h)
[     283s] 3000/4000 reps  (0.094 s/rep, ETA 0.0 h)
[     302s] 3200/4000 reps  (0.094 s/rep, ETA 0.0 h)
[     320s] 3400/4000 reps  (0.094 s/rep, ETA 0.0 h)
[     340s] 3600/4000 reps  (0.095 s/rep, ETA 0.0 h)
[     358s] 3800/4000 reps  (0.094 s/rep, ETA 0.0 h)
[     376s] 4000/4000 reps  (0.094 s/rep, ETA 0.0 h)
done: 4000 reps in 375.9s (0.094 s/rep)
[15820 s] reps done through 176000 of 1228158
1228158 reps loaded; swap symmetry on (weighted rep sums)
4000 reps to do (176000 already in the output)
[      19s] 200/4000 reps  (0.096 s/rep, ETA 0.1 h)
[      39s] 400/4000 reps  (0.096 s/rep, ETA 0.1 h)
[      57s] 600/4000 reps  (0.095 s/rep, ETA 0.1 h)
[      76s] 800/4000 reps  (0.094 s/rep, ETA 0.1 h)
[      93s] 1000/4000 reps  (0.093 s/rep, ETA 0.1 h)
[     111s] 1200/4000 reps  (0.093 s/rep, ETA 0.1 h)
[     129s] 1400/4000 reps  (0.092 s/rep, ETA 0.1 h)
[     146s] 1600/4000 reps  (0.092 s/rep, ETA 0.1 h)
[     163s] 1800/4000 reps  (0.090 s/rep, ETA 0.1 h)
[     181s] 2000/4000 reps  (0.090 s/rep, ETA 0.1 h)
[     201s] 2200/4000 reps  (0.092 s/rep, ETA 0.0 h)
[     222s] 2400/4000 reps  (0.092 s/rep, ETA 0.0 h)
[     242s] 2600/4000 reps  (0.093 s/rep, ETA 0.0 h)
[     262s] 2800/4000 reps  (0.094 s/rep, ETA 0.0 h)
[     282s] 3000/4000 reps  (0.094 s/rep, ETA 0.0 h)
[     301s] 3200/4000 reps  (0.094 s/rep, ETA 0.0 h)
[     319s] 3400/4000 reps  (0.094 s/rep, ETA 0.0 h)
[     339s] 3600/4000 reps  (0.094 s/rep, ETA 0.0 h)
[     359s] 3800/4000 reps  (0.094 s/rep, ETA 0.0 h)
[     379s] 4000/4000 reps  (0.095 s/rep, ETA 0.0 h)
done: 4000 reps in 379.1s (0.095 s/rep)
[16200 s] reps done through 180000 of 1228158
1228158 reps loaded; swap symmetry on (weighted rep sums)
4000 reps to do (180000 already in the output)
[      19s] 200/4000 reps  (0.096 s/rep, ETA 0.1 h)
[      39s] 400/4000 reps  (0.096 s/rep, ETA 0.1 h)
[      57s] 600/4000 reps  (0.095 s/rep, ETA 0.1 h)
[      76s] 800/4000 reps  (0.095 s/rep, ETA 0.1 h)
[      93s] 1000/4000 reps  (0.093 s/rep, ETA 0.1 h)
[     112s] 1200/4000 reps  (0.094 s/rep, ETA 0.1 h)
[     131s] 1400/4000 reps  (0.094 s/rep, ETA 0.1 h)
[     151s] 1600/4000 reps  (0.095 s/rep, ETA 0.1 h)
[     170s] 1800/4000 reps  (0.095 s/rep, ETA 0.1 h)
[     189s] 2000/4000 reps  (0.095 s/rep, ETA 0.1 h)
[     208s] 2200/4000 reps  (0.094 s/rep, ETA 0.0 h)
[     226s] 2400/4000 reps  (0.094 s/rep, ETA 0.0 h)
[     243s] 2600/4000 reps  (0.093 s/rep, ETA 0.0 h)
[     262s] 2800/4000 reps  (0.093 s/rep, ETA 0.0 h)
[     280s] 3000/4000 reps  (0.093 s/rep, ETA 0.0 h)
[     299s] 3200/4000 reps  (0.093 s/rep, ETA 0.0 h)
[     317s] 3400/4000 reps  (0.093 s/rep, ETA 0.0 h)
[     334s] 3600/4000 reps  (0.093 s/rep, ETA 0.0 h)
[     351s] 3800/4000 reps  (0.092 s/rep, ETA 0.0 h)
[     368s] 4000/4000 reps  (0.092 s/rep, ETA 0.0 h)
done: 4000 reps in 367.8s (0.092 s/rep)
[16568 s] reps done through 184000 of 1228158
1228158 reps loaded; swap symmetry on (weighted rep sums)
4000 reps to do (184000 already in the output)
[      17s] 200/4000 reps  (0.084 s/rep, ETA 0.1 h)
[      38s] 400/4000 reps  (0.094 s/rep, ETA 0.1 h)
[      58s] 600/4000 reps  (0.096 s/rep, ETA 0.1 h)
[      78s] 800/4000 reps  (0.097 s/rep, ETA 0.1 h)
[      97s] 1000/4000 reps  (0.097 s/rep, ETA 0.1 h)
[     117s] 1200/4000 reps  (0.097 s/rep, ETA 0.1 h)
[     135s] 1400/4000 reps  (0.097 s/rep, ETA 0.1 h)
[     153s] 1600/4000 reps  (0.096 s/rep, ETA 0.1 h)
[     173s] 1800/4000 reps  (0.096 s/rep, ETA 0.1 h)
[     190s] 2000/4000 reps  (0.095 s/rep, ETA 0.1 h)
[     208s] 2200/4000 reps  (0.095 s/rep, ETA 0.0 h)
[     228s] 2400/4000 reps  (0.095 s/rep, ETA 0.0 h)
[     247s] 2600/4000 reps  (0.095 s/rep, ETA 0.0 h)
[     267s] 2800/4000 reps  (0.095 s/rep, ETA 0.0 h)
[     285s] 3000/4000 reps  (0.095 s/rep, ETA 0.0 h)
[     304s] 3200/4000 reps  (0.095 s/rep, ETA 0.0 h)
[     322s] 3400/4000 reps  (0.095 s/rep, ETA 0.0 h)
[     339s] 3600/4000 reps  (0.094 s/rep, ETA 0.0 h)
[     357s] 3800/4000 reps  (0.094 s/rep, ETA 0.0 h)
[     374s] 4000/4000 reps  (0.094 s/rep, ETA 0.0 h)
done: 4000 reps in 374.5s (0.094 s/rep)
[16943 s] reps done through 188000 of 1228158
1228158 reps loaded; swap symmetry on (weighted rep sums)
4000 reps to do (188000 already in the output)
[      16s] 200/4000 reps  (0.081 s/rep, ETA 0.1 h)
[      34s] 400/4000 reps  (0.086 s/rep, ETA 0.1 h)
[      54s] 600/4000 reps  (0.090 s/rep, ETA 0.1 h)
[      73s] 800/4000 reps  (0.092 s/rep, ETA 0.1 h)
[      92s] 1000/4000 reps  (0.092 s/rep, ETA 0.1 h)
[     110s] 1200/4000 reps  (0.092 s/rep, ETA 0.1 h)
[     129s] 1400/4000 reps  (0.092 s/rep, ETA 0.1 h)
[     147s] 1600/4000 reps  (0.092 s/rep, ETA 0.1 h)
[     163s] 1800/4000 reps  (0.091 s/rep, ETA 0.1 h)
[     182s] 2000/4000 reps  (0.091 s/rep, ETA 0.1 h)
[     198s] 2200/4000 reps  (0.090 s/rep, ETA 0.0 h)
[     214s] 2400/4000 reps  (0.089 s/rep, ETA 0.0 h)
[     233s] 2600/4000 reps  (0.090 s/rep, ETA 0.0 h)
[     252s] 2800/4000 reps  (0.090 s/rep, ETA 0.0 h)
[     270s] 3000/4000 reps  (0.090 s/rep, ETA 0.0 h)
[     286s] 3200/4000 reps  (0.090 s/rep, ETA 0.0 h)
[     304s] 3400/4000 reps  (0.089 s/rep, ETA 0.0 h)
[     321s] 3600/4000 reps  (0.089 s/rep, ETA 0.0 h)
[     336s] 3800/4000 reps  (0.089 s/rep, ETA 0.0 h)
[     352s] 4000/4000 reps  (0.088 s/rep, ETA 0.0 h)
done: 4000 reps in 352.4s (0.088 s/rep)
[17296 s] reps done through 192000 of 1228158
1228158 reps loaded; swap symmetry on (weighted rep sums)
4000 reps to do (192000 already in the output)
[      16s] 200/4000 reps  (0.081 s/rep, ETA 0.1 h)
[      31s] 400/4000 reps  (0.077 s/rep, ETA 0.1 h)
[      45s] 600/4000 reps  (0.075 s/rep, ETA 0.1 h)
[      62s] 800/4000 reps  (0.077 s/rep, ETA 0.1 h)
[      78s] 1000/4000 reps  (0.078 s/rep, ETA 0.1 h)
[      94s] 1200/4000 reps  (0.078 s/rep, ETA 0.1 h)
[     109s] 1400/4000 reps  (0.078 s/rep, ETA 0.1 h)
[     125s] 1600/4000 reps  (0.078 s/rep, ETA 0.1 h)
[     142s] 1800/4000 reps  (0.079 s/rep, ETA 0.0 h)
[     158s] 2000/4000 reps  (0.079 s/rep, ETA 0.0 h)
[     176s] 2200/4000 reps  (0.080 s/rep, ETA 0.0 h)
[     191s] 2400/4000 reps  (0.080 s/rep, ETA 0.0 h)
[     208s] 2600/4000 reps  (0.080 s/rep, ETA 0.0 h)
[     226s] 2800/4000 reps  (0.081 s/rep, ETA 0.0 h)
[     244s] 3000/4000 reps  (0.081 s/rep, ETA 0.0 h)
[     262s] 3200/4000 reps  (0.082 s/rep, ETA 0.0 h)
[     279s] 3400/4000 reps  (0.082 s/rep, ETA 0.0 h)
[     295s] 3600/4000 reps  (0.082 s/rep, ETA 0.0 h)
[     314s] 3800/4000 reps  (0.083 s/rep, ETA 0.0 h)
[     330s] 4000/4000 reps  (0.083 s/rep, ETA 0.0 h)
done: 4000 reps in 330.3s (0.083 s/rep)
[17626 s] reps done through 196000 of 1228158
1228158 reps loaded; swap symmetry on (weighted rep sums)
4000 reps to do (196000 already in the output)
[      15s] 200/4000 reps  (0.077 s/rep, ETA 0.1 h)
[      33s] 400/4000 reps  (0.082 s/rep, ETA 0.1 h)
[      51s] 600/4000 reps  (0.084 s/rep, ETA 0.1 h)
[      67s] 800/4000 reps  (0.084 s/rep, ETA 0.1 h)
[      84s] 1000/4000 reps  (0.084 s/rep, ETA 0.1 h)
[     100s] 1200/4000 reps  (0.083 s/rep, ETA 0.1 h)
[     115s] 1400/4000 reps  (0.082 s/rep, ETA 0.1 h)
[     131s] 1600/4000 reps  (0.082 s/rep, ETA 0.1 h)
[     147s] 1800/4000 reps  (0.082 s/rep, ETA 0.0 h)
[     161s] 2000/4000 reps  (0.081 s/rep, ETA 0.0 h)
[     177s] 2200/4000 reps  (0.081 s/rep, ETA 0.0 h)
[     196s] 2400/4000 reps  (0.082 s/rep, ETA 0.0 h)
[     215s] 2600/4000 reps  (0.083 s/rep, ETA 0.0 h)
[     234s] 2800/4000 reps  (0.083 s/rep, ETA 0.0 h)
[     252s] 3000/4000 reps  (0.084 s/rep, ETA 0.0 h)
[     269s] 3200/4000 reps  (0.084 s/rep, ETA 0.0 h)
[     287s] 3400/4000 reps  (0.084 s/rep, ETA 0.0 h)
[     304s] 3600/4000 reps  (0.084 s/rep, ETA 0.0 h)
[     321s] 3800/4000 reps  (0.085 s/rep, ETA 0.0 h)
[     340s] 4000/4000 reps  (0.085 s/rep, ETA 0.0 h)
done: 4000 reps in 340.2s (0.085 s/rep)
[17967 s] reps done through 200000 of 1228158
1228158 reps loaded; swap symmetry on (weighted rep sums)
4000 reps to do (200000 already in the output)
[      18s] 200/4000 reps  (0.088 s/rep, ETA 0.1 h)
[      35s] 400/4000 reps  (0.087 s/rep, ETA 0.1 h)
[      52s] 600/4000 reps  (0.086 s/rep, ETA 0.1 h)
[      68s] 800/4000 reps  (0.085 s/rep, ETA 0.1 h)
[      83s] 1000/4000 reps  (0.083 s/rep, ETA 0.1 h)
[     101s] 1200/4000 reps  (0.084 s/rep, ETA 0.1 h)
[     119s] 1400/4000 reps  (0.085 s/rep, ETA 0.1 h)
[     137s] 1600/4000 reps  (0.085 s/rep, ETA 0.1 h)
[     154s] 1800/4000 reps  (0.085 s/rep, ETA 0.1 h)
[     170s] 2000/4000 reps  (0.085 s/rep, ETA 0.0 h)
[     187s] 2200/4000 reps  (0.085 s/rep, ETA 0.0 h)
[     202s] 2400/4000 reps  (0.084 s/rep, ETA 0.0 h)
[     218s] 2600/4000 reps  (0.084 s/rep, ETA 0.0 h)
[     235s] 2800/4000 reps  (0.084 s/rep, ETA 0.0 h)
[     251s] 3000/4000 reps  (0.084 s/rep, ETA 0.0 h)
[     267s] 3200/4000 reps  (0.084 s/rep, ETA 0.0 h)
[     282s] 3400/4000 reps  (0.083 s/rep, ETA 0.0 h)
[     298s] 3600/4000 reps  (0.083 s/rep, ETA 0.0 h)
[     311s] 3800/4000 reps  (0.082 s/rep, ETA 0.0 h)
[     329s] 4000/4000 reps  (0.082 s/rep, ETA 0.0 h)
done: 4000 reps in 328.8s (0.082 s/rep)
[18296 s] reps done through 204000 of 1228158
1228158 reps loaded; swap symmetry on (weighted rep sums)
4000 reps to do (204000 already in the output)
[      19s] 200/4000 reps  (0.095 s/rep, ETA 0.1 h)
[      38s] 400/4000 reps  (0.094 s/rep, ETA 0.1 h)
[      56s] 600/4000 reps  (0.093 s/rep, ETA 0.1 h)
[      73s] 800/4000 reps  (0.092 s/rep, ETA 0.1 h)
[      91s] 1000/4000 reps  (0.091 s/rep, ETA 0.1 h)
[     108s] 1200/4000 reps  (0.090 s/rep, ETA 0.1 h)
[     124s] 1400/4000 reps  (0.089 s/rep, ETA 0.1 h)
[     141s] 1600/4000 reps  (0.088 s/rep, ETA 0.1 h)
[     157s] 1800/4000 reps  (0.087 s/rep, ETA 0.1 h)
[     174s] 2000/4000 reps  (0.087 s/rep, ETA 0.0 h)
[     192s] 2200/4000 reps  (0.087 s/rep, ETA 0.0 h)
[     209s] 2400/4000 reps  (0.087 s/rep, ETA 0.0 h)
[     227s] 2600/4000 reps  (0.087 s/rep, ETA 0.0 h)
[     243s] 2800/4000 reps  (0.087 s/rep, ETA 0.0 h)
[     260s] 3000/4000 reps  (0.087 s/rep, ETA 0.0 h)
[     276s] 3200/4000 reps  (0.086 s/rep, ETA 0.0 h)
[     292s] 3400/4000 reps  (0.086 s/rep, ETA 0.0 h)
[     307s] 3600/4000 reps  (0.085 s/rep, ETA 0.0 h)
[     323s] 3800/4000 reps  (0.085 s/rep, ETA 0.0 h)
[     336s] 4000/4000 reps  (0.084 s/rep, ETA 0.0 h)
done: 4000 reps in 336.5s (0.084 s/rep)
[18633 s] reps done through 208000 of 1228158
1228158 reps loaded; swap symmetry on (weighted rep sums)
4000 reps to do (208000 already in the output)
[      17s] 200/4000 reps  (0.086 s/rep, ETA 0.1 h)
[      35s] 400/4000 reps  (0.088 s/rep, ETA 0.1 h)
[      53s] 600/4000 reps  (0.088 s/rep, ETA 0.1 h)
[      70s] 800/4000 reps  (0.087 s/rep, ETA 0.1 h)
[      86s] 1000/4000 reps  (0.086 s/rep, ETA 0.1 h)
[     103s] 1200/4000 reps  (0.086 s/rep, ETA 0.1 h)
[     119s] 1400/4000 reps  (0.085 s/rep, ETA 0.1 h)
[     133s] 1600/4000 reps  (0.083 s/rep, ETA 0.1 h)
[     150s] 1800/4000 reps  (0.083 s/rep, ETA 0.1 h)
[     165s] 2000/4000 reps  (0.082 s/rep, ETA 0.0 h)
[     178s] 2200/4000 reps  (0.081 s/rep, ETA 0.0 h)
[     195s] 2400/4000 reps  (0.081 s/rep, ETA 0.0 h)
[     212s] 2600/4000 reps  (0.082 s/rep, ETA 0.0 h)
[     228s] 2800/4000 reps  (0.081 s/rep, ETA 0.0 h)
[     243s] 3000/4000 reps  (0.081 s/rep, ETA 0.0 h)
[     258s] 3200/4000 reps  (0.081 s/rep, ETA 0.0 h)
[     273s] 3400/4000 reps  (0.080 s/rep, ETA 0.0 h)
[     287s] 3600/4000 reps  (0.080 s/rep, ETA 0.0 h)
[     300s] 3800/4000 reps  (0.079 s/rep, ETA 0.0 h)
[     315s] 4000/4000 reps  (0.079 s/rep, ETA 0.0 h)
done: 4000 reps in 315.0s (0.079 s/rep)
[18949 s] reps done through 212000 of 1228158
1228158 reps loaded; swap symmetry on (weighted rep sums)
4000 reps to do (212000 already in the output)
[      13s] 200/4000 reps  (0.063 s/rep, ETA 0.1 h)
[      25s] 400/4000 reps  (0.063 s/rep, ETA 0.1 h)
[      42s] 600/4000 reps  (0.071 s/rep, ETA 0.1 h)
[      59s] 800/4000 reps  (0.074 s/rep, ETA 0.1 h)
[      77s] 1000/4000 reps  (0.077 s/rep, ETA 0.1 h)
[      92s] 1200/4000 reps  (0.077 s/rep, ETA 0.1 h)
[     111s] 1400/4000 reps  (0.079 s/rep, ETA 0.1 h)
[     129s] 1600/4000 reps  (0.081 s/rep, ETA 0.1 h)
[     146s] 1800/4000 reps  (0.081 s/rep, ETA 0.0 h)
[     164s] 2000/4000 reps  (0.082 s/rep, ETA 0.0 h)
[     180s] 2200/4000 reps  (0.082 s/rep, ETA 0.0 h)
[     199s] 2400/4000 reps  (0.083 s/rep, ETA 0.0 h)
[     215s] 2600/4000 reps  (0.083 s/rep, ETA 0.0 h)
[     230s] 2800/4000 reps  (0.082 s/rep, ETA 0.0 h)
[     247s] 3000/4000 reps  (0.082 s/rep, ETA 0.0 h)
[     263s] 3200/4000 reps  (0.082 s/rep, ETA 0.0 h)
[     284s] 3400/4000 reps  (0.083 s/rep, ETA 0.0 h)
[     303s] 3600/4000 reps  (0.084 s/rep, ETA 0.0 h)
[     322s] 3800/4000 reps  (0.085 s/rep, ETA 0.0 h)
[     341s] 4000/4000 reps  (0.085 s/rep, ETA 0.0 h)
done: 4000 reps in 340.6s (0.085 s/rep)
[19290 s] reps done through 216000 of 1228158
1228158 reps loaded; swap symmetry on (weighted rep sums)
4000 reps to do (216000 already in the output)
[      18s] 200/4000 reps  (0.088 s/rep, ETA 0.1 h)
[      38s] 400/4000 reps  (0.095 s/rep, ETA 0.1 h)
[      58s] 600/4000 reps  (0.096 s/rep, ETA 0.1 h)
[      76s] 800/4000 reps  (0.095 s/rep, ETA 0.1 h)
[      94s] 1000/4000 reps  (0.094 s/rep, ETA 0.1 h)
[     112s] 1200/4000 reps  (0.093 s/rep, ETA 0.1 h)
[     128s] 1400/4000 reps  (0.091 s/rep, ETA 0.1 h)
[     148s] 1600/4000 reps  (0.092 s/rep, ETA 0.1 h)
[     167s] 1800/4000 reps  (0.093 s/rep, ETA 0.1 h)
[     186s] 2000/4000 reps  (0.093 s/rep, ETA 0.1 h)
[     204s] 2200/4000 reps  (0.093 s/rep, ETA 0.0 h)
[     222s] 2400/4000 reps  (0.093 s/rep, ETA 0.0 h)
[     240s] 2600/4000 reps  (0.092 s/rep, ETA 0.0 h)
[     257s] 2800/4000 reps  (0.092 s/rep, ETA 0.0 h)
[     275s] 3000/4000 reps  (0.092 s/rep, ETA 0.0 h)
[     291s] 3200/4000 reps  (0.091 s/rep, ETA 0.0 h)
[     307s] 3400/4000 reps  (0.090 s/rep, ETA 0.0 h)
[     326s] 3600/4000 reps  (0.091 s/rep, ETA 0.0 h)
[     344s] 3800/4000 reps  (0.091 s/rep, ETA 0.0 h)
[     363s] 4000/4000 reps  (0.091 s/rep, ETA 0.0 h)
done: 4000 reps in 362.6s (0.091 s/rep)
[19653 s] reps done through 220000 of 1228158
1228158 reps loaded; swap symmetry on (weighted rep sums)
4000 reps to do (220000 already in the output)
[      17s] 200/4000 reps  (0.084 s/rep, ETA 0.1 h)
[      34s] 400/4000 reps  (0.086 s/rep, ETA 0.1 h)
[      51s] 600/4000 reps  (0.085 s/rep, ETA 0.1 h)
[      67s] 800/4000 reps  (0.084 s/rep, ETA 0.1 h)
[      83s] 1000/4000 reps  (0.083 s/rep, ETA 0.1 h)
[      99s] 1200/4000 reps  (0.082 s/rep, ETA 0.1 h)
[     113s] 1400/4000 reps  (0.081 s/rep, ETA 0.1 h)
[     130s] 1600/4000 reps  (0.081 s/rep, ETA 0.1 h)
[     148s] 1800/4000 reps  (0.082 s/rep, ETA 0.1 h)
[     166s] 2000/4000 reps  (0.083 s/rep, ETA 0.0 h)
[     182s] 2200/4000 reps  (0.083 s/rep, ETA 0.0 h)
[     198s] 2400/4000 reps  (0.082 s/rep, ETA 0.0 h)
[     214s] 2600/4000 reps  (0.082 s/rep, ETA 0.0 h)
[     229s] 2800/4000 reps  (0.082 s/rep, ETA 0.0 h)
[     247s] 3000/4000 reps  (0.082 s/rep, ETA 0.0 h)
[     263s] 3200/4000 reps  (0.082 s/rep, ETA 0.0 h)
[     278s] 3400/4000 reps  (0.082 s/rep, ETA 0.0 h)
[     292s] 3600/4000 reps  (0.081 s/rep, ETA 0.0 h)
[     307s] 3800/4000 reps  (0.081 s/rep, ETA 0.0 h)
[     319s] 4000/4000 reps  (0.080 s/rep, ETA 0.0 h)
done: 4000 reps in 319.3s (0.080 s/rep)
[19973 s] reps done through 224000 of 1228158
1228158 reps loaded; swap symmetry on (weighted rep sums)
4000 reps to do (224000 already in the output)
[      14s] 200/4000 reps  (0.072 s/rep, ETA 0.1 h)
[      30s] 400/4000 reps  (0.075 s/rep, ETA 0.1 h)
[      44s] 600/4000 reps  (0.073 s/rep, ETA 0.1 h)
[      60s] 800/4000 reps  (0.075 s/rep, ETA 0.1 h)
[      77s] 1000/4000 reps  (0.077 s/rep, ETA 0.1 h)
[      92s] 1200/4000 reps  (0.077 s/rep, ETA 0.1 h)
[     108s] 1400/4000 reps  (0.077 s/rep, ETA 0.1 h)
[     122s] 1600/4000 reps  (0.076 s/rep, ETA 0.1 h)
[     138s] 1800/4000 reps  (0.077 s/rep, ETA 0.0 h)
[     152s] 2000/4000 reps  (0.076 s/rep, ETA 0.0 h)
[     166s] 2200/4000 reps  (0.075 s/rep, ETA 0.0 h)
[     180s] 2400/4000 reps  (0.075 s/rep, ETA 0.0 h)
[     194s] 2600/4000 reps  (0.075 s/rep, ETA 0.0 h)
[     213s] 2800/4000 reps  (0.076 s/rep, ETA 0.0 h)
[     231s] 3000/4000 reps  (0.077 s/rep, ETA 0.0 h)
[     249s] 3200/4000 reps  (0.078 s/rep, ETA 0.0 h)
[     265s] 3400/4000 reps  (0.078 s/rep, ETA 0.0 h)
[     281s] 3600/4000 reps  (0.078 s/rep, ETA 0.0 h)
[     299s] 3800/4000 reps  (0.079 s/rep, ETA 0.0 h)
[     318s] 4000/4000 reps  (0.079 s/rep, ETA 0.0 h)
done: 4000 reps in 317.5s (0.079 s/rep)
[20291 s] reps done through 228000 of 1228158
1228158 reps loaded; swap symmetry on (weighted rep sums)
4000 reps to do (228000 already in the output)
[      17s] 200/4000 reps  (0.084 s/rep, ETA 0.1 h)
[      33s] 400/4000 reps  (0.081 s/rep, ETA 0.1 h)
[      48s] 600/4000 reps  (0.080 s/rep, ETA 0.1 h)
[      62s] 800/4000 reps  (0.078 s/rep, ETA 0.1 h)
[      80s] 1000/4000 reps  (0.080 s/rep, ETA 0.1 h)
[      98s] 1200/4000 reps  (0.081 s/rep, ETA 0.1 h)
[     115s] 1400/4000 reps  (0.082 s/rep, ETA 0.1 h)
[     131s] 1600/4000 reps  (0.082 s/rep, ETA 0.1 h)
[     148s] 1800/4000 reps  (0.082 s/rep, ETA 0.1 h)
[     164s] 2000/4000 reps  (0.082 s/rep, ETA 0.0 h)
[     179s] 2200/4000 reps  (0.081 s/rep, ETA 0.0 h)
[     194s] 2400/4000 reps  (0.081 s/rep, ETA 0.0 h)
[     209s] 2600/4000 reps  (0.080 s/rep, ETA 0.0 h)
[     223s] 2800/4000 reps  (0.080 s/rep, ETA 0.0 h)
[     240s] 3000/4000 reps  (0.080 s/rep, ETA 0.0 h)
[     257s] 3200/4000 reps  (0.080 s/rep, ETA 0.0 h)
[     273s] 3400/4000 reps  (0.080 s/rep, ETA 0.0 h)
[     288s] 3600/4000 reps  (0.080 s/rep, ETA 0.0 h)
[     303s] 3800/4000 reps  (0.080 s/rep, ETA 0.0 h)
[     318s] 4000/4000 reps  (0.079 s/rep, ETA 0.0 h)
done: 4000 reps in 317.8s (0.079 s/rep)
[20609 s] reps done through 232000 of 1228158
1228158 reps loaded; swap symmetry on (weighted rep sums)
4000 reps to do (232000 already in the output)
[      14s] 200/4000 reps  (0.070 s/rep, ETA 0.1 h)
[      28s] 400/4000 reps  (0.070 s/rep, ETA 0.1 h)
[      42s] 600/4000 reps  (0.070 s/rep, ETA 0.1 h)
[      54s] 800/4000 reps  (0.068 s/rep, ETA 0.1 h)
[      69s] 1000/4000 reps  (0.069 s/rep, ETA 0.1 h)
[      85s] 1200/4000 reps  (0.071 s/rep, ETA 0.1 h)
[     101s] 1400/4000 reps  (0.072 s/rep, ETA 0.1 h)
[     115s] 1600/4000 reps  (0.072 s/rep, ETA 0.0 h)
[     129s] 1800/4000 reps  (0.072 s/rep, ETA 0.0 h)
[     143s] 2000/4000 reps  (0.072 s/rep, ETA 0.0 h)
[     156s] 2200/4000 reps  (0.071 s/rep, ETA 0.0 h)
[     172s] 2400/4000 reps  (0.071 s/rep, ETA 0.0 h)
[     186s] 2600/4000 reps  (0.072 s/rep, ETA 0.0 h)
[     199s] 2800/4000 reps  (0.071 s/rep, ETA 0.0 h)
[     211s] 3000/4000 reps  (0.070 s/rep, ETA 0.0 h)
[     223s] 3200/4000 reps  (0.070 s/rep, ETA 0.0 h)
[     235s] 3400/4000 reps  (0.069 s/rep, ETA 0.0 h)
[     254s] 3600/4000 reps  (0.070 s/rep, ETA 0.0 h)
[     271s] 3800/4000 reps  (0.071 s/rep, ETA 0.0 h)
[     291s] 4000/4000 reps  (0.073 s/rep, ETA 0.0 h)
done: 4000 reps in 290.7s (0.073 s/rep)
[20900 s] reps done through 236000 of 1228158
1228158 reps loaded; swap symmetry on (weighted rep sums)
4000 reps to do (236000 already in the output)
[      20s] 200/4000 reps  (0.098 s/rep, ETA 0.1 h)
[      39s] 400/4000 reps  (0.097 s/rep, ETA 0.1 h)
[      57s] 600/4000 reps  (0.096 s/rep, ETA 0.1 h)
[      77s] 800/4000 reps  (0.096 s/rep, ETA 0.1 h)
[      97s] 1000/4000 reps  (0.097 s/rep, ETA 0.1 h)
[     116s] 1200/4000 reps  (0.097 s/rep, ETA 0.1 h)
[     136s] 1400/4000 reps  (0.097 s/rep, ETA 0.1 h)
[     155s] 1600/4000 reps  (0.097 s/rep, ETA 0.1 h)
[     173s] 1800/4000 reps  (0.096 s/rep, ETA 0.1 h)
[     192s] 2000/4000 reps  (0.096 s/rep, ETA 0.1 h)
[     210s] 2200/4000 reps  (0.095 s/rep, ETA 0.0 h)
[     229s] 2400/4000 reps  (0.095 s/rep, ETA 0.0 h)
[     246s] 2600/4000 reps  (0.095 s/rep, ETA 0.0 h)
[     264s] 2800/4000 reps  (0.094 s/rep, ETA 0.0 h)
[     284s] 3000/4000 reps  (0.095 s/rep, ETA 0.0 h)
[     303s] 3200/4000 reps  (0.095 s/rep, ETA 0.0 h)
[     323s] 3400/4000 reps  (0.095 s/rep, ETA 0.0 h)
[     342s] 3600/4000 reps  (0.095 s/rep, ETA 0.0 h)
[     360s] 3800/4000 reps  (0.095 s/rep, ETA 0.0 h)
[     381s] 4000/4000 reps  (0.095 s/rep, ETA 0.0 h)
done: 4000 reps in 381.0s (0.095 s/rep)
[21282 s] reps done through 240000 of 1228158
1228158 reps loaded; swap symmetry on (weighted rep sums)
4000 reps to do (240000 already in the output)
[      21s] 200/4000 reps  (0.103 s/rep, ETA 0.1 h)
[      40s] 400/4000 reps  (0.101 s/rep, ETA 0.1 h)
[      59s] 600/4000 reps  (0.099 s/rep, ETA 0.1 h)
[      78s] 800/4000 reps  (0.097 s/rep, ETA 0.1 h)
[      97s] 1000/4000 reps  (0.097 s/rep, ETA 0.1 h)
[     116s] 1200/4000 reps  (0.097 s/rep, ETA 0.1 h)
[     134s] 1400/4000 reps  (0.096 s/rep, ETA 0.1 h)
[     152s] 1600/4000 reps  (0.095 s/rep, ETA 0.1 h)
[     169s] 1800/4000 reps  (0.094 s/rep, ETA 0.1 h)
[     188s] 2000/4000 reps  (0.094 s/rep, ETA 0.1 h)
[     207s] 2200/4000 reps  (0.094 s/rep, ETA 0.0 h)
[     226s] 2400/4000 reps  (0.094 s/rep, ETA 0.0 h)
[     244s] 2600/4000 reps  (0.094 s/rep, ETA 0.0 h)
[     263s] 2800/4000 reps  (0.094 s/rep, ETA 0.0 h)
[     281s] 3000/4000 reps  (0.094 s/rep, ETA 0.0 h)
[     298s] 3200/4000 reps  (0.093 s/rep, ETA 0.0 h)
[     317s] 3400/4000 reps  (0.093 s/rep, ETA 0.0 h)
[     336s] 3600/4000 reps  (0.093 s/rep, ETA 0.0 h)
[     354s] 3800/4000 reps  (0.093 s/rep, ETA 0.0 h)
[     372s] 4000/4000 reps  (0.093 s/rep, ETA 0.0 h)
done: 4000 reps in 372.2s (0.093 s/rep)
[21655 s] reps done through 244000 of 1228158
1228158 reps loaded; swap symmetry on (weighted rep sums)
4000 reps to do (244000 already in the output)
[      17s] 200/4000 reps  (0.086 s/rep, ETA 0.1 h)
[      35s] 400/4000 reps  (0.088 s/rep, ETA 0.1 h)
[      53s] 600/4000 reps  (0.088 s/rep, ETA 0.1 h)
[      70s] 800/4000 reps  (0.087 s/rep, ETA 0.1 h)
[      86s] 1000/4000 reps  (0.086 s/rep, ETA 0.1 h)
[     102s] 1200/4000 reps  (0.085 s/rep, ETA 0.1 h)
[     121s] 1400/4000 reps  (0.086 s/rep, ETA 0.1 h)
[     141s] 1600/4000 reps  (0.088 s/rep, ETA 0.1 h)
[     161s] 1800/4000 reps  (0.090 s/rep, ETA 0.1 h)
[     180s] 2000/4000 reps  (0.090 s/rep, ETA 0.1 h)
[     199s] 2200/4000 reps  (0.091 s/rep, ETA 0.0 h)
[     218s] 2400/4000 reps  (0.091 s/rep, ETA 0.0 h)
[     236s] 2600/4000 reps  (0.091 s/rep, ETA 0.0 h)
[     255s] 2800/4000 reps  (0.091 s/rep, ETA 0.0 h)
[     271s] 3000/4000 reps  (0.090 s/rep, ETA 0.0 h)
[     291s] 3200/4000 reps  (0.091 s/rep, ETA 0.0 h)
[     310s] 3400/4000 reps  (0.091 s/rep, ETA 0.0 h)
[     330s] 3600/4000 reps  (0.092 s/rep, ETA 0.0 h)
[     349s] 3800/4000 reps  (0.092 s/rep, ETA 0.0 h)
[     367s] 4000/4000 reps  (0.092 s/rep, ETA 0.0 h)
done: 4000 reps in 367.2s (0.092 s/rep)
[22023 s] reps done through 248000 of 1228158
1228158 reps loaded; swap symmetry on (weighted rep sums)
4000 reps to do (248000 already in the output)
[      18s] 200/4000 reps  (0.091 s/rep, ETA 0.1 h)
[      37s] 400/4000 reps  (0.092 s/rep, ETA 0.1 h)
[      55s] 600/4000 reps  (0.091 s/rep, ETA 0.1 h)
[      72s] 800/4000 reps  (0.090 s/rep, ETA 0.1 h)
[      91s] 1000/4000 reps  (0.091 s/rep, ETA 0.1 h)
[     109s] 1200/4000 reps  (0.091 s/rep, ETA 0.1 h)
[     128s] 1400/4000 reps  (0.091 s/rep, ETA 0.1 h)
[     145s] 1600/4000 reps  (0.091 s/rep, ETA 0.1 h)
[     162s] 1800/4000 reps  (0.090 s/rep, ETA 0.1 h)
[     180s] 2000/4000 reps  (0.090 s/rep, ETA 0.1 h)
[     197s] 2200/4000 reps  (0.089 s/rep, ETA 0.0 h)
[     214s] 2400/4000 reps  (0.089 s/rep, ETA 0.0 h)
[     230s] 2600/4000 reps  (0.088 s/rep, ETA 0.0 h)
[     246s] 2800/4000 reps  (0.088 s/rep, ETA 0.0 h)
[     265s] 3000/4000 reps  (0.088 s/rep, ETA 0.0 h)
[     283s] 3200/4000 reps  (0.088 s/rep, ETA 0.0 h)
[     301s] 3400/4000 reps  (0.088 s/rep, ETA 0.0 h)
[     317s] 3600/4000 reps  (0.088 s/rep, ETA 0.0 h)
[     335s] 3800/4000 reps  (0.088 s/rep, ETA 0.0 h)
[     351s] 4000/4000 reps  (0.088 s/rep, ETA 0.0 h)
done: 4000 reps in 350.8s (0.088 s/rep)
[22374 s] reps done through 252000 of 1228158
1228158 reps loaded; swap symmetry on (weighted rep sums)
4000 reps to do (252000 already in the output)
[      15s] 200/4000 reps  (0.074 s/rep, ETA 0.1 h)
[      32s] 400/4000 reps  (0.079 s/rep, ETA 0.1 h)
[      46s] 600/4000 reps  (0.077 s/rep, ETA 0.1 h)
[      61s] 800/4000 reps  (0.077 s/rep, ETA 0.1 h)
[      78s] 1000/4000 reps  (0.078 s/rep, ETA 0.1 h)
[      93s] 1200/4000 reps  (0.078 s/rep, ETA 0.1 h)
[     109s] 1400/4000 reps  (0.078 s/rep, ETA 0.1 h)
[     127s] 1600/4000 reps  (0.080 s/rep, ETA 0.1 h)
[     145s] 1800/4000 reps  (0.080 s/rep, ETA 0.0 h)
[     161s] 2000/4000 reps  (0.081 s/rep, ETA 0.0 h)
[     179s] 2200/4000 reps  (0.081 s/rep, ETA 0.0 h)
[     198s] 2400/4000 reps  (0.082 s/rep, ETA 0.0 h)
[     215s] 2600/4000 reps  (0.083 s/rep, ETA 0.0 h)
[     232s] 2800/4000 reps  (0.083 s/rep, ETA 0.0 h)
[     250s] 3000/4000 reps  (0.083 s/rep, ETA 0.0 h)
[     266s] 3200/4000 reps  (0.083 s/rep, ETA 0.0 h)
[     283s] 3400/4000 reps  (0.083 s/rep, ETA 0.0 h)
[     299s] 3600/4000 reps  (0.083 s/rep, ETA 0.0 h)
[     315s] 3800/4000 reps  (0.083 s/rep, ETA 0.0 h)
[     334s] 4000/4000 reps  (0.083 s/rep, ETA 0.0 h)
done: 4000 reps in 333.8s (0.083 s/rep)
[22708 s] reps done through 256000 of 1228158
1228158 reps loaded; swap symmetry on (weighted rep sums)
4000 reps to do (256000 already in the output)
[      18s] 200/4000 reps  (0.089 s/rep, ETA 0.1 h)
[      35s] 400/4000 reps  (0.087 s/rep, ETA 0.1 h)
[      54s] 600/4000 reps  (0.091 s/rep, ETA 0.1 h)
[      74s] 800/4000 reps  (0.092 s/rep, ETA 0.1 h)
[      92s] 1000/4000 reps  (0.092 s/rep, ETA 0.1 h)
[     110s] 1200/4000 reps  (0.092 s/rep, ETA 0.1 h)
[     127s] 1400/4000 reps  (0.091 s/rep, ETA 0.1 h)
[     145s] 1600/4000 reps  (0.091 s/rep, ETA 0.1 h)
[     163s] 1800/4000 reps  (0.090 s/rep, ETA 0.1 h)
[     179s] 2000/4000 reps  (0.090 s/rep, ETA 0.0 h)
[     196s] 2200/4000 reps  (0.089 s/rep, ETA 0.0 h)
[     211s] 2400/4000 reps  (0.088 s/rep, ETA 0.0 h)
[     229s] 2600/4000 reps  (0.088 s/rep, ETA 0.0 h)
[     246s] 2800/4000 reps  (0.088 s/rep, ETA 0.0 h)
[     263s] 3000/4000 reps  (0.088 s/rep, ETA 0.0 h)
[     281s] 3200/4000 reps  (0.088 s/rep, ETA 0.0 h)
[     297s] 3400/4000 reps  (0.087 s/rep, ETA 0.0 h)
[     314s] 3600/4000 reps  (0.087 s/rep, ETA 0.0 h)
[     330s] 3800/4000 reps  (0.087 s/rep, ETA 0.0 h)
[     346s] 4000/4000 reps  (0.087 s/rep, ETA 0.0 h)
done: 4000 reps in 346.4s (0.087 s/rep)
[23055 s] reps done through 260000 of 1228158
1228158 reps loaded; swap symmetry on (weighted rep sums)
4000 reps to do (260000 already in the output)
[      18s] 200/4000 reps  (0.090 s/rep, ETA 0.1 h)
[      35s] 400/4000 reps  (0.087 s/rep, ETA 0.1 h)
[      52s] 600/4000 reps  (0.086 s/rep, ETA 0.1 h)
[      68s] 800/4000 reps  (0.084 s/rep, ETA 0.1 h)
[      83s] 1000/4000 reps  (0.083 s/rep, ETA 0.1 h)
[     100s] 1200/4000 reps  (0.083 s/rep, ETA 0.1 h)
[     115s] 1400/4000 reps  (0.082 s/rep, ETA 0.1 h)
[     131s] 1600/4000 reps  (0.082 s/rep, ETA 0.1 h)
[     145s] 1800/4000 reps  (0.080 s/rep, ETA 0.0 h)
[     159s] 2000/4000 reps  (0.080 s/rep, ETA 0.0 h)
[     176s] 2200/4000 reps  (0.080 s/rep, ETA 0.0 h)
[     193s] 2400/4000 reps  (0.081 s/rep, ETA 0.0 h)
[     212s] 2600/4000 reps  (0.082 s/rep, ETA 0.0 h)
[     231s] 2800/4000 reps  (0.082 s/rep, ETA 0.0 h)
[     249s] 3000/4000 reps  (0.083 s/rep, ETA 0.0 h)
[     267s] 3200/4000 reps  (0.083 s/rep, ETA 0.0 h)
[     284s] 3400/4000 reps  (0.084 s/rep, ETA 0.0 h)
[     302s] 3600/4000 reps  (0.084 s/rep, ETA 0.0 h)
[     320s] 3800/4000 reps  (0.084 s/rep, ETA 0.0 h)
[     337s] 4000/4000 reps  (0.084 s/rep, ETA 0.0 h)
done: 4000 reps in 336.8s (0.084 s/rep)
[23392 s] reps done through 264000 of 1228158
1228158 reps loaded; swap symmetry on (weighted rep sums)
4000 reps to do (264000 already in the output)
[      17s] 200/4000 reps  (0.085 s/rep, ETA 0.1 h)
[      33s] 400/4000 reps  (0.083 s/rep, ETA 0.1 h)
[      49s] 600/4000 reps  (0.082 s/rep, ETA 0.1 h)
[      65s] 800/4000 reps  (0.082 s/rep, ETA 0.1 h)
[      84s] 1000/4000 reps  (0.084 s/rep, ETA 0.1 h)
[     101s] 1200/4000 reps  (0.084 s/rep, ETA 0.1 h)
[     118s] 1400/4000 reps  (0.084 s/rep, ETA 0.1 h)
[     135s] 1600/4000 reps  (0.085 s/rep, ETA 0.1 h)
[     152s] 1800/4000 reps  (0.085 s/rep, ETA 0.1 h)
[     168s] 2000/4000 reps  (0.084 s/rep, ETA 0.0 h)
[     183s] 2200/4000 reps  (0.083 s/rep, ETA 0.0 h)
[     201s] 2400/4000 reps  (0.084 s/rep, ETA 0.0 h)
[     219s] 2600/4000 reps  (0.084 s/rep, ETA 0.0 h)
[     236s] 2800/4000 reps  (0.084 s/rep, ETA 0.0 h)
[     253s] 3000/4000 reps  (0.084 s/rep, ETA 0.0 h)
[     271s] 3200/4000 reps  (0.085 s/rep, ETA 0.0 h)
[     287s] 3400/4000 reps  (0.084 s/rep, ETA 0.0 h)
[     304s] 3600/4000 reps  (0.084 s/rep, ETA 0.0 h)
[     319s] 3800/4000 reps  (0.084 s/rep, ETA 0.0 h)
[     336s] 4000/4000 reps  (0.084 s/rep, ETA 0.0 h)
done: 4000 reps in 335.7s (0.084 s/rep)
[23728 s] reps done through 268000 of 1228158
1228158 reps loaded; swap symmetry on (weighted rep sums)
4000 reps to do (268000 already in the output)
[      16s] 200/4000 reps  (0.082 s/rep, ETA 0.1 h)
[      33s] 400/4000 reps  (0.081 s/rep, ETA 0.1 h)
[      47s] 600/4000 reps  (0.079 s/rep, ETA 0.1 h)
[      63s] 800/4000 reps  (0.079 s/rep, ETA 0.1 h)
[      78s] 1000/4000 reps  (0.078 s/rep, ETA 0.1 h)
[      93s] 1200/4000 reps  (0.077 s/rep, ETA 0.1 h)
[     106s] 1400/4000 reps  (0.075 s/rep, ETA 0.1 h)
[     125s] 1600/4000 reps  (0.078 s/rep, ETA 0.1 h)
[     144s] 1800/4000 reps  (0.080 s/rep, ETA 0.0 h)
[     163s] 2000/4000 reps  (0.081 s/rep, ETA 0.0 h)
[     181s] 2200/4000 reps  (0.082 s/rep, ETA 0.0 h)
[     199s] 2400/4000 reps  (0.083 s/rep, ETA 0.0 h)
[     217s] 2600/4000 reps  (0.083 s/rep, ETA 0.0 h)
[     235s] 2800/4000 reps  (0.084 s/rep, ETA 0.0 h)
[     252s] 3000/4000 reps  (0.084 s/rep, ETA 0.0 h)
[     270s] 3200/4000 reps  (0.084 s/rep, ETA 0.0 h)
[     289s] 3400/4000 reps  (0.085 s/rep, ETA 0.0 h)
[     306s] 3600/4000 reps  (0.085 s/rep, ETA 0.0 h)
[     324s] 3800/4000 reps  (0.085 s/rep, ETA 0.0 h)
[     340s] 4000/4000 reps  (0.085 s/rep, ETA 0.0 h)
done: 4000 reps in 340.5s (0.085 s/rep)
[24069 s] reps done through 272000 of 1228158
1228158 reps loaded; swap symmetry on (weighted rep sums)
4000 reps to do (272000 already in the output)
[      17s] 200/4000 reps  (0.087 s/rep, ETA 0.1 h)
[      34s] 400/4000 reps  (0.085 s/rep, ETA 0.1 h)
[      51s] 600/4000 reps  (0.085 s/rep, ETA 0.1 h)
[      66s] 800/4000 reps  (0.083 s/rep, ETA 0.1 h)
[      83s] 1000/4000 reps  (0.083 s/rep, ETA 0.1 h)
[     101s] 1200/4000 reps  (0.084 s/rep, ETA 0.1 h)
[     119s] 1400/4000 reps  (0.085 s/rep, ETA 0.1 h)
[     137s] 1600/4000 reps  (0.085 s/rep, ETA 0.1 h)
[     153s] 1800/4000 reps  (0.085 s/rep, ETA 0.1 h)
[     170s] 2000/4000 reps  (0.085 s/rep, ETA 0.0 h)
[     187s] 2200/4000 reps  (0.085 s/rep, ETA 0.0 h)
[     203s] 2400/4000 reps  (0.085 s/rep, ETA 0.0 h)
[     218s] 2600/4000 reps  (0.084 s/rep, ETA 0.0 h)
[     237s] 2800/4000 reps  (0.084 s/rep, ETA 0.0 h)
[     254s] 3000/4000 reps  (0.085 s/rep, ETA 0.0 h)
[     270s] 3200/4000 reps  (0.085 s/rep, ETA 0.0 h)
[     287s] 3400/4000 reps  (0.084 s/rep, ETA 0.0 h)
[     301s] 3600/4000 reps  (0.084 s/rep, ETA 0.0 h)
[     318s] 3800/4000 reps  (0.084 s/rep, ETA 0.0 h)
[     334s] 4000/4000 reps  (0.084 s/rep, ETA 0.0 h)
done: 4000 reps in 334.0s (0.084 s/rep)
[24403 s] reps done through 276000 of 1228158
1228158 reps loaded; swap symmetry on (weighted rep sums)
4000 reps to do (276000 already in the output)
[      15s] 200/4000 reps  (0.076 s/rep, ETA 0.1 h)
[      30s] 400/4000 reps  (0.074 s/rep, ETA 0.1 h)
[      43s] 600/4000 reps  (0.071 s/rep, ETA 0.1 h)
[      62s] 800/4000 reps  (0.077 s/rep, ETA 0.1 h)
[      80s] 1000/4000 reps  (0.080 s/rep, ETA 0.1 h)
[      99s] 1200/4000 reps  (0.082 s/rep, ETA 0.1 h)
[     116s] 1400/4000 reps  (0.083 s/rep, ETA 0.1 h)
[     133s] 1600/4000 reps  (0.083 s/rep, ETA 0.1 h)
[     150s] 1800/4000 reps  (0.083 s/rep, ETA 0.1 h)
[     167s] 2000/4000 reps  (0.084 s/rep, ETA 0.0 h)
[     184s] 2200/4000 reps  (0.084 s/rep, ETA 0.0 h)
[     200s] 2400/4000 reps  (0.083 s/rep, ETA 0.0 h)
[     215s] 2600/4000 reps  (0.083 s/rep, ETA 0.0 h)
[     233s] 2800/4000 reps  (0.083 s/rep, ETA 0.0 h)
[     250s] 3000/4000 reps  (0.083 s/rep, ETA 0.0 h)
[     267s] 3200/4000 reps  (0.084 s/rep, ETA 0.0 h)
[     283s] 3400/4000 reps  (0.083 s/rep, ETA 0.0 h)
[     298s] 3600/4000 reps  (0.083 s/rep, ETA 0.0 h)
[     315s] 3800/4000 reps  (0.083 s/rep, ETA 0.0 h)
[     330s] 4000/4000 reps  (0.083 s/rep, ETA 0.0 h)
done: 4000 reps in 330.2s (0.083 s/rep)
[24734 s] reps done through 280000 of 1228158
1228158 reps loaded; swap symmetry on (weighted rep sums)
4000 reps to do (280000 already in the output)
[      15s] 200/4000 reps  (0.076 s/rep, ETA 0.1 h)
[      30s] 400/4000 reps  (0.074 s/rep, ETA 0.1 h)
[      43s] 600/4000 reps  (0.072 s/rep, ETA 0.1 h)
[      61s] 800/4000 reps  (0.076 s/rep, ETA 0.1 h)
[      77s] 1000/4000 reps  (0.077 s/rep, ETA 0.1 h)
[      94s] 1200/4000 reps  (0.078 s/rep, ETA 0.1 h)
[     110s] 1400/4000 reps  (0.078 s/rep, ETA 0.1 h)
[     125s] 1600/4000 reps  (0.078 s/rep, ETA 0.1 h)
[     141s] 1800/4000 reps  (0.078 s/rep, ETA 0.0 h)
[     156s] 2000/4000 reps  (0.078 s/rep, ETA 0.0 h)
[     172s] 2200/4000 reps  (0.078 s/rep, ETA 0.0 h)
[     186s] 2400/4000 reps  (0.077 s/rep, ETA 0.0 h)
[     200s] 2600/4000 reps  (0.077 s/rep, ETA 0.0 h)
[     216s] 2800/4000 reps  (0.077 s/rep, ETA 0.0 h)
[     232s] 3000/4000 reps  (0.077 s/rep, ETA 0.0 h)
[     247s] 3200/4000 reps  (0.077 s/rep, ETA 0.0 h)
[     261s] 3400/4000 reps  (0.077 s/rep, ETA 0.0 h)
[     275s] 3600/4000 reps  (0.076 s/rep, ETA 0.0 h)
[     289s] 3800/4000 reps  (0.076 s/rep, ETA 0.0 h)
[     303s] 4000/4000 reps  (0.076 s/rep, ETA 0.0 h)
done: 4000 reps in 303.3s (0.076 s/rep)
[25038 s] reps done through 284000 of 1228158
1228158 reps loaded; swap symmetry on (weighted rep sums)
4000 reps to do (284000 already in the output)
[      13s] 200/4000 reps  (0.067 s/rep, ETA 0.1 h)
[      26s] 400/4000 reps  (0.065 s/rep, ETA 0.1 h)
[      37s] 600/4000 reps  (0.062 s/rep, ETA 0.1 h)
[      51s] 800/4000 reps  (0.064 s/rep, ETA 0.1 h)
[      67s] 1000/4000 reps  (0.067 s/rep, ETA 0.1 h)
[      83s] 1200/4000 reps  (0.069 s/rep, ETA 0.1 h)
[      98s] 1400/4000 reps  (0.070 s/rep, ETA 0.1 h)
[     113s] 1600/4000 reps  (0.071 s/rep, ETA 0.0 h)
[     128s] 1800/4000 reps  (0.071 s/rep, ETA 0.0 h)
[     142s] 2000/4000 reps  (0.071 s/rep, ETA 0.0 h)
[     155s] 2200/4000 reps  (0.071 s/rep, ETA 0.0 h)
[     172s] 2400/4000 reps  (0.072 s/rep, ETA 0.0 h)
[     187s] 2600/4000 reps  (0.072 s/rep, ETA 0.0 h)
[     204s] 2800/4000 reps  (0.073 s/rep, ETA 0.0 h)
[     222s] 3000/4000 reps  (0.074 s/rep, ETA 0.0 h)
[     239s] 3200/4000 reps  (0.075 s/rep, ETA 0.0 h)
[     255s] 3400/4000 reps  (0.075 s/rep, ETA 0.0 h)
[     271s] 3600/4000 reps  (0.075 s/rep, ETA 0.0 h)
[     287s] 3800/4000 reps  (0.075 s/rep, ETA 0.0 h)
[     303s] 4000/4000 reps  (0.076 s/rep, ETA 0.0 h)
done: 4000 reps in 302.9s (0.076 s/rep)
[25341 s] reps done through 288000 of 1228158
1228158 reps loaded; swap symmetry on (weighted rep sums)
4000 reps to do (288000 already in the output)
[      15s] 200/4000 reps  (0.074 s/rep, ETA 0.1 h)
[      30s] 400/4000 reps  (0.075 s/rep, ETA 0.1 h)
[      44s] 600/4000 reps  (0.073 s/rep, ETA 0.1 h)
[      58s] 800/4000 reps  (0.072 s/rep, ETA 0.1 h)
[      73s] 1000/4000 reps  (0.073 s/rep, ETA 0.1 h)
[      87s] 1200/4000 reps  (0.072 s/rep, ETA 0.1 h)
[     100s] 1400/4000 reps  (0.072 s/rep, ETA 0.1 h)
[     117s] 1600/4000 reps  (0.073 s/rep, ETA 0.0 h)
[     132s] 1800/4000 reps  (0.074 s/rep, ETA 0.0 h)
[     147s] 2000/4000 reps  (0.074 s/rep, ETA 0.0 h)
[     162s] 2200/4000 reps  (0.073 s/rep, ETA 0.0 h)
[     175s] 2400/4000 reps  (0.073 s/rep, ETA 0.0 h)
[     190s] 2600/4000 reps  (0.073 s/rep, ETA 0.0 h)
[     204s] 2800/4000 reps  (0.073 s/rep, ETA 0.0 h)
[     217s] 3000/4000 reps  (0.072 s/rep, ETA 0.0 h)
[     229s] 3200/4000 reps  (0.072 s/rep, ETA 0.0 h)
[     240s] 3400/4000 reps  (0.071 s/rep, ETA 0.0 h)
[     259s] 3600/4000 reps  (0.072 s/rep, ETA 0.0 h)
[     276s] 3800/4000 reps  (0.073 s/rep, ETA 0.0 h)
[     293s] 4000/4000 reps  (0.073 s/rep, ETA 0.0 h)
done: 4000 reps in 293.4s (0.073 s/rep)
[25635 s] reps done through 292000 of 1228158
1228158 reps loaded; swap symmetry on (weighted rep sums)
4000 reps to do (292000 already in the output)
[      16s] 200/4000 reps  (0.081 s/rep, ETA 0.1 h)
[      33s] 400/4000 reps  (0.082 s/rep, ETA 0.1 h)
[      48s] 600/4000 reps  (0.081 s/rep, ETA 0.1 h)
[      63s] 800/4000 reps  (0.078 s/rep, ETA 0.1 h)
[      79s] 1000/4000 reps  (0.079 s/rep, ETA 0.1 h)
[      93s] 1200/4000 reps  (0.077 s/rep, ETA 0.1 h)
[     108s] 1400/4000 reps  (0.077 s/rep, ETA 0.1 h)
[     125s] 1600/4000 reps  (0.078 s/rep, ETA 0.1 h)
[     142s] 1800/4000 reps  (0.079 s/rep, ETA 0.0 h)
[     158s] 2000/4000 reps  (0.079 s/rep, ETA 0.0 h)
[     173s] 2200/4000 reps  (0.078 s/rep, ETA 0.0 h)
[     189s] 2400/4000 reps  (0.079 s/rep, ETA 0.0 h)
[     204s] 2600/4000 reps  (0.079 s/rep, ETA 0.0 h)
[     219s] 2800/4000 reps  (0.078 s/rep, ETA 0.0 h)
[     234s] 3000/4000 reps  (0.078 s/rep, ETA 0.0 h)
[     247s] 3200/4000 reps  (0.077 s/rep, ETA 0.0 h)
[     263s] 3400/4000 reps  (0.077 s/rep, ETA 0.0 h)
[     279s] 3600/4000 reps  (0.077 s/rep, ETA 0.0 h)
[     293s] 3800/4000 reps  (0.077 s/rep, ETA 0.0 h)
[     308s] 4000/4000 reps  (0.077 s/rep, ETA 0.0 h)
done: 4000 reps in 308.0s (0.077 s/rep)
[25943 s] reps done through 296000 of 1228158
1228158 reps loaded; swap symmetry on (weighted rep sums)
4000 reps to do (296000 already in the output)
[      14s] 200/4000 reps  (0.069 s/rep, ETA 0.1 h)
[      28s] 400/4000 reps  (0.070 s/rep, ETA 0.1 h)
[      42s] 600/4000 reps  (0.070 s/rep, ETA 0.1 h)
[      55s] 800/4000 reps  (0.069 s/rep, ETA 0.1 h)
[      68s] 1000/4000 reps  (0.068 s/rep, ETA 0.1 h)
[      80s] 1200/4000 reps  (0.067 s/rep, ETA 0.1 h)
[      94s] 1400/4000 reps  (0.067 s/rep, ETA 0.0 h)
[     109s] 1600/4000 reps  (0.068 s/rep, ETA 0.0 h)
[     124s] 1800/4000 reps  (0.069 s/rep, ETA 0.0 h)
[     137s] 2000/4000 reps  (0.069 s/rep, ETA 0.0 h)
[     151s] 2200/4000 reps  (0.069 s/rep, ETA 0.0 h)
[     164s] 2400/4000 reps  (0.068 s/rep, ETA 0.0 h)
[     177s] 2600/4000 reps  (0.068 s/rep, ETA 0.0 h)
[     188s] 2800/4000 reps  (0.067 s/rep, ETA 0.0 h)
[     201s] 3000/4000 reps  (0.067 s/rep, ETA 0.0 h)
[     211s] 3200/4000 reps  (0.066 s/rep, ETA 0.0 h)
[     225s] 3400/4000 reps  (0.066 s/rep, ETA 0.0 h)
[     241s] 3600/4000 reps  (0.067 s/rep, ETA 0.0 h)
[     257s] 3800/4000 reps  (0.068 s/rep, ETA 0.0 h)
[     275s] 4000/4000 reps  (0.069 s/rep, ETA 0.0 h)
done: 4000 reps in 275.4s (0.069 s/rep)
[26219 s] reps done through 300000 of 1228158
1228158 reps loaded; swap symmetry on (weighted rep sums)
4000 reps to do (300000 already in the output)
[      17s] 200/4000 reps  (0.085 s/rep, ETA 0.1 h)
[      34s] 400/4000 reps  (0.084 s/rep, ETA 0.1 h)
[      50s] 600/4000 reps  (0.083 s/rep, ETA 0.1 h)
[      68s] 800/4000 reps  (0.085 s/rep, ETA 0.1 h)
[      87s] 1000/4000 reps  (0.087 s/rep, ETA 0.1 h)
[     105s] 1200/4000 reps  (0.088 s/rep, ETA 0.1 h)
[     123s] 1400/4000 reps  (0.088 s/rep, ETA 0.1 h)
[     142s] 1600/4000 reps  (0.089 s/rep, ETA 0.1 h)
[     159s] 1800/4000 reps  (0.088 s/rep, ETA 0.1 h)
[     176s] 2000/4000 reps  (0.088 s/rep, ETA 0.0 h)
[     192s] 2200/4000 reps  (0.087 s/rep, ETA 0.0 h)
[     208s] 2400/4000 reps  (0.087 s/rep, ETA 0.0 h)
[     223s] 2600/4000 reps  (0.086 s/rep, ETA 0.0 h)
[     238s] 2800/4000 reps  (0.085 s/rep, ETA 0.0 h)
[     255s] 3000/4000 reps  (0.085 s/rep, ETA 0.0 h)
[     275s] 3200/4000 reps  (0.086 s/rep, ETA 0.0 h)
[     295s] 3400/4000 reps  (0.087 s/rep, ETA 0.0 h)
[     314s] 3600/4000 reps  (0.087 s/rep, ETA 0.0 h)
[     335s] 3800/4000 reps  (0.088 s/rep, ETA 0.0 h)
[     354s] 4000/4000 reps  (0.088 s/rep, ETA 0.0 h)
done: 4000 reps in 353.6s (0.088 s/rep)
[26573 s] reps done through 304000 of 1228158
1228158 reps loaded; swap symmetry on (weighted rep sums)
4000 reps to do (304000 already in the output)
[      19s] 200/4000 reps  (0.093 s/rep, ETA 0.1 h)
[      38s] 400/4000 reps  (0.095 s/rep, ETA 0.1 h)
[      57s] 600/4000 reps  (0.095 s/rep, ETA 0.1 h)
[      75s] 800/4000 reps  (0.094 s/rep, ETA 0.1 h)
[      94s] 1000/4000 reps  (0.094 s/rep, ETA 0.1 h)
[     112s] 1200/4000 reps  (0.093 s/rep, ETA 0.1 h)
[     131s] 1400/4000 reps  (0.094 s/rep, ETA 0.1 h)
[     149s] 1600/4000 reps  (0.093 s/rep, ETA 0.1 h)
[     166s] 1800/4000 reps  (0.092 s/rep, ETA 0.1 h)
[     185s] 2000/4000 reps  (0.093 s/rep, ETA 0.1 h)
[     203s] 2200/4000 reps  (0.092 s/rep, ETA 0.0 h)
[     222s] 2400/4000 reps  (0.093 s/rep, ETA 0.0 h)
[     241s] 2600/4000 reps  (0.093 s/rep, ETA 0.0 h)
[     260s] 2800/4000 reps  (0.093 s/rep, ETA 0.0 h)
[     278s] 3000/4000 reps  (0.093 s/rep, ETA 0.0 h)
[     294s] 3200/4000 reps  (0.092 s/rep, ETA 0.0 h)
[     313s] 3400/4000 reps  (0.092 s/rep, ETA 0.0 h)
[     330s] 3600/4000 reps  (0.092 s/rep, ETA 0.0 h)
[     348s] 3800/4000 reps  (0.092 s/rep, ETA 0.0 h)
[     364s] 4000/4000 reps  (0.091 s/rep, ETA 0.0 h)
done: 4000 reps in 364.4s (0.091 s/rep)
[26938 s] reps done through 308000 of 1228158
1228158 reps loaded; swap symmetry on (weighted rep sums)
4000 reps to do (308000 already in the output)
[      15s] 200/4000 reps  (0.077 s/rep, ETA 0.1 h)
[      34s] 400/4000 reps  (0.084 s/rep, ETA 0.1 h)
[      51s] 600/4000 reps  (0.085 s/rep, ETA 0.1 h)
[      69s] 800/4000 reps  (0.086 s/rep, ETA 0.1 h)
[      86s] 1000/4000 reps  (0.086 s/rep, ETA 0.1 h)
[     103s] 1200/4000 reps  (0.086 s/rep, ETA 0.1 h)
[     120s] 1400/4000 reps  (0.086 s/rep, ETA 0.1 h)
[     135s] 1600/4000 reps  (0.084 s/rep, ETA 0.1 h)
[     152s] 1800/4000 reps  (0.084 s/rep, ETA 0.1 h)
[     167s] 2000/4000 reps  (0.084 s/rep, ETA 0.0 h)
[     181s] 2200/4000 reps  (0.082 s/rep, ETA 0.0 h)
[     199s] 2400/4000 reps  (0.083 s/rep, ETA 0.0 h)
[     219s] 2600/4000 reps  (0.084 s/rep, ETA 0.0 h)
[     237s] 2800/4000 reps  (0.085 s/rep, ETA 0.0 h)
[     255s] 3000/4000 reps  (0.085 s/rep, ETA 0.0 h)
[     274s] 3200/4000 reps  (0.086 s/rep, ETA 0.0 h)
[     292s] 3400/4000 reps  (0.086 s/rep, ETA 0.0 h)
[     309s] 3600/4000 reps  (0.086 s/rep, ETA 0.0 h)
[     328s] 3800/4000 reps  (0.086 s/rep, ETA 0.0 h)
[     347s] 4000/4000 reps  (0.087 s/rep, ETA 0.0 h)
done: 4000 reps in 346.9s (0.087 s/rep)
[27285 s] reps done through 312000 of 1228158
1228158 reps loaded; swap symmetry on (weighted rep sums)
4000 reps to do (312000 already in the output)
[      18s] 200/4000 reps  (0.091 s/rep, ETA 0.1 h)
[      35s] 400/4000 reps  (0.088 s/rep, ETA 0.1 h)
[      53s] 600/4000 reps  (0.088 s/rep, ETA 0.1 h)
[      70s] 800/4000 reps  (0.087 s/rep, ETA 0.1 h)
[      87s] 1000/4000 reps  (0.087 s/rep, ETA 0.1 h)
[     103s] 1200/4000 reps  (0.086 s/rep, ETA 0.1 h)
[     119s] 1400/4000 reps  (0.085 s/rep, ETA 0.1 h)
[     136s] 1600/4000 reps  (0.085 s/rep, ETA 0.1 h)
[     152s] 1800/4000 reps  (0.085 s/rep, ETA 0.1 h)
[     169s] 2000/4000 reps  (0.085 s/rep, ETA 0.0 h)
[     187s] 2200/4000 reps  (0.085 s/rep, ETA 0.0 h)
[     204s] 2400/4000 reps  (0.085 s/rep, ETA 0.0 h)
[     221s] 2600/4000 reps  (0.085 s/rep, ETA 0.0 h)
[     237s] 2800/4000 reps  (0.084 s/rep, ETA 0.0 h)
[     253s] 3000/4000 reps  (0.084 s/rep, ETA 0.0 h)
[     269s] 3200/4000 reps  (0.084 s/rep, ETA 0.0 h)
[     284s] 3400/4000 reps  (0.084 s/rep, ETA 0.0 h)
[     299s] 3600/4000 reps  (0.083 s/rep, ETA 0.0 h)
[     313s] 3800/4000 reps  (0.082 s/rep, ETA 0.0 h)
[     330s] 4000/4000 reps  (0.083 s/rep, ETA 0.0 h)
done: 4000 reps in 330.1s (0.083 s/rep)
[27616 s] reps done through 316000 of 1228158
1228158 reps loaded; swap symmetry on (weighted rep sums)
4000 reps to do (316000 already in the output)
[      17s] 200/4000 reps  (0.086 s/rep, ETA 0.1 h)
[      33s] 400/4000 reps  (0.083 s/rep, ETA 0.1 h)
[      50s] 600/4000 reps  (0.083 s/rep, ETA 0.1 h)
[      66s] 800/4000 reps  (0.082 s/rep, ETA 0.1 h)
[      81s] 1000/4000 reps  (0.081 s/rep, ETA 0.1 h)
[      96s] 1200/4000 reps  (0.080 s/rep, ETA 0.1 h)
[     110s] 1400/4000 reps  (0.078 s/rep, ETA 0.1 h)
[     124s] 1600/4000 reps  (0.078 s/rep, ETA 0.1 h)
[     138s] 1800/4000 reps  (0.077 s/rep, ETA 0.0 h)
[     150s] 2000/4000 reps  (0.075 s/rep, ETA 0.0 h)
[     163s] 2200/4000 reps  (0.074 s/rep, ETA 0.0 h)
[     177s] 2400/4000 reps  (0.074 s/rep, ETA 0.0 h)
[     192s] 2600/4000 reps  (0.074 s/rep, ETA 0.0 h)
[     207s] 2800/4000 reps  (0.074 s/rep, ETA 0.0 h)
[     221s] 3000/4000 reps  (0.074 s/rep, ETA 0.0 h)
[     239s] 3200/4000 reps  (0.075 s/rep, ETA 0.0 h)
[     255s] 3400/4000 reps  (0.075 s/rep, ETA 0.0 h)
[     271s] 3600/4000 reps  (0.075 s/rep, ETA 0.0 h)
[     288s] 3800/4000 reps  (0.076 s/rep, ETA 0.0 h)
[     304s] 4000/4000 reps  (0.076 s/rep, ETA 0.0 h)
done: 4000 reps in 303.5s (0.076 s/rep)
[27920 s] reps done through 320000 of 1228158
1228158 reps loaded; swap symmetry on (weighted rep sums)
4000 reps to do (320000 already in the output)
[      15s] 200/4000 reps  (0.075 s/rep, ETA 0.1 h)
[      30s] 400/4000 reps  (0.074 s/rep, ETA 0.1 h)
[      42s] 600/4000 reps  (0.071 s/rep, ETA 0.1 h)
[      57s] 800/4000 reps  (0.072 s/rep, ETA 0.1 h)
[      71s] 1000/4000 reps  (0.071 s/rep, ETA 0.1 h)
[      83s] 1200/4000 reps  (0.069 s/rep, ETA 0.1 h)
[     100s] 1400/4000 reps  (0.071 s/rep, ETA 0.1 h)
[     118s] 1600/4000 reps  (0.074 s/rep, ETA 0.0 h)
[     136s] 1800/4000 reps  (0.075 s/rep, ETA 0.0 h)
[     154s] 2000/4000 reps  (0.077 s/rep, ETA 0.0 h)
[     172s] 2200/4000 reps  (0.078 s/rep, ETA 0.0 h)
[     188s] 2400/4000 reps  (0.078 s/rep, ETA 0.0 h)
[     206s] 2600/4000 reps  (0.079 s/rep, ETA 0.0 h)
[     223s] 2800/4000 reps  (0.080 s/rep, ETA 0.0 h)
[     240s] 3000/4000 reps  (0.080 s/rep, ETA 0.0 h)
[     256s] 3200/4000 reps  (0.080 s/rep, ETA 0.0 h)
[     273s] 3400/4000 reps  (0.080 s/rep, ETA 0.0 h)
[     290s] 3600/4000 reps  (0.080 s/rep, ETA 0.0 h)
[     305s] 3800/4000 reps  (0.080 s/rep, ETA 0.0 h)
[     320s] 4000/4000 reps  (0.080 s/rep, ETA 0.0 h)
done: 4000 reps in 320.4s (0.080 s/rep)
[28241 s] reps done through 324000 of 1228158
1228158 reps loaded; swap symmetry on (weighted rep sums)
4000 reps to do (324000 already in the output)
[      17s] 200/4000 reps  (0.085 s/rep, ETA 0.1 h)
[      33s] 400/4000 reps  (0.084 s/rep, ETA 0.1 h)
[      50s] 600/4000 reps  (0.084 s/rep, ETA 0.1 h)
[      68s] 800/4000 reps  (0.084 s/rep, ETA 0.1 h)
[      84s] 1000/4000 reps  (0.084 s/rep, ETA 0.1 h)
[     100s] 1200/4000 reps  (0.084 s/rep, ETA 0.1 h)
[     116s] 1400/4000 reps  (0.083 s/rep, ETA 0.1 h)
[     132s] 1600/4000 reps  (0.082 s/rep, ETA 0.1 h)
[     148s] 1800/4000 reps  (0.082 s/rep, ETA 0.1 h)
[     163s] 2000/4000 reps  (0.081 s/rep, ETA 0.0 h)
[     177s] 2200/4000 reps  (0.081 s/rep, ETA 0.0 h)
[     191s] 2400/4000 reps  (0.080 s/rep, ETA 0.0 h)
[     207s] 2600/4000 reps  (0.080 s/rep, ETA 0.0 h)
[     223s] 2800/4000 reps  (0.079 s/rep, ETA 0.0 h)
[     238s] 3000/4000 reps  (0.079 s/rep, ETA 0.0 h)
[     254s] 3200/4000 reps  (0.079 s/rep, ETA 0.0 h)
[     269s] 3400/4000 reps  (0.079 s/rep, ETA 0.0 h)
[     284s] 3600/4000 reps  (0.079 s/rep, ETA 0.0 h)
[     298s] 3800/4000 reps  (0.078 s/rep, ETA 0.0 h)
[     312s] 4000/4000 reps  (0.078 s/rep, ETA 0.0 h)
done: 4000 reps in 311.8s (0.078 s/rep)
[28553 s] reps done through 328000 of 1228158
1228158 reps loaded; swap symmetry on (weighted rep sums)
4000 reps to do (328000 already in the output)
[      14s] 200/4000 reps  (0.071 s/rep, ETA 0.1 h)
[      27s] 400/4000 reps  (0.068 s/rep, ETA 0.1 h)
[      40s] 600/4000 reps  (0.066 s/rep, ETA 0.1 h)
[      58s] 800/4000 reps  (0.072 s/rep, ETA 0.1 h)
[      75s] 1000/4000 reps  (0.075 s/rep, ETA 0.1 h)
[      91s] 1200/4000 reps  (0.076 s/rep, ETA 0.1 h)
[     108s] 1400/4000 reps  (0.077 s/rep, ETA 0.1 h)
[     124s] 1600/4000 reps  (0.077 s/rep, ETA 0.1 h)
[     138s] 1800/4000 reps  (0.077 s/rep, ETA 0.0 h)
[     156s] 2000/4000 reps  (0.078 s/rep, ETA 0.0 h)
[     172s] 2200/4000 reps  (0.078 s/rep, ETA 0.0 h)
[     189s] 2400/4000 reps  (0.079 s/rep, ETA 0.0 h)
[     204s] 2600/4000 reps  (0.079 s/rep, ETA 0.0 h)
[     219s] 2800/4000 reps  (0.078 s/rep, ETA 0.0 h)
[     235s] 3000/4000 reps  (0.078 s/rep, ETA 0.0 h)
[     250s] 3200/4000 reps  (0.078 s/rep, ETA 0.0 h)
[     264s] 3400/4000 reps  (0.078 s/rep, ETA 0.0 h)
[     278s] 3600/4000 reps  (0.077 s/rep, ETA 0.0 h)
[     292s] 3800/4000 reps  (0.077 s/rep, ETA 0.0 h)
[     307s] 4000/4000 reps  (0.077 s/rep, ETA 0.0 h)
done: 4000 reps in 306.9s (0.077 s/rep)
[28860 s] reps done through 332000 of 1228158
1228158 reps loaded; swap symmetry on (weighted rep sums)
4000 reps to do (332000 already in the output)
[      14s] 200/4000 reps  (0.072 s/rep, ETA 0.1 h)
[      30s] 400/4000 reps  (0.076 s/rep, ETA 0.1 h)
[      45s] 600/4000 reps  (0.076 s/rep, ETA 0.1 h)
[      61s] 800/4000 reps  (0.076 s/rep, ETA 0.1 h)
[      75s] 1000/4000 reps  (0.075 s/rep, ETA 0.1 h)
[      88s] 1200/4000 reps  (0.074 s/rep, ETA 0.1 h)
[     103s] 1400/4000 reps  (0.073 s/rep, ETA 0.1 h)
[     116s] 1600/4000 reps  (0.072 s/rep, ETA 0.0 h)
[     129s] 1800/4000 reps  (0.072 s/rep, ETA 0.0 h)
[     142s] 2000/4000 reps  (0.071 s/rep, ETA 0.0 h)
[     155s] 2200/4000 reps  (0.070 s/rep, ETA 0.0 h)
[     170s] 2400/4000 reps  (0.071 s/rep, ETA 0.0 h)
[     185s] 2600/4000 reps  (0.071 s/rep, ETA 0.0 h)
[     199s] 2800/4000 reps  (0.071 s/rep, ETA 0.0 h)
[     213s] 3000/4000 reps  (0.071 s/rep, ETA 0.0 h)
[     227s] 3200/4000 reps  (0.071 s/rep, ETA 0.0 h)
[     241s] 3400/4000 reps  (0.071 s/rep, ETA 0.0 h)
[     253s] 3600/4000 reps  (0.070 s/rep, ETA 0.0 h)
[     265s] 3800/4000 reps  (0.070 s/rep, ETA 0.0 h)
[     277s] 4000/4000 reps  (0.069 s/rep, ETA 0.0 h)
done: 4000 reps in 277.3s (0.069 s/rep)
[29138 s] reps done through 336000 of 1228158
1228158 reps loaded; swap symmetry on (weighted rep sums)
4000 reps to do (336000 already in the output)
[      11s] 200/4000 reps  (0.057 s/rep, ETA 0.1 h)
[      21s] 400/4000 reps  (0.053 s/rep, ETA 0.1 h)
[      35s] 600/4000 reps  (0.058 s/rep, ETA 0.1 h)
[      49s] 800/4000 reps  (0.061 s/rep, ETA 0.1 h)
[      64s] 1000/4000 reps  (0.064 s/rep, ETA 0.1 h)
[      82s] 1200/4000 reps  (0.068 s/rep, ETA 0.1 h)
[      99s] 1400/4000 reps  (0.070 s/rep, ETA 0.1 h)
[     115s] 1600/4000 reps  (0.072 s/rep, ETA 0.0 h)
[     131s] 1800/4000 reps  (0.073 s/rep, ETA 0.0 h)
[     147s] 2000/4000 reps  (0.073 s/rep, ETA 0.0 h)
[     162s] 2200/4000 reps  (0.074 s/rep, ETA 0.0 h)
[     177s] 2400/4000 reps  (0.074 s/rep, ETA 0.0 h)
[     190s] 2600/4000 reps  (0.073 s/rep, ETA 0.0 h)
[     204s] 2800/4000 reps  (0.073 s/rep, ETA 0.0 h)
[     218s] 3000/4000 reps  (0.073 s/rep, ETA 0.0 h)
[     229s] 3200/4000 reps  (0.072 s/rep, ETA 0.0 h)
[     249s] 3400/4000 reps  (0.073 s/rep, ETA 0.0 h)
[     267s] 3600/4000 reps  (0.074 s/rep, ETA 0.0 h)
[     286s] 3800/4000 reps  (0.075 s/rep, ETA 0.0 h)
[     304s] 4000/4000 reps  (0.076 s/rep, ETA 0.0 h)
done: 4000 reps in 303.7s (0.076 s/rep)
[29442 s] reps done through 340000 of 1228158
1228158 reps loaded; swap symmetry on (weighted rep sums)
4000 reps to do (340000 already in the output)
[      19s] 200/4000 reps  (0.095 s/rep, ETA 0.1 h)
[      36s] 400/4000 reps  (0.091 s/rep, ETA 0.1 h)
[      53s] 600/4000 reps  (0.089 s/rep, ETA 0.1 h)
[      71s] 800/4000 reps  (0.088 s/rep, ETA 0.1 h)
[      88s] 1000/4000 reps  (0.088 s/rep, ETA 0.1 h)
[     105s] 1200/4000 reps  (0.087 s/rep, ETA 0.1 h)
[     122s] 1400/4000 reps  (0.087 s/rep, ETA 0.1 h)
[     138s] 1600/4000 reps  (0.086 s/rep, ETA 0.1 h)
[     154s] 1800/4000 reps  (0.086 s/rep, ETA 0.1 h)
[     170s] 2000/4000 reps  (0.085 s/rep, ETA 0.0 h)
[     187s] 2200/4000 reps  (0.085 s/rep, ETA 0.0 h)
[     204s] 2400/4000 reps  (0.085 s/rep, ETA 0.0 h)
[     221s] 2600/4000 reps  (0.085 s/rep, ETA 0.0 h)
[     238s] 2800/4000 reps  (0.085 s/rep, ETA 0.0 h)
[     255s] 3000/4000 reps  (0.085 s/rep, ETA 0.0 h)
[     272s] 3200/4000 reps  (0.085 s/rep, ETA 0.0 h)
[     289s] 3400/4000 reps  (0.085 s/rep, ETA 0.0 h)
[     304s] 3600/4000 reps  (0.084 s/rep, ETA 0.0 h)
[     320s] 3800/4000 reps  (0.084 s/rep, ETA 0.0 h)
[     336s] 4000/4000 reps  (0.084 s/rep, ETA 0.0 h)
done: 4000 reps in 336.4s (0.084 s/rep)
[29779 s] reps done through 344000 of 1228158
1228158 reps loaded; swap symmetry on (weighted rep sums)
4000 reps to do (344000 already in the output)
[      15s] 200/4000 reps  (0.074 s/rep, ETA 0.1 h)
[      30s] 400/4000 reps  (0.076 s/rep, ETA 0.1 h)
[      44s] 600/4000 reps  (0.074 s/rep, ETA 0.1 h)
[      59s] 800/4000 reps  (0.074 s/rep, ETA 0.1 h)
[      75s] 1000/4000 reps  (0.075 s/rep, ETA 0.1 h)
[      91s] 1200/4000 reps  (0.076 s/rep, ETA 0.1 h)
[     107s] 1400/4000 reps  (0.076 s/rep, ETA 0.1 h)
[     122s] 1600/4000 reps  (0.076 s/rep, ETA 0.1 h)
[     137s] 1800/4000 reps  (0.076 s/rep, ETA 0.0 h)
[     151s] 2000/4000 reps  (0.075 s/rep, ETA 0.0 h)
[     165s] 2200/4000 reps  (0.075 s/rep, ETA 0.0 h)
[     178s] 2400/4000 reps  (0.074 s/rep, ETA 0.0 h)
[     192s] 2600/4000 reps  (0.074 s/rep, ETA 0.0 h)
[     205s] 2800/4000 reps  (0.073 s/rep, ETA 0.0 h)
[     224s] 3000/4000 reps  (0.075 s/rep, ETA 0.0 h)
[     241s] 3200/4000 reps  (0.075 s/rep, ETA 0.0 h)
[     259s] 3400/4000 reps  (0.076 s/rep, ETA 0.0 h)
[     276s] 3600/4000 reps  (0.077 s/rep, ETA 0.0 h)
[     293s] 3800/4000 reps  (0.077 s/rep, ETA 0.0 h)
[     309s] 4000/4000 reps  (0.077 s/rep, ETA 0.0 h)
done: 4000 reps in 308.8s (0.077 s/rep)
[30088 s] reps done through 348000 of 1228158
1228158 reps loaded; swap symmetry on (weighted rep sums)
4000 reps to do (348000 already in the output)
[      15s] 200/4000 reps  (0.074 s/rep, ETA 0.1 h)
[      33s] 400/4000 reps  (0.081 s/rep, ETA 0.1 h)
[      49s] 600/4000 reps  (0.082 s/rep, ETA 0.1 h)
[      66s] 800/4000 reps  (0.083 s/rep, ETA 0.1 h)
[      82s] 1000/4000 reps  (0.082 s/rep, ETA 0.1 h)
[      98s] 1200/4000 reps  (0.081 s/rep, ETA 0.1 h)
[     114s] 1400/4000 reps  (0.081 s/rep, ETA 0.1 h)
[     129s] 1600/4000 reps  (0.080 s/rep, ETA 0.1 h)
[     144s] 1800/4000 reps  (0.080 s/rep, ETA 0.0 h)
[     158s] 2000/4000 reps  (0.079 s/rep, ETA 0.0 h)
[     174s] 2200/4000 reps  (0.079 s/rep, ETA 0.0 h)
[     190s] 2400/4000 reps  (0.079 s/rep, ETA 0.0 h)
[     206s] 2600/4000 reps  (0.079 s/rep, ETA 0.0 h)
[     222s] 2800/4000 reps  (0.079 s/rep, ETA 0.0 h)
[     238s] 3000/4000 reps  (0.079 s/rep, ETA 0.0 h)
[     253s] 3200/4000 reps  (0.079 s/rep, ETA 0.0 h)
[     269s] 3400/4000 reps  (0.079 s/rep, ETA 0.0 h)
[     284s] 3600/4000 reps  (0.079 s/rep, ETA 0.0 h)
[     299s] 3800/4000 reps  (0.079 s/rep, ETA 0.0 h)
[     313s] 4000/4000 reps  (0.078 s/rep, ETA 0.0 h)
done: 4000 reps in 313.4s (0.078 s/rep)
[30402 s] reps done through 352000 of 1228158
1228158 reps loaded; swap symmetry on (weighted rep sums)
4000 reps to do (352000 already in the output)
[      13s] 200/4000 reps  (0.066 s/rep, ETA 0.1 h)
[      28s] 400/4000 reps  (0.069 s/rep, ETA 0.1 h)
[      40s] 600/4000 reps  (0.067 s/rep, ETA 0.1 h)
[      54s] 800/4000 reps  (0.068 s/rep, ETA 0.1 h)
[      71s] 1000/4000 reps  (0.071 s/rep, ETA 0.1 h)
[      86s] 1200/4000 reps  (0.072 s/rep, ETA 0.1 h)
[     101s] 1400/4000 reps  (0.072 s/rep, ETA 0.1 h)
[     116s] 1600/4000 reps  (0.072 s/rep, ETA 0.0 h)
[     130s] 1800/4000 reps  (0.072 s/rep, ETA 0.0 h)
[     144s] 2000/4000 reps  (0.072 s/rep, ETA 0.0 h)
[     157s] 2200/4000 reps  (0.071 s/rep, ETA 0.0 h)
[     169s] 2400/4000 reps  (0.070 s/rep, ETA 0.0 h)
[     182s] 2600/4000 reps  (0.070 s/rep, ETA 0.0 h)
[     194s] 2800/4000 reps  (0.069 s/rep, ETA 0.0 h)
[     204s] 3000/4000 reps  (0.068 s/rep, ETA 0.0 h)
[     217s] 3200/4000 reps  (0.068 s/rep, ETA 0.0 h)
[     234s] 3400/4000 reps  (0.069 s/rep, ETA 0.0 h)
[     250s] 3600/4000 reps  (0.069 s/rep, ETA 0.0 h)
[     264s] 3800/4000 reps  (0.070 s/rep, ETA 0.0 h)
[     281s] 4000/4000 reps  (0.070 s/rep, ETA 0.0 h)
done: 4000 reps in 281.0s (0.070 s/rep)
[30683 s] reps done through 356000 of 1228158
1228158 reps loaded; swap symmetry on (weighted rep sums)
4000 reps to do (356000 already in the output)
[      15s] 200/4000 reps  (0.074 s/rep, ETA 0.1 h)
[      29s] 400/4000 reps  (0.073 s/rep, ETA 0.1 h)
[      43s] 600/4000 reps  (0.071 s/rep, ETA 0.1 h)
[      55s] 800/4000 reps  (0.069 s/rep, ETA 0.1 h)
[      69s] 1000/4000 reps  (0.069 s/rep, ETA 0.1 h)
[      81s] 1200/4000 reps  (0.068 s/rep, ETA 0.1 h)
[      92s] 1400/4000 reps  (0.066 s/rep, ETA 0.0 h)
[     108s] 1600/4000 reps  (0.067 s/rep, ETA 0.0 h)
[     126s] 1800/4000 reps  (0.070 s/rep, ETA 0.0 h)
[     144s] 2000/4000 reps  (0.072 s/rep, ETA 0.0 h)
[     162s] 2200/4000 reps  (0.073 s/rep, ETA 0.0 h)
[     180s] 2400/4000 reps  (0.075 s/rep, ETA 0.0 h)
[     196s] 2600/4000 reps  (0.076 s/rep, ETA 0.0 h)
[     212s] 2800/4000 reps  (0.076 s/rep, ETA 0.0 h)
[     229s] 3000/4000 reps  (0.076 s/rep, ETA 0.0 h)
[     245s] 3200/4000 reps  (0.076 s/rep, ETA 0.0 h)
[     260s] 3400/4000 reps  (0.077 s/rep, ETA 0.0 h)
[     277s] 3600/4000 reps  (0.077 s/rep, ETA 0.0 h)
[     292s] 3800/4000 reps  (0.077 s/rep, ETA 0.0 h)
[     308s] 4000/4000 reps  (0.077 s/rep, ETA 0.0 h)
done: 4000 reps in 307.9s (0.077 s/rep)
[30992 s] reps done through 360000 of 1228158
1228158 reps loaded; swap symmetry on (weighted rep sums)
4000 reps to do (360000 already in the output)
[      14s] 200/4000 reps  (0.072 s/rep, ETA 0.1 h)
[      30s] 400/4000 reps  (0.075 s/rep, ETA 0.1 h)
[      46s] 600/4000 reps  (0.076 s/rep, ETA 0.1 h)
[      62s] 800/4000 reps  (0.078 s/rep, ETA 0.1 h)
[      78s] 1000/4000 reps  (0.078 s/rep, ETA 0.1 h)
[      95s] 1200/4000 reps  (0.079 s/rep, ETA 0.1 h)
[     110s] 1400/4000 reps  (0.079 s/rep, ETA 0.1 h)
[     126s] 1600/4000 reps  (0.079 s/rep, ETA 0.1 h)
[     141s] 1800/4000 reps  (0.078 s/rep, ETA 0.0 h)
[     155s] 2000/4000 reps  (0.078 s/rep, ETA 0.0 h)
[     171s] 2200/4000 reps  (0.078 s/rep, ETA 0.0 h)
[     184s] 2400/4000 reps  (0.077 s/rep, ETA 0.0 h)
[     199s] 2600/4000 reps  (0.076 s/rep, ETA 0.0 h)
[     211s] 2800/4000 reps  (0.075 s/rep, ETA 0.0 h)
[     224s] 3000/4000 reps  (0.075 s/rep, ETA 0.0 h)
[     239s] 3200/4000 reps  (0.075 s/rep, ETA 0.0 h)
[     254s] 3400/4000 reps  (0.075 s/rep, ETA 0.0 h)
[     269s] 3600/4000 reps  (0.075 s/rep, ETA 0.0 h)
[     283s] 3800/4000 reps  (0.074 s/rep, ETA 0.0 h)
[     297s] 4000/4000 reps  (0.074 s/rep, ETA 0.0 h)
done: 4000 reps in 297.0s (0.074 s/rep)
[31290 s] reps done through 364000 of 1228158
1228158 reps loaded; swap symmetry on (weighted rep sums)
4000 reps to do (364000 already in the output)
[      13s] 200/4000 reps  (0.063 s/rep, ETA 0.1 h)
[      25s] 400/4000 reps  (0.063 s/rep, ETA 0.1 h)
[      38s] 600/4000 reps  (0.063 s/rep, ETA 0.1 h)
[      50s] 800/4000 reps  (0.062 s/rep, ETA 0.1 h)
[      61s] 1000/4000 reps  (0.061 s/rep, ETA 0.1 h)
[      79s] 1200/4000 reps  (0.066 s/rep, ETA 0.1 h)
[      96s] 1400/4000 reps  (0.069 s/rep, ETA 0.0 h)
[     113s] 1600/4000 reps  (0.070 s/rep, ETA 0.0 h)
[     129s] 1800/4000 reps  (0.071 s/rep, ETA 0.0 h)
[     145s] 2000/4000 reps  (0.072 s/rep, ETA 0.0 h)
[     160s] 2200/4000 reps  (0.073 s/rep, ETA 0.0 h)
[     174s] 2400/4000 reps  (0.072 s/rep, ETA 0.0 h)
[     190s] 2600/4000 reps  (0.073 s/rep, ETA 0.0 h)
[     206s] 2800/4000 reps  (0.073 s/rep, ETA 0.0 h)
[     221s] 3000/4000 reps  (0.074 s/rep, ETA 0.0 h)
[     236s] 3200/4000 reps  (0.074 s/rep, ETA 0.0 h)
[     250s] 3400/4000 reps  (0.074 s/rep, ETA 0.0 h)
[     265s] 3600/4000 reps  (0.074 s/rep, ETA 0.0 h)
[     278s] 3800/4000 reps  (0.073 s/rep, ETA 0.0 h)
[     293s] 4000/4000 reps  (0.073 s/rep, ETA 0.0 h)
done: 4000 reps in 292.8s (0.073 s/rep)
[31583 s] reps done through 368000 of 1228158
1228158 reps loaded; swap symmetry on (weighted rep sums)
4000 reps to do (368000 already in the output)
[      13s] 200/4000 reps  (0.063 s/rep, ETA 0.1 h)
[      26s] 400/4000 reps  (0.065 s/rep, ETA 0.1 h)
[      41s] 600/4000 reps  (0.068 s/rep, ETA 0.1 h)
[      55s] 800/4000 reps  (0.069 s/rep, ETA 0.1 h)
[      69s] 1000/4000 reps  (0.069 s/rep, ETA 0.1 h)
[      84s] 1200/4000 reps  (0.070 s/rep, ETA 0.1 h)
[      98s] 1400/4000 reps  (0.070 s/rep, ETA 0.1 h)
[     112s] 1600/4000 reps  (0.070 s/rep, ETA 0.0 h)
[     125s] 1800/4000 reps  (0.069 s/rep, ETA 0.0 h)
[     137s] 2000/4000 reps  (0.069 s/rep, ETA 0.0 h)
[     151s] 2200/4000 reps  (0.068 s/rep, ETA 0.0 h)
[     163s] 2400/4000 reps  (0.068 s/rep, ETA 0.0 h)
[     175s] 2600/4000 reps  (0.067 s/rep, ETA 0.0 h)
[     186s] 2800/4000 reps  (0.066 s/rep, ETA 0.0 h)
[     197s] 3000/4000 reps  (0.066 s/rep, ETA 0.0 h)
[     212s] 3200/4000 reps  (0.066 s/rep, ETA 0.0 h)
[     226s] 3400/4000 reps  (0.066 s/rep, ETA 0.0 h)
[     238s] 3600/4000 reps  (0.066 s/rep, ETA 0.0 h)
[     251s] 3800/4000 reps  (0.066 s/rep, ETA 0.0 h)
[     264s] 4000/4000 reps  (0.066 s/rep, ETA 0.0 h)
done: 4000 reps in 264.2s (0.066 s/rep)
[31847 s] reps done through 372000 of 1228158
1228158 reps loaded; swap symmetry on (weighted rep sums)
4000 reps to do (372000 already in the output)
[      12s] 200/4000 reps  (0.059 s/rep, ETA 0.1 h)
[      23s] 400/4000 reps  (0.058 s/rep, ETA 0.1 h)
[      33s] 600/4000 reps  (0.055 s/rep, ETA 0.1 h)
[      44s] 800/4000 reps  (0.055 s/rep, ETA 0.0 h)
[      54s] 1000/4000 reps  (0.054 s/rep, ETA 0.0 h)
[      63s] 1200/4000 reps  (0.052 s/rep, ETA 0.0 h)
[      82s] 1400/4000 reps  (0.059 s/rep, ETA 0.0 h)
[     102s] 1600/4000 reps  (0.064 s/rep, ETA 0.0 h)
[     121s] 1800/4000 reps  (0.067 s/rep, ETA 0.0 h)
[     139s] 2000/4000 reps  (0.070 s/rep, ETA 0.0 h)
[     159s] 2200/4000 reps  (0.072 s/rep, ETA 0.0 h)
[     180s] 2400/4000 reps  (0.075 s/rep, ETA 0.0 h)
[     201s] 2600/4000 reps  (0.077 s/rep, ETA 0.0 h)
[     220s] 2800/4000 reps  (0.079 s/rep, ETA 0.0 h)
[     239s] 3000/4000 reps  (0.080 s/rep, ETA 0.0 h)
[     261s] 3200/4000 reps  (0.082 s/rep, ETA 0.0 h)
[     283s] 3400/4000 reps  (0.083 s/rep, ETA 0.0 h)
[     305s] 3600/4000 reps  (0.085 s/rep, ETA 0.0 h)
[     324s] 3800/4000 reps  (0.085 s/rep, ETA 0.0 h)
[     342s] 4000/4000 reps  (0.085 s/rep, ETA 0.0 h)
done: 4000 reps in 341.6s (0.085 s/rep)
[32190 s] reps done through 376000 of 1228158
1228158 reps loaded; swap symmetry on (weighted rep sums)
4000 reps to do (376000 already in the output)
[      21s] 200/4000 reps  (0.107 s/rep, ETA 0.1 h)
[      41s] 400/4000 reps  (0.103 s/rep, ETA 0.1 h)
[      60s] 600/4000 reps  (0.100 s/rep, ETA 0.1 h)
[      79s] 800/4000 reps  (0.098 s/rep, ETA 0.1 h)
[      97s] 1000/4000 reps  (0.097 s/rep, ETA 0.1 h)
[     116s] 1200/4000 reps  (0.096 s/rep, ETA 0.1 h)
[     133s] 1400/4000 reps  (0.095 s/rep, ETA 0.1 h)
[     151s] 1600/4000 reps  (0.094 s/rep, ETA 0.1 h)
[     168s] 1800/4000 reps  (0.093 s/rep, ETA 0.1 h)
[     184s] 2000/4000 reps  (0.092 s/rep, ETA 0.1 h)
[     203s] 2200/4000 reps  (0.092 s/rep, ETA 0.0 h)
[     220s] 2400/4000 reps  (0.092 s/rep, ETA 0.0 h)
[     237s] 2600/4000 reps  (0.091 s/rep, ETA 0.0 h)
[     251s] 2800/4000 reps  (0.090 s/rep, ETA 0.0 h)
[     271s] 3000/4000 reps  (0.090 s/rep, ETA 0.0 h)
[     289s] 3200/4000 reps  (0.090 s/rep, ETA 0.0 h)
[     306s] 3400/4000 reps  (0.090 s/rep, ETA 0.0 h)
[     322s] 3600/4000 reps  (0.089 s/rep, ETA 0.0 h)
[     339s] 3800/4000 reps  (0.089 s/rep, ETA 0.0 h)
[     358s] 4000/4000 reps  (0.090 s/rep, ETA 0.0 h)
done: 4000 reps in 358.2s (0.090 s/rep)
[32548 s] reps done through 380000 of 1228158
1228158 reps loaded; swap symmetry on (weighted rep sums)
4000 reps to do (380000 already in the output)
[      18s] 200/4000 reps  (0.091 s/rep, ETA 0.1 h)
[      36s] 400/4000 reps  (0.090 s/rep, ETA 0.1 h)
[      55s] 600/4000 reps  (0.092 s/rep, ETA 0.1 h)
[      74s] 800/4000 reps  (0.093 s/rep, ETA 0.1 h)
[      93s] 1000/4000 reps  (0.093 s/rep, ETA 0.1 h)
[     110s] 1200/4000 reps  (0.092 s/rep, ETA 0.1 h)
[     127s] 1400/4000 reps  (0.091 s/rep, ETA 0.1 h)
[     144s] 1600/4000 reps  (0.090 s/rep, ETA 0.1 h)
[     163s] 1800/4000 reps  (0.090 s/rep, ETA 0.1 h)
[     181s] 2000/4000 reps  (0.090 s/rep, ETA 0.1 h)
[     199s] 2200/4000 reps  (0.090 s/rep, ETA 0.0 h)
[     217s] 2400/4000 reps  (0.090 s/rep, ETA 0.0 h)
[     234s] 2600/4000 reps  (0.090 s/rep, ETA 0.0 h)
[     250s] 2800/4000 reps  (0.089 s/rep, ETA 0.0 h)
[     266s] 3000/4000 reps  (0.089 s/rep, ETA 0.0 h)
[     283s] 3200/4000 reps  (0.088 s/rep, ETA 0.0 h)
[     299s] 3400/4000 reps  (0.088 s/rep, ETA 0.0 h)
[     313s] 3600/4000 reps  (0.087 s/rep, ETA 0.0 h)
[     330s] 3800/4000 reps  (0.087 s/rep, ETA 0.0 h)
[     348s] 4000/4000 reps  (0.087 s/rep, ETA 0.0 h)
done: 4000 reps in 347.6s (0.087 s/rep)
[32897 s] reps done through 384000 of 1228158
1228158 reps loaded; swap symmetry on (weighted rep sums)
4000 reps to do (384000 already in the output)
[      16s] 200/4000 reps  (0.081 s/rep, ETA 0.1 h)
[      30s] 400/4000 reps  (0.076 s/rep, ETA 0.1 h)
[      44s] 600/4000 reps  (0.073 s/rep, ETA 0.1 h)
[      63s] 800/4000 reps  (0.079 s/rep, ETA 0.1 h)
[      82s] 1000/4000 reps  (0.082 s/rep, ETA 0.1 h)
[     101s] 1200/4000 reps  (0.084 s/rep, ETA 0.1 h)
[     118s] 1400/4000 reps  (0.084 s/rep, ETA 0.1 h)
[     134s] 1600/4000 reps  (0.084 s/rep, ETA 0.1 h)
[     150s] 1800/4000 reps  (0.084 s/rep, ETA 0.1 h)
[     167s] 2000/4000 reps  (0.083 s/rep, ETA 0.0 h)
[     182s] 2200/4000 reps  (0.083 s/rep, ETA 0.0 h)
[     197s] 2400/4000 reps  (0.082 s/rep, ETA 0.0 h)
[     216s] 2600/4000 reps  (0.083 s/rep, ETA 0.0 h)
[     234s] 2800/4000 reps  (0.084 s/rep, ETA 0.0 h)
[     253s] 3000/4000 reps  (0.084 s/rep, ETA 0.0 h)
[     270s] 3200/4000 reps  (0.085 s/rep, ETA 0.0 h)
[     288s] 3400/4000 reps  (0.085 s/rep, ETA 0.0 h)
[     307s] 3600/4000 reps  (0.085 s/rep, ETA 0.0 h)
[     326s] 3800/4000 reps  (0.086 s/rep, ETA 0.0 h)
[     344s] 4000/4000 reps  (0.086 s/rep, ETA 0.0 h)
done: 4000 reps in 344.2s (0.086 s/rep)
[33241 s] reps done through 388000 of 1228158
1228158 reps loaded; swap symmetry on (weighted rep sums)
4000 reps to do (388000 already in the output)
[      19s] 200/4000 reps  (0.097 s/rep, ETA 0.1 h)
[      38s] 400/4000 reps  (0.095 s/rep, ETA 0.1 h)
[      56s] 600/4000 reps  (0.094 s/rep, ETA 0.1 h)
[      74s] 800/4000 reps  (0.092 s/rep, ETA 0.1 h)
[      93s] 1000/4000 reps  (0.093 s/rep, ETA 0.1 h)
[     111s] 1200/4000 reps  (0.092 s/rep, ETA 0.1 h)
[     128s] 1400/4000 reps  (0.092 s/rep, ETA 0.1 h)
[     146s] 1600/4000 reps  (0.091 s/rep, ETA 0.1 h)
[     161s] 1800/4000 reps  (0.089 s/rep, ETA 0.1 h)
[     180s] 2000/4000 reps  (0.090 s/rep, ETA 0.0 h)
[     198s] 2200/4000 reps  (0.090 s/rep, ETA 0.0 h)
[     215s] 2400/4000 reps  (0.090 s/rep, ETA 0.0 h)
[     233s] 2600/4000 reps  (0.090 s/rep, ETA 0.0 h)
[     250s] 2800/4000 reps  (0.089 s/rep, ETA 0.0 h)
[     267s] 3000/4000 reps  (0.089 s/rep, ETA 0.0 h)
[     283s] 3200/4000 reps  (0.088 s/rep, ETA 0.0 h)
[     299s] 3400/4000 reps  (0.088 s/rep, ETA 0.0 h)
[     315s] 3600/4000 reps  (0.087 s/rep, ETA 0.0 h)
[     330s] 3800/4000 reps  (0.087 s/rep, ETA 0.0 h)
[     350s] 4000/4000 reps  (0.087 s/rep, ETA 0.0 h)
done: 4000 reps in 349.8s (0.087 s/rep)
[33592 s] reps done through 392000 of 1228158
1228158 reps loaded; swap symmetry on (weighted rep sums)
4000 reps to do (392000 already in the output)
[      20s] 200/4000 reps  (0.098 s/rep, ETA 0.1 h)
[      39s] 400/4000 reps  (0.098 s/rep, ETA 0.1 h)
[      58s] 600/4000 reps  (0.096 s/rep, ETA 0.1 h)
[      76s] 800/4000 reps  (0.095 s/rep, ETA 0.1 h)
[      93s] 1000/4000 reps  (0.093 s/rep, ETA 0.1 h)
[     111s] 1200/4000 reps  (0.092 s/rep, ETA 0.1 h)
[     130s] 1400/4000 reps  (0.093 s/rep, ETA 0.1 h)
[     147s] 1600/4000 reps  (0.092 s/rep, ETA 0.1 h)
[     164s] 1800/4000 reps  (0.091 s/rep, ETA 0.1 h)
[     181s] 2000/4000 reps  (0.091 s/rep, ETA 0.1 h)
[     199s] 2200/4000 reps  (0.090 s/rep, ETA 0.0 h)
[     216s] 2400/4000 reps  (0.090 s/rep, ETA 0.0 h)
[     233s] 2600/4000 reps  (0.089 s/rep, ETA 0.0 h)
[     249s] 2800/4000 reps  (0.089 s/rep, ETA 0.0 h)
[     267s] 3000/4000 reps  (0.089 s/rep, ETA 0.0 h)
[     284s] 3200/4000 reps  (0.089 s/rep, ETA 0.0 h)
[     301s] 3400/4000 reps  (0.089 s/rep, ETA 0.0 h)
[     319s] 3600/4000 reps  (0.089 s/rep, ETA 0.0 h)
[     336s] 3800/4000 reps  (0.088 s/rep, ETA 0.0 h)
[     352s] 4000/4000 reps  (0.088 s/rep, ETA 0.0 h)
done: 4000 reps in 352.3s (0.088 s/rep)
[33944 s] reps done through 396000 of 1228158
1228158 reps loaded; swap symmetry on (weighted rep sums)
4000 reps to do (396000 already in the output)
[      16s] 200/4000 reps  (0.080 s/rep, ETA 0.1 h)
[      33s] 400/4000 reps  (0.082 s/rep, ETA 0.1 h)
[      49s] 600/4000 reps  (0.082 s/rep, ETA 0.1 h)
[      65s] 800/4000 reps  (0.081 s/rep, ETA 0.1 h)
[      80s] 1000/4000 reps  (0.080 s/rep, ETA 0.1 h)
[      94s] 1200/4000 reps  (0.078 s/rep, ETA 0.1 h)
[     111s] 1400/4000 reps  (0.079 s/rep, ETA 0.1 h)
[     128s] 1600/4000 reps  (0.080 s/rep, ETA 0.1 h)
[     144s] 1800/4000 reps  (0.080 s/rep, ETA 0.0 h)
[     161s] 2000/4000 reps  (0.080 s/rep, ETA 0.0 h)
[     177s] 2200/4000 reps  (0.080 s/rep, ETA 0.0 h)
[     192s] 2400/4000 reps  (0.080 s/rep, ETA 0.0 h)
[     207s] 2600/4000 reps  (0.080 s/rep, ETA 0.0 h)
[     221s] 2800/4000 reps  (0.079 s/rep, ETA 0.0 h)
[     236s] 3000/4000 reps  (0.079 s/rep, ETA 0.0 h)
[     249s] 3200/4000 reps  (0.078 s/rep, ETA 0.0 h)
[     262s] 3400/4000 reps  (0.077 s/rep, ETA 0.0 h)
[     278s] 3600/4000 reps  (0.077 s/rep, ETA 0.0 h)
[     294s] 3800/4000 reps  (0.077 s/rep, ETA 0.0 h)
[     308s] 4000/4000 reps  (0.077 s/rep, ETA 0.0 h)
done: 4000 reps in 308.4s (0.077 s/rep)
[34253 s] reps done through 400000 of 1228158
1228158 reps loaded; swap symmetry on (weighted rep sums)
4000 reps to do (400000 already in the output)
[      14s] 200/4000 reps  (0.068 s/rep, ETA 0.1 h)
[      28s] 400/4000 reps  (0.071 s/rep, ETA 0.1 h)
[      42s] 600/4000 reps  (0.070 s/rep, ETA 0.1 h)
[      54s] 800/4000 reps  (0.067 s/rep, ETA 0.1 h)
[      71s] 1000/4000 reps  (0.071 s/rep, ETA 0.1 h)
[      87s] 1200/4000 reps  (0.073 s/rep, ETA 0.1 h)
[     102s] 1400/4000 reps  (0.073 s/rep, ETA 0.1 h)
[     120s] 1600/4000 reps  (0.075 s/rep, ETA 0.1 h)
[     138s] 1800/4000 reps  (0.077 s/rep, ETA 0.0 h)
[     155s] 2000/4000 reps  (0.077 s/rep, ETA 0.0 h)
[     172s] 2200/4000 reps  (0.078 s/rep, ETA 0.0 h)
[     190s] 2400/4000 reps  (0.079 s/rep, ETA 0.0 h)
[     207s] 2600/4000 reps  (0.080 s/rep, ETA 0.0 h)
[     224s] 2800/4000 reps  (0.080 s/rep, ETA 0.0 h)
[     239s] 3000/4000 reps  (0.080 s/rep, ETA 0.0 h)
[     256s] 3200/4000 reps  (0.080 s/rep, ETA 0.0 h)
[     272s] 3400/4000 reps  (0.080 s/rep, ETA 0.0 h)
[     287s] 3600/4000 reps  (0.080 s/rep, ETA 0.0 h)
[     302s] 3800/4000 reps  (0.079 s/rep, ETA 0.0 h)
[     315s] 4000/4000 reps  (0.079 s/rep, ETA 0.0 h)
done: 4000 reps in 315.2s (0.079 s/rep)
[34569 s] reps done through 404000 of 1228158
1228158 reps loaded; swap symmetry on (weighted rep sums)
4000 reps to do (404000 already in the output)
[      17s] 200/4000 reps  (0.085 s/rep, ETA 0.1 h)
[      33s] 400/4000 reps  (0.082 s/rep, ETA 0.1 h)
[      49s] 600/4000 reps  (0.082 s/rep, ETA 0.1 h)
[      65s] 800/4000 reps  (0.081 s/rep, ETA 0.1 h)
[      80s] 1000/4000 reps  (0.080 s/rep, ETA 0.1 h)
[      94s] 1200/4000 reps  (0.078 s/rep, ETA 0.1 h)
[     107s] 1400/4000 reps  (0.077 s/rep, ETA 0.1 h)
[     122s] 1600/4000 reps  (0.076 s/rep, ETA 0.1 h)
[     136s] 1800/4000 reps  (0.075 s/rep, ETA 0.0 h)
[     148s] 2000/4000 reps  (0.074 s/rep, ETA 0.0 h)
[     165s] 2200/4000 reps  (0.075 s/rep, ETA 0.0 h)
[     183s] 2400/4000 reps  (0.076 s/rep, ETA 0.0 h)
[     201s] 2600/4000 reps  (0.077 s/rep, ETA 0.0 h)
[     218s] 2800/4000 reps  (0.078 s/rep, ETA 0.0 h)
[     235s] 3000/4000 reps  (0.078 s/rep, ETA 0.0 h)
[     251s] 3200/4000 reps  (0.079 s/rep, ETA 0.0 h)
[     266s] 3400/4000 reps  (0.078 s/rep, ETA 0.0 h)
[     284s] 3600/4000 reps  (0.079 s/rep, ETA 0.0 h)
[     300s] 3800/4000 reps  (0.079 s/rep, ETA 0.0 h)
[     317s] 4000/4000 reps  (0.079 s/rep, ETA 0.0 h)
done: 4000 reps in 316.7s (0.079 s/rep)
[34886 s] reps done through 408000 of 1228158
1228158 reps loaded; swap symmetry on (weighted rep sums)
4000 reps to do (408000 already in the output)
[      16s] 200/4000 reps  (0.079 s/rep, ETA 0.1 h)
[      31s] 400/4000 reps  (0.078 s/rep, ETA 0.1 h)
[      47s] 600/4000 reps  (0.079 s/rep, ETA 0.1 h)
[      62s] 800/4000 reps  (0.078 s/rep, ETA 0.1 h)
[      77s] 1000/4000 reps  (0.077 s/rep, ETA 0.1 h)
[      91s] 1200/4000 reps  (0.076 s/rep, ETA 0.1 h)
[     108s] 1400/4000 reps  (0.077 s/rep, ETA 0.1 h)
[     123s] 1600/4000 reps  (0.077 s/rep, ETA 0.1 h)
[     138s] 1800/4000 reps  (0.077 s/rep, ETA 0.0 h)
[     155s] 2000/4000 reps  (0.077 s/rep, ETA 0.0 h)
[     171s] 2200/4000 reps  (0.078 s/rep, ETA 0.0 h)
[     186s] 2400/4000 reps  (0.078 s/rep, ETA 0.0 h)
[     201s] 2600/4000 reps  (0.077 s/rep, ETA 0.0 h)
[     215s] 2800/4000 reps  (0.077 s/rep, ETA 0.0 h)
[     230s] 3000/4000 reps  (0.077 s/rep, ETA 0.0 h)
[     245s] 3200/4000 reps  (0.076 s/rep, ETA 0.0 h)
[     260s] 3400/4000 reps  (0.077 s/rep, ETA 0.0 h)
[     275s] 3600/4000 reps  (0.076 s/rep, ETA 0.0 h)
[     288s] 3800/4000 reps  (0.076 s/rep, ETA 0.0 h)
[     304s] 4000/4000 reps  (0.076 s/rep, ETA 0.0 h)
done: 4000 reps in 304.4s (0.076 s/rep)
[35190 s] reps done through 412000 of 1228158
1228158 reps loaded; swap symmetry on (weighted rep sums)
4000 reps to do (412000 already in the output)
[      15s] 200/4000 reps  (0.076 s/rep, ETA 0.1 h)
[      29s] 400/4000 reps  (0.073 s/rep, ETA 0.1 h)
[      45s] 600/4000 reps  (0.076 s/rep, ETA 0.1 h)
[      60s] 800/4000 reps  (0.075 s/rep, ETA 0.1 h)
[      73s] 1000/4000 reps  (0.073 s/rep, ETA 0.1 h)
[      87s] 1200/4000 reps  (0.072 s/rep, ETA 0.1 h)
[      99s] 1400/4000 reps  (0.071 s/rep, ETA 0.1 h)
[     114s] 1600/4000 reps  (0.071 s/rep, ETA 0.0 h)
[     126s] 1800/4000 reps  (0.070 s/rep, ETA 0.0 h)
[     136s] 2000/4000 reps  (0.068 s/rep, ETA 0.0 h)
[     151s] 2200/4000 reps  (0.068 s/rep, ETA 0.0 h)
[     165s] 2400/4000 reps  (0.069 s/rep, ETA 0.0 h)
[     180s] 2600/4000 reps  (0.069 s/rep, ETA 0.0 h)
[     193s] 2800/4000 reps  (0.069 s/rep, ETA 0.0 h)
[     205s] 3000/4000 reps  (0.068 s/rep, ETA 0.0 h)
[     220s] 3200/4000 reps  (0.069 s/rep, ETA 0.0 h)
[     238s] 3400/4000 reps  (0.070 s/rep, ETA 0.0 h)
[     257s] 3600/4000 reps  (0.071 s/rep, ETA 0.0 h)
[     276s] 3800/4000 reps  (0.073 s/rep, ETA 0.0 h)
[     294s] 4000/4000 reps  (0.073 s/rep, ETA 0.0 h)
done: 4000 reps in 293.8s (0.073 s/rep)
[35485 s] reps done through 416000 of 1228158
1228158 reps loaded; swap symmetry on (weighted rep sums)
4000 reps to do (416000 already in the output)
[      17s] 200/4000 reps  (0.085 s/rep, ETA 0.1 h)
[      33s] 400/4000 reps  (0.083 s/rep, ETA 0.1 h)
[      51s] 600/4000 reps  (0.085 s/rep, ETA 0.1 h)
[      68s] 800/4000 reps  (0.086 s/rep, ETA 0.1 h)
[      84s] 1000/4000 reps  (0.084 s/rep, ETA 0.1 h)
[      99s] 1200/4000 reps  (0.083 s/rep, ETA 0.1 h)
[     115s] 1400/4000 reps  (0.082 s/rep, ETA 0.1 h)
[     132s] 1600/4000 reps  (0.082 s/rep, ETA 0.1 h)
[     149s] 1800/4000 reps  (0.083 s/rep, ETA 0.1 h)
[     167s] 2000/4000 reps  (0.083 s/rep, ETA 0.0 h)
[     183s] 2200/4000 reps  (0.083 s/rep, ETA 0.0 h)
[     201s] 2400/4000 reps  (0.084 s/rep, ETA 0.0 h)
[     218s] 2600/4000 reps  (0.084 s/rep, ETA 0.0 h)
[     234s] 2800/4000 reps  (0.084 s/rep, ETA 0.0 h)
[     249s] 3000/4000 reps  (0.083 s/rep, ETA 0.0 h)
[     266s] 3200/4000 reps  (0.083 s/rep, ETA 0.0 h)
[     283s] 3400/4000 reps  (0.083 s/rep, ETA 0.0 h)
[     299s] 3600/4000 reps  (0.083 s/rep, ETA 0.0 h)
[     314s] 3800/4000 reps  (0.083 s/rep, ETA 0.0 h)
[     330s] 4000/4000 reps  (0.082 s/rep, ETA 0.0 h)
done: 4000 reps in 330.0s (0.082 s/rep)
[35815 s] reps done through 420000 of 1228158
1228158 reps loaded; swap symmetry on (weighted rep sums)
4000 reps to do (420000 already in the output)
[      15s] 200/4000 reps  (0.074 s/rep, ETA 0.1 h)
[      29s] 400/4000 reps  (0.074 s/rep, ETA 0.1 h)
[      43s] 600/4000 reps  (0.071 s/rep, ETA 0.1 h)
[      60s] 800/4000 reps  (0.075 s/rep, ETA 0.1 h)
[      77s] 1000/4000 reps  (0.077 s/rep, ETA 0.1 h)
[      93s] 1200/4000 reps  (0.078 s/rep, ETA 0.1 h)
[     109s] 1400/4000 reps  (0.078 s/rep, ETA 0.1 h)
[     125s] 1600/4000 reps  (0.078 s/rep, ETA 0.1 h)
[     142s] 1800/4000 reps  (0.079 s/rep, ETA 0.0 h)
[     157s] 2000/4000 reps  (0.079 s/rep, ETA 0.0 h)
[     173s] 2200/4000 reps  (0.079 s/rep, ETA 0.0 h)
[     187s] 2400/4000 reps  (0.078 s/rep, ETA 0.0 h)
[     202s] 2600/4000 reps  (0.078 s/rep, ETA 0.0 h)
[     218s] 2800/4000 reps  (0.078 s/rep, ETA 0.0 h)
[     233s] 3000/4000 reps  (0.078 s/rep, ETA 0.0 h)
[     248s] 3200/4000 reps  (0.078 s/rep, ETA 0.0 h)
[     263s] 3400/4000 reps  (0.077 s/rep, ETA 0.0 h)
[     277s] 3600/4000 reps  (0.077 s/rep, ETA 0.0 h)
[     292s] 3800/4000 reps  (0.077 s/rep, ETA 0.0 h)
[     305s] 4000/4000 reps  (0.076 s/rep, ETA 0.0 h)
done: 4000 reps in 305.2s (0.076 s/rep)
[36121 s] reps done through 424000 of 1228158
1228158 reps loaded; swap symmetry on (weighted rep sums)
4000 reps to do (424000 already in the output)
[      14s] 200/4000 reps  (0.070 s/rep, ETA 0.1 h)
[      26s] 400/4000 reps  (0.066 s/rep, ETA 0.1 h)
[      40s] 600/4000 reps  (0.066 s/rep, ETA 0.1 h)
[      57s] 800/4000 reps  (0.071 s/rep, ETA 0.1 h)
[      73s] 1000/4000 reps  (0.073 s/rep, ETA 0.1 h)
[      88s] 1200/4000 reps  (0.073 s/rep, ETA 0.1 h)
[     103s] 1400/4000 reps  (0.074 s/rep, ETA 0.1 h)
[     118s] 1600/4000 reps  (0.073 s/rep, ETA 0.0 h)
[     133s] 1800/4000 reps  (0.074 s/rep, ETA 0.0 h)
[     148s] 2000/4000 reps  (0.074 s/rep, ETA 0.0 h)
[     162s] 2200/4000 reps  (0.074 s/rep, ETA 0.0 h)
[     174s] 2400/4000 reps  (0.073 s/rep, ETA 0.0 h)
[     187s] 2600/4000 reps  (0.072 s/rep, ETA 0.0 h)
[     203s] 2800/4000 reps  (0.072 s/rep, ETA 0.0 h)
[     219s] 3000/4000 reps  (0.073 s/rep, ETA 0.0 h)
[     233s] 3200/4000 reps  (0.073 s/rep, ETA 0.0 h)
[     246s] 3400/4000 reps  (0.072 s/rep, ETA 0.0 h)
[     258s] 3600/4000 reps  (0.072 s/rep, ETA 0.0 h)
[     273s] 3800/4000 reps  (0.072 s/rep, ETA 0.0 h)
[     287s] 4000/4000 reps  (0.072 s/rep, ETA 0.0 h)
done: 4000 reps in 286.6s (0.072 s/rep)
[36408 s] reps done through 428000 of 1228158
1228158 reps loaded; swap symmetry on (weighted rep sums)
4000 reps to do (428000 already in the output)
[      13s] 200/4000 reps  (0.065 s/rep, ETA 0.1 h)
[      25s] 400/4000 reps  (0.062 s/rep, ETA 0.1 h)
[      36s] 600/4000 reps  (0.060 s/rep, ETA 0.1 h)
[      46s] 800/4000 reps  (0.058 s/rep, ETA 0.1 h)
[      58s] 1000/4000 reps  (0.058 s/rep, ETA 0.0 h)
[      70s] 1200/4000 reps  (0.058 s/rep, ETA 0.0 h)
[      80s] 1400/4000 reps  (0.057 s/rep, ETA 0.0 h)
[      96s] 1600/4000 reps  (0.060 s/rep, ETA 0.0 h)
[     113s] 1800/4000 reps  (0.063 s/rep, ETA 0.0 h)
[     129s] 2000/4000 reps  (0.065 s/rep, ETA 0.0 h)
[     145s] 2200/4000 reps  (0.066 s/rep, ETA 0.0 h)
[     160s] 2400/4000 reps  (0.067 s/rep, ETA 0.0 h)
[     175s] 2600/4000 reps  (0.067 s/rep, ETA 0.0 h)
[     191s] 2800/4000 reps  (0.068 s/rep, ETA 0.0 h)
[     206s] 3000/4000 reps  (0.069 s/rep, ETA 0.0 h)
[     220s] 3200/4000 reps  (0.069 s/rep, ETA 0.0 h)
[     233s] 3400/4000 reps  (0.069 s/rep, ETA 0.0 h)
[     246s] 3600/4000 reps  (0.068 s/rep, ETA 0.0 h)
[     261s] 3800/4000 reps  (0.069 s/rep, ETA 0.0 h)
[     278s] 4000/4000 reps  (0.069 s/rep, ETA 0.0 h)
done: 4000 reps in 277.7s (0.069 s/rep)
[36686 s] reps done through 432000 of 1228158
1228158 reps loaded; swap symmetry on (weighted rep sums)
4000 reps to do (432000 already in the output)
[      16s] 200/4000 reps  (0.080 s/rep, ETA 0.1 h)
[      31s] 400/4000 reps  (0.078 s/rep, ETA 0.1 h)
[      47s] 600/4000 reps  (0.079 s/rep, ETA 0.1 h)
[      62s] 800/4000 reps  (0.078 s/rep, ETA 0.1 h)
[      77s] 1000/4000 reps  (0.077 s/rep, ETA 0.1 h)
[      91s] 1200/4000 reps  (0.076 s/rep, ETA 0.1 h)
[     105s] 1400/4000 reps  (0.075 s/rep, ETA 0.1 h)
[     121s] 1600/4000 reps  (0.075 s/rep, ETA 0.1 h)
[     134s] 1800/4000 reps  (0.075 s/rep, ETA 0.0 h)
[     148s] 2000/4000 reps  (0.074 s/rep, ETA 0.0 h)
[     162s] 2200/4000 reps  (0.074 s/rep, ETA 0.0 h)
[     176s] 2400/4000 reps  (0.073 s/rep, ETA 0.0 h)
[     189s] 2600/4000 reps  (0.073 s/rep, ETA 0.0 h)
[     201s] 2800/4000 reps  (0.072 s/rep, ETA 0.0 h)
[     214s] 3000/4000 reps  (0.071 s/rep, ETA 0.0 h)
[     230s] 3200/4000 reps  (0.072 s/rep, ETA 0.0 h)
[     245s] 3400/4000 reps  (0.072 s/rep, ETA 0.0 h)
[     259s] 3600/4000 reps  (0.072 s/rep, ETA 0.0 h)
[     273s] 3800/4000 reps  (0.072 s/rep, ETA 0.0 h)
[     289s] 4000/4000 reps  (0.072 s/rep, ETA 0.0 h)
done: 4000 reps in 288.9s (0.072 s/rep)
[36976 s] reps done through 436000 of 1228158
1228158 reps loaded; swap symmetry on (weighted rep sums)
4000 reps to do (436000 already in the output)
[      14s] 200/4000 reps  (0.072 s/rep, ETA 0.1 h)
[      28s] 400/4000 reps  (0.071 s/rep, ETA 0.1 h)
[      42s] 600/4000 reps  (0.070 s/rep, ETA 0.1 h)
[      54s] 800/4000 reps  (0.068 s/rep, ETA 0.1 h)
[      69s] 1000/4000 reps  (0.069 s/rep, ETA 0.1 h)
[      84s] 1200/4000 reps  (0.070 s/rep, ETA 0.1 h)
[      97s] 1400/4000 reps  (0.069 s/rep, ETA 0.1 h)
[     110s] 1600/4000 reps  (0.069 s/rep, ETA 0.0 h)
[     122s] 1800/4000 reps  (0.068 s/rep, ETA 0.0 h)
[     137s] 2000/4000 reps  (0.068 s/rep, ETA 0.0 h)
[     149s] 2200/4000 reps  (0.068 s/rep, ETA 0.0 h)
[     161s] 2400/4000 reps  (0.067 s/rep, ETA 0.0 h)
[     172s] 2600/4000 reps  (0.066 s/rep, ETA 0.0 h)
[     182s] 2800/4000 reps  (0.065 s/rep, ETA 0.0 h)
[     196s] 3000/4000 reps  (0.065 s/rep, ETA 0.0 h)
[     211s] 3200/4000 reps  (0.066 s/rep, ETA 0.0 h)
[     225s] 3400/4000 reps  (0.066 s/rep, ETA 0.0 h)
[     238s] 3600/4000 reps  (0.066 s/rep, ETA 0.0 h)
[     251s] 3800/4000 reps  (0.066 s/rep, ETA 0.0 h)
[     264s] 4000/4000 reps  (0.066 s/rep, ETA 0.0 h)
done: 4000 reps in 264.2s (0.066 s/rep)
[37240 s] reps done through 440000 of 1228158
1228158 reps loaded; swap symmetry on (weighted rep sums)
4000 reps to do (440000 already in the output)
[      14s] 200/4000 reps  (0.069 s/rep, ETA 0.1 h)
[      27s] 400/4000 reps  (0.068 s/rep, ETA 0.1 h)
[      39s] 600/4000 reps  (0.066 s/rep, ETA 0.1 h)
[      51s] 800/4000 reps  (0.063 s/rep, ETA 0.1 h)
[      61s] 1000/4000 reps  (0.061 s/rep, ETA 0.1 h)
[      74s] 1200/4000 reps  (0.062 s/rep, ETA 0.0 h)
[      87s] 1400/4000 reps  (0.062 s/rep, ETA 0.0 h)
[     100s] 1600/4000 reps  (0.062 s/rep, ETA 0.0 h)
[     111s] 1800/4000 reps  (0.062 s/rep, ETA 0.0 h)
[     122s] 2000/4000 reps  (0.061 s/rep, ETA 0.0 h)
[     133s] 2200/4000 reps  (0.061 s/rep, ETA 0.0 h)
[     145s] 2400/4000 reps  (0.061 s/rep, ETA 0.0 h)
[     157s] 2600/4000 reps  (0.060 s/rep, ETA 0.0 h)
[     167s] 2800/4000 reps  (0.060 s/rep, ETA 0.0 h)
[     177s] 3000/4000 reps  (0.059 s/rep, ETA 0.0 h)
[     185s] 3200/4000 reps  (0.058 s/rep, ETA 0.0 h)
[     195s] 3400/4000 reps  (0.057 s/rep, ETA 0.0 h)
[     212s] 3600/4000 reps  (0.059 s/rep, ETA 0.0 h)
[     230s] 3800/4000 reps  (0.060 s/rep, ETA 0.0 h)
[     246s] 4000/4000 reps  (0.062 s/rep, ETA 0.0 h)
done: 4000 reps in 246.0s (0.062 s/rep)
[37487 s] reps done through 444000 of 1228158
1228158 reps loaded; swap symmetry on (weighted rep sums)
4000 reps to do (444000 already in the output)
[      16s] 200/4000 reps  (0.082 s/rep, ETA 0.1 h)
[      32s] 400/4000 reps  (0.081 s/rep, ETA 0.1 h)
[      48s] 600/4000 reps  (0.079 s/rep, ETA 0.1 h)
[      62s] 800/4000 reps  (0.078 s/rep, ETA 0.1 h)
[      77s] 1000/4000 reps  (0.077 s/rep, ETA 0.1 h)
[      92s] 1200/4000 reps  (0.077 s/rep, ETA 0.1 h)
[     108s] 1400/4000 reps  (0.077 s/rep, ETA 0.1 h)
[     123s] 1600/4000 reps  (0.077 s/rep, ETA 0.1 h)
[     138s] 1800/4000 reps  (0.076 s/rep, ETA 0.0 h)
[     151s] 2000/4000 reps  (0.075 s/rep, ETA 0.0 h)
[     163s] 2200/4000 reps  (0.074 s/rep, ETA 0.0 h)
[     178s] 2400/4000 reps  (0.074 s/rep, ETA 0.0 h)
[     192s] 2600/4000 reps  (0.074 s/rep, ETA 0.0 h)
[     207s] 2800/4000 reps  (0.074 s/rep, ETA 0.0 h)
[     221s] 3000/4000 reps  (0.074 s/rep, ETA 0.0 h)
[     235s] 3200/4000 reps  (0.073 s/rep, ETA 0.0 h)
[     248s] 3400/4000 reps  (0.073 s/rep, ETA 0.0 h)
[     260s] 3600/4000 reps  (0.072 s/rep, ETA 0.0 h)
[     273s] 3800/4000 reps  (0.072 s/rep, ETA 0.0 h)
[     284s] 4000/4000 reps  (0.071 s/rep, ETA 0.0 h)
done: 4000 reps in 284.3s (0.071 s/rep)
[37772 s] reps done through 448000 of 1228158
1228158 reps loaded; swap symmetry on (weighted rep sums)
4000 reps to do (448000 already in the output)
[      11s] 200/4000 reps  (0.057 s/rep, ETA 0.1 h)
[      23s] 400/4000 reps  (0.058 s/rep, ETA 0.1 h)
[      36s] 600/4000 reps  (0.060 s/rep, ETA 0.1 h)
[      48s] 800/4000 reps  (0.060 s/rep, ETA 0.1 h)
[      59s] 1000/4000 reps  (0.059 s/rep, ETA 0.0 h)
[      68s] 1200/4000 reps  (0.057 s/rep, ETA 0.0 h)
[      79s] 1400/4000 reps  (0.057 s/rep, ETA 0.0 h)
[      96s] 1600/4000 reps  (0.060 s/rep, ETA 0.0 h)
[     111s] 1800/4000 reps  (0.062 s/rep, ETA 0.0 h)
[     125s] 2000/4000 reps  (0.062 s/rep, ETA 0.0 h)
[     140s] 2200/4000 reps  (0.064 s/rep, ETA 0.0 h)
[     154s] 2400/4000 reps  (0.064 s/rep, ETA 0.0 h)
[     167s] 2600/4000 reps  (0.064 s/rep, ETA 0.0 h)
[     180s] 2800/4000 reps  (0.064 s/rep, ETA 0.0 h)
[     193s] 3000/4000 reps  (0.064 s/rep, ETA 0.0 h)
[     209s] 3200/4000 reps  (0.065 s/rep, ETA 0.0 h)
[     223s] 3400/4000 reps  (0.066 s/rep, ETA 0.0 h)
[     236s] 3600/4000 reps  (0.066 s/rep, ETA 0.0 h)
[     247s] 3800/4000 reps  (0.065 s/rep, ETA 0.0 h)
[     259s] 4000/4000 reps  (0.065 s/rep, ETA 0.0 h)
done: 4000 reps in 259.3s (0.065 s/rep)
[38031 s] reps done through 452000 of 1228158
1228158 reps loaded; swap symmetry on (weighted rep sums)
4000 reps to do (452000 already in the output)
[      12s] 200/4000 reps  (0.058 s/rep, ETA 0.1 h)
[      25s] 400/4000 reps  (0.062 s/rep, ETA 0.1 h)
[      37s] 600/4000 reps  (0.061 s/rep, ETA 0.1 h)
[      50s] 800/4000 reps  (0.063 s/rep, ETA 0.1 h)
[      63s] 1000/4000 reps  (0.063 s/rep, ETA 0.1 h)
[      74s] 1200/4000 reps  (0.062 s/rep, ETA 0.0 h)
[      85s] 1400/4000 reps  (0.061 s/rep, ETA 0.0 h)
[      95s] 1600/4000 reps  (0.059 s/rep, ETA 0.0 h)
[     107s] 1800/4000 reps  (0.059 s/rep, ETA 0.0 h)
[     117s] 2000/4000 reps  (0.058 s/rep, ETA 0.0 h)
[     125s] 2200/4000 reps  (0.057 s/rep, ETA 0.0 h)
[     137s] 2400/4000 reps  (0.057 s/rep, ETA 0.0 h)
[     148s] 2600/4000 reps  (0.057 s/rep, ETA 0.0 h)
[     158s] 2800/4000 reps  (0.056 s/rep, ETA 0.0 h)
[     166s] 3000/4000 reps  (0.055 s/rep, ETA 0.0 h)
[     175s] 3200/4000 reps  (0.055 s/rep, ETA 0.0 h)
[     193s] 3400/4000 reps  (0.057 s/rep, ETA 0.0 h)
[     210s] 3600/4000 reps  (0.058 s/rep, ETA 0.0 h)
[     228s] 3800/4000 reps  (0.060 s/rep, ETA 0.0 h)
[     247s] 4000/4000 reps  (0.062 s/rep, ETA 0.0 h)
done: 4000 reps in 247.3s (0.062 s/rep)
[38279 s] reps done through 456000 of 1228158
1228158 reps loaded; swap symmetry on (weighted rep sums)
4000 reps to do (456000 already in the output)
[      19s] 200/4000 reps  (0.094 s/rep, ETA 0.1 h)
[      37s] 400/4000 reps  (0.092 s/rep, ETA 0.1 h)
[      56s] 600/4000 reps  (0.093 s/rep, ETA 0.1 h)
[      75s] 800/4000 reps  (0.094 s/rep, ETA 0.1 h)
[      94s] 1000/4000 reps  (0.094 s/rep, ETA 0.1 h)
[     111s] 1200/4000 reps  (0.093 s/rep, ETA 0.1 h)
[     129s] 1400/4000 reps  (0.092 s/rep, ETA 0.1 h)
[     146s] 1600/4000 reps  (0.091 s/rep, ETA 0.1 h)
[     162s] 1800/4000 reps  (0.090 s/rep, ETA 0.1 h)
[     179s] 2000/4000 reps  (0.090 s/rep, ETA 0.0 h)
[     197s] 2200/4000 reps  (0.090 s/rep, ETA 0.0 h)
[     215s] 2400/4000 reps  (0.090 s/rep, ETA 0.0 h)
[     233s] 2600/4000 reps  (0.090 s/rep, ETA 0.0 h)
[     250s] 2800/4000 reps  (0.089 s/rep, ETA 0.0 h)
[     267s] 3000/4000 reps  (0.089 s/rep, ETA 0.0 h)
[     283s] 3200/4000 reps  (0.088 s/rep, ETA 0.0 h)
[     298s] 3400/4000 reps  (0.088 s/rep, ETA 0.0 h)
[     314s] 3600/4000 reps  (0.087 s/rep, ETA 0.0 h)
[     329s] 3800/4000 reps  (0.087 s/rep, ETA 0.0 h)
[     343s] 4000/4000 reps  (0.086 s/rep, ETA 0.0 h)
done: 4000 reps in 342.5s (0.086 s/rep)
[38622 s] reps done through 460000 of 1228158
1228158 reps loaded; swap symmetry on (weighted rep sums)
4000 reps to do (460000 already in the output)
[      20s] 200/4000 reps  (0.102 s/rep, ETA 0.1 h)
[      40s] 400/4000 reps  (0.100 s/rep, ETA 0.1 h)
[      59s] 600/4000 reps  (0.098 s/rep, ETA 0.1 h)
[      77s] 800/4000 reps  (0.096 s/rep, ETA 0.1 h)
[      96s] 1000/4000 reps  (0.096 s/rep, ETA 0.1 h)
[     115s] 1200/4000 reps  (0.096 s/rep, ETA 0.1 h)
[     134s] 1400/4000 reps  (0.096 s/rep, ETA 0.1 h)
[     152s] 1600/4000 reps  (0.095 s/rep, ETA 0.1 h)
[     170s] 1800/4000 reps  (0.095 s/rep, ETA 0.1 h)
[     188s] 2000/4000 reps  (0.094 s/rep, ETA 0.1 h)
[     206s] 2200/4000 reps  (0.094 s/rep, ETA 0.0 h)
[     222s] 2400/4000 reps  (0.093 s/rep, ETA 0.0 h)
[     240s] 2600/4000 reps  (0.092 s/rep, ETA 0.0 h)
[     258s] 2800/4000 reps  (0.092 s/rep, ETA 0.0 h)
[     274s] 3000/4000 reps  (0.091 s/rep, ETA 0.0 h)
[     290s] 3200/4000 reps  (0.091 s/rep, ETA 0.0 h)
[     306s] 3400/4000 reps  (0.090 s/rep, ETA 0.0 h)
[     322s] 3600/4000 reps  (0.089 s/rep, ETA 0.0 h)
[     339s] 3800/4000 reps  (0.089 s/rep, ETA 0.0 h)
[     357s] 4000/4000 reps  (0.089 s/rep, ETA 0.0 h)
done: 4000 reps in 357.3s (0.089 s/rep)
[38980 s] reps done through 464000 of 1228158
1228158 reps loaded; swap symmetry on (weighted rep sums)
4000 reps to do (464000 already in the output)
[      18s] 200/4000 reps  (0.088 s/rep, ETA 0.1 h)
[      34s] 400/4000 reps  (0.084 s/rep, ETA 0.1 h)
[      50s] 600/4000 reps  (0.083 s/rep, ETA 0.1 h)
[      65s] 800/4000 reps  (0.082 s/rep, ETA 0.1 h)
[      81s] 1000/4000 reps  (0.081 s/rep, ETA 0.1 h)
[      99s] 1200/4000 reps  (0.083 s/rep, ETA 0.1 h)
[     116s] 1400/4000 reps  (0.083 s/rep, ETA 0.1 h)
[     133s] 1600/4000 reps  (0.083 s/rep, ETA 0.1 h)
[     148s] 1800/4000 reps  (0.082 s/rep, ETA 0.1 h)
[     164s] 2000/4000 reps  (0.082 s/rep, ETA 0.0 h)
[     182s] 2200/4000 reps  (0.083 s/rep, ETA 0.0 h)
[     198s] 2400/4000 reps  (0.082 s/rep, ETA 0.0 h)
[     214s] 2600/4000 reps  (0.082 s/rep, ETA 0.0 h)
[     228s] 2800/4000 reps  (0.082 s/rep, ETA 0.0 h)
[     245s] 3000/4000 reps  (0.082 s/rep, ETA 0.0 h)
[     260s] 3200/4000 reps  (0.081 s/rep, ETA 0.0 h)
[     275s] 3400/4000 reps  (0.081 s/rep, ETA 0.0 h)
[     289s] 3600/4000 reps  (0.080 s/rep, ETA 0.0 h)
[     303s] 3800/4000 reps  (0.080 s/rep, ETA 0.0 h)
[     320s] 4000/4000 reps  (0.080 s/rep, ETA 0.0 h)
done: 4000 reps in 319.5s (0.080 s/rep)
[39300 s] reps done through 468000 of 1228158
1228158 reps loaded; swap symmetry on (weighted rep sums)
4000 reps to do (468000 already in the output)
[      16s] 200/4000 reps  (0.079 s/rep, ETA 0.1 h)
[      30s] 400/4000 reps  (0.076 s/rep, ETA 0.1 h)
[      45s] 600/4000 reps  (0.075 s/rep, ETA 0.1 h)
[      60s] 800/4000 reps  (0.075 s/rep, ETA 0.1 h)
[      75s] 1000/4000 reps  (0.075 s/rep, ETA 0.1 h)
[      90s] 1200/4000 reps  (0.075 s/rep, ETA 0.1 h)
[     104s] 1400/4000 reps  (0.074 s/rep, ETA 0.1 h)
[     117s] 1600/4000 reps  (0.073 s/rep, ETA 0.0 h)
[     129s] 1800/4000 reps  (0.072 s/rep, ETA 0.0 h)
[     146s] 2000/4000 reps  (0.073 s/rep, ETA 0.0 h)
[     165s] 2200/4000 reps  (0.075 s/rep, ETA 0.0 h)
[     182s] 2400/4000 reps  (0.076 s/rep, ETA 0.0 h)
[     198s] 2600/4000 reps  (0.076 s/rep, ETA 0.0 h)
[     214s] 2800/4000 reps  (0.076 s/rep, ETA 0.0 h)
[     232s] 3000/4000 reps  (0.077 s/rep, ETA 0.0 h)
[     249s] 3200/4000 reps  (0.078 s/rep, ETA 0.0 h)
[     265s] 3400/4000 reps  (0.078 s/rep, ETA 0.0 h)
[     281s] 3600/4000 reps  (0.078 s/rep, ETA 0.0 h)
[     295s] 3800/4000 reps  (0.078 s/rep, ETA 0.0 h)
[     312s] 4000/4000 reps  (0.078 s/rep, ETA 0.0 h)
done: 4000 reps in 311.9s (0.078 s/rep)
[39612 s] reps done through 472000 of 1228158
1228158 reps loaded; swap symmetry on (weighted rep sums)
4000 reps to do (472000 already in the output)
[      16s] 200/4000 reps  (0.080 s/rep, ETA 0.1 h)
[      32s] 400/4000 reps  (0.080 s/rep, ETA 0.1 h)
[      48s] 600/4000 reps  (0.080 s/rep, ETA 0.1 h)
[      63s] 800/4000 reps  (0.078 s/rep, ETA 0.1 h)
[      77s] 1000/4000 reps  (0.077 s/rep, ETA 0.1 h)
[      92s] 1200/4000 reps  (0.077 s/rep, ETA 0.1 h)
[     109s] 1400/4000 reps  (0.078 s/rep, ETA 0.1 h)
[     125s] 1600/4000 reps  (0.078 s/rep, ETA 0.1 h)
[     141s] 1800/4000 reps  (0.078 s/rep, ETA 0.0 h)
[     156s] 2000/4000 reps  (0.078 s/rep, ETA 0.0 h)
[     172s] 2200/4000 reps  (0.078 s/rep, ETA 0.0 h)
[     187s] 2400/4000 reps  (0.078 s/rep, ETA 0.0 h)
[     201s] 2600/4000 reps  (0.077 s/rep, ETA 0.0 h)
[     218s] 2800/4000 reps  (0.078 s/rep, ETA 0.0 h)
[     233s] 3000/4000 reps  (0.078 s/rep, ETA 0.0 h)
[     247s] 3200/4000 reps  (0.077 s/rep, ETA 0.0 h)
[     263s] 3400/4000 reps  (0.077 s/rep, ETA 0.0 h)
[     278s] 3600/4000 reps  (0.077 s/rep, ETA 0.0 h)
[     291s] 3800/4000 reps  (0.077 s/rep, ETA 0.0 h)
[     306s] 4000/4000 reps  (0.076 s/rep, ETA 0.0 h)
done: 4000 reps in 305.8s (0.076 s/rep)
[39919 s] reps done through 476000 of 1228158
1228158 reps loaded; swap symmetry on (weighted rep sums)
4000 reps to do (476000 already in the output)
[      13s] 200/4000 reps  (0.067 s/rep, ETA 0.1 h)
[      25s] 400/4000 reps  (0.063 s/rep, ETA 0.1 h)
[      41s] 600/4000 reps  (0.068 s/rep, ETA 0.1 h)
[      57s] 800/4000 reps  (0.071 s/rep, ETA 0.1 h)
[      70s] 1000/4000 reps  (0.070 s/rep, ETA 0.1 h)
[      86s] 1200/4000 reps  (0.072 s/rep, ETA 0.1 h)
[     101s] 1400/4000 reps  (0.072 s/rep, ETA 0.1 h)
[     114s] 1600/4000 reps  (0.071 s/rep, ETA 0.0 h)
[     129s] 1800/4000 reps  (0.071 s/rep, ETA 0.0 h)
[     142s] 2000/4000 reps  (0.071 s/rep, ETA 0.0 h)
[     154s] 2200/4000 reps  (0.070 s/rep, ETA 0.0 h)
[     169s] 2400/4000 reps  (0.070 s/rep, ETA 0.0 h)
[     183s] 2600/4000 reps  (0.070 s/rep, ETA 0.0 h)
[     196s] 2800/4000 reps  (0.070 s/rep, ETA 0.0 h)
[     207s] 3000/4000 reps  (0.069 s/rep, ETA 0.0 h)
[     220s] 3200/4000 reps  (0.069 s/rep, ETA 0.0 h)
[     234s] 3400/4000 reps  (0.069 s/rep, ETA 0.0 h)
[     254s] 3600/4000 reps  (0.070 s/rep, ETA 0.0 h)
[     273s] 3800/4000 reps  (0.072 s/rep, ETA 0.0 h)
[     292s] 4000/4000 reps  (0.073 s/rep, ETA 0.0 h)
done: 4000 reps in 291.7s (0.073 s/rep)
[40211 s] reps done through 480000 of 1228158
1228158 reps loaded; swap symmetry on (weighted rep sums)
4000 reps to do (480000 already in the output)
[      18s] 200/4000 reps  (0.088 s/rep, ETA 0.1 h)
[      35s] 400/4000 reps  (0.087 s/rep, ETA 0.1 h)
[      52s] 600/4000 reps  (0.086 s/rep, ETA 0.1 h)
[      70s] 800/4000 reps  (0.087 s/rep, ETA 0.1 h)
[      88s] 1000/4000 reps  (0.088 s/rep, ETA 0.1 h)
[     106s] 1200/4000 reps  (0.089 s/rep, ETA 0.1 h)
[     123s] 1400/4000 reps  (0.088 s/rep, ETA 0.1 h)
[     140s] 1600/4000 reps  (0.088 s/rep, ETA 0.1 h)
[     156s] 1800/4000 reps  (0.087 s/rep, ETA 0.1 h)
[     173s] 2000/4000 reps  (0.087 s/rep, ETA 0.0 h)
[     189s] 2200/4000 reps  (0.086 s/rep, ETA 0.0 h)
[     204s] 2400/4000 reps  (0.085 s/rep, ETA 0.0 h)
[     221s] 2600/4000 reps  (0.085 s/rep, ETA 0.0 h)
[     238s] 2800/4000 reps  (0.085 s/rep, ETA 0.0 h)
[     253s] 3000/4000 reps  (0.084 s/rep, ETA 0.0 h)
[     267s] 3200/4000 reps  (0.084 s/rep, ETA 0.0 h)
[     281s] 3400/4000 reps  (0.083 s/rep, ETA 0.0 h)
[     298s] 3600/4000 reps  (0.083 s/rep, ETA 0.0 h)
[     316s] 3800/4000 reps  (0.083 s/rep, ETA 0.0 h)
[     332s] 4000/4000 reps  (0.083 s/rep, ETA 0.0 h)
done: 4000 reps in 331.9s (0.083 s/rep)
[40543 s] reps done through 484000 of 1228158
1228158 reps loaded; swap symmetry on (weighted rep sums)
4000 reps to do (484000 already in the output)
[      15s] 200/4000 reps  (0.074 s/rep, ETA 0.1 h)
[      30s] 400/4000 reps  (0.075 s/rep, ETA 0.1 h)
[      45s] 600/4000 reps  (0.075 s/rep, ETA 0.1 h)
[      61s] 800/4000 reps  (0.076 s/rep, ETA 0.1 h)
[      77s] 1000/4000 reps  (0.077 s/rep, ETA 0.1 h)
[      92s] 1200/4000 reps  (0.077 s/rep, ETA 0.1 h)
[     107s] 1400/4000 reps  (0.077 s/rep, ETA 0.1 h)
[     122s] 1600/4000 reps  (0.076 s/rep, ETA 0.1 h)
[     135s] 1800/4000 reps  (0.075 s/rep, ETA 0.0 h)
[     150s] 2000/4000 reps  (0.075 s/rep, ETA 0.0 h)
[     163s] 2200/4000 reps  (0.074 s/rep, ETA 0.0 h)
[     175s] 2400/4000 reps  (0.073 s/rep, ETA 0.0 h)
[     190s] 2600/4000 reps  (0.073 s/rep, ETA 0.0 h)
[     205s] 2800/4000 reps  (0.073 s/rep, ETA 0.0 h)
[     219s] 3000/4000 reps  (0.073 s/rep, ETA 0.0 h)
[     230s] 3200/4000 reps  (0.072 s/rep, ETA 0.0 h)
[     242s] 3400/4000 reps  (0.071 s/rep, ETA 0.0 h)
[     260s] 3600/4000 reps  (0.072 s/rep, ETA 0.0 h)
[     278s] 3800/4000 reps  (0.073 s/rep, ETA 0.0 h)
[     297s] 4000/4000 reps  (0.074 s/rep, ETA 0.0 h)
done: 4000 reps in 296.7s (0.074 s/rep)
[40841 s] reps done through 488000 of 1228158
1228158 reps loaded; swap symmetry on (weighted rep sums)
4000 reps to do (488000 already in the output)
[      19s] 200/4000 reps  (0.097 s/rep, ETA 0.1 h)
[      38s] 400/4000 reps  (0.094 s/rep, ETA 0.1 h)
[      56s] 600/4000 reps  (0.093 s/rep, ETA 0.1 h)
[      74s] 800/4000 reps  (0.093 s/rep, ETA 0.1 h)
[      92s] 1000/4000 reps  (0.092 s/rep, ETA 0.1 h)
[     110s] 1200/4000 reps  (0.091 s/rep, ETA 0.1 h)
[     127s] 1400/4000 reps  (0.091 s/rep, ETA 0.1 h)
[     145s] 1600/4000 reps  (0.091 s/rep, ETA 0.1 h)
[     163s] 1800/4000 reps  (0.091 s/rep, ETA 0.1 h)
[     180s] 2000/4000 reps  (0.090 s/rep, ETA 0.1 h)
[     197s] 2200/4000 reps  (0.090 s/rep, ETA 0.0 h)
[     214s] 2400/4000 reps  (0.089 s/rep, ETA 0.0 h)
[     231s] 2600/4000 reps  (0.089 s/rep, ETA 0.0 h)
[     247s] 2800/4000 reps  (0.088 s/rep, ETA 0.0 h)
[     262s] 3000/4000 reps  (0.087 s/rep, ETA 0.0 h)
[     281s] 3200/4000 reps  (0.088 s/rep, ETA 0.0 h)
[     300s] 3400/4000 reps  (0.088 s/rep, ETA 0.0 h)
[     318s] 3600/4000 reps  (0.088 s/rep, ETA 0.0 h)
[     335s] 3800/4000 reps  (0.088 s/rep, ETA 0.0 h)
[     353s] 4000/4000 reps  (0.088 s/rep, ETA 0.0 h)
done: 4000 reps in 353.3s (0.088 s/rep)
[41194 s] reps done through 492000 of 1228158
1228158 reps loaded; swap symmetry on (weighted rep sums)
4000 reps to do (492000 already in the output)
[      17s] 200/4000 reps  (0.087 s/rep, ETA 0.1 h)
[      34s] 400/4000 reps  (0.085 s/rep, ETA 0.1 h)
[      49s] 600/4000 reps  (0.082 s/rep, ETA 0.1 h)
[      67s] 800/4000 reps  (0.084 s/rep, ETA 0.1 h)
[      84s] 1000/4000 reps  (0.084 s/rep, ETA 0.1 h)
[     101s] 1200/4000 reps  (0.084 s/rep, ETA 0.1 h)
[     117s] 1400/4000 reps  (0.083 s/rep, ETA 0.1 h)
[     133s] 1600/4000 reps  (0.083 s/rep, ETA 0.1 h)
[     149s] 1800/4000 reps  (0.083 s/rep, ETA 0.1 h)
[     164s] 2000/4000 reps  (0.082 s/rep, ETA 0.0 h)
[     178s] 2200/4000 reps  (0.081 s/rep, ETA 0.0 h)
[     195s] 2400/4000 reps  (0.081 s/rep, ETA 0.0 h)
[     210s] 2600/4000 reps  (0.081 s/rep, ETA 0.0 h)
[     228s] 2800/4000 reps  (0.082 s/rep, ETA 0.0 h)
[     246s] 3000/4000 reps  (0.082 s/rep, ETA 0.0 h)
[     263s] 3200/4000 reps  (0.082 s/rep, ETA 0.0 h)
[     279s] 3400/4000 reps  (0.082 s/rep, ETA 0.0 h)
[     298s] 3600/4000 reps  (0.083 s/rep, ETA 0.0 h)
[     315s] 3800/4000 reps  (0.083 s/rep, ETA 0.0 h)
[     331s] 4000/4000 reps  (0.083 s/rep, ETA 0.0 h)
done: 4000 reps in 331.3s (0.083 s/rep)
[41526 s] reps done through 496000 of 1228158
1228158 reps loaded; swap symmetry on (weighted rep sums)
4000 reps to do (496000 already in the output)
[      15s] 200/4000 reps  (0.076 s/rep, ETA 0.1 h)
[      33s] 400/4000 reps  (0.082 s/rep, ETA 0.1 h)
[      50s] 600/4000 reps  (0.084 s/rep, ETA 0.1 h)
[      68s] 800/4000 reps  (0.085 s/rep, ETA 0.1 h)
[      85s] 1000/4000 reps  (0.085 s/rep, ETA 0.1 h)
[     100s] 1200/4000 reps  (0.084 s/rep, ETA 0.1 h)
[     116s] 1400/4000 reps  (0.083 s/rep, ETA 0.1 h)
[     133s] 1600/4000 reps  (0.083 s/rep, ETA 0.1 h)
[     149s] 1800/4000 reps  (0.083 s/rep, ETA 0.1 h)
[     165s] 2000/4000 reps  (0.082 s/rep, ETA 0.0 h)
[     179s] 2200/4000 reps  (0.081 s/rep, ETA 0.0 h)
[     194s] 2400/4000 reps  (0.081 s/rep, ETA 0.0 h)
[     213s] 2600/4000 reps  (0.082 s/rep, ETA 0.0 h)
[     231s] 2800/4000 reps  (0.082 s/rep, ETA 0.0 h)
[     248s] 3000/4000 reps  (0.083 s/rep, ETA 0.0 h)
[     264s] 3200/4000 reps  (0.082 s/rep, ETA 0.0 h)
[     281s] 3400/4000 reps  (0.083 s/rep, ETA 0.0 h)
[     299s] 3600/4000 reps  (0.083 s/rep, ETA 0.0 h)
[     316s] 3800/4000 reps  (0.083 s/rep, ETA 0.0 h)
[     332s] 4000/4000 reps  (0.083 s/rep, ETA 0.0 h)
done: 4000 reps in 331.6s (0.083 s/rep)
[41859 s] reps done through 500000 of 1228158
1228158 reps loaded; swap symmetry on (weighted rep sums)
4000 reps to do (500000 already in the output)
[      16s] 200/4000 reps  (0.079 s/rep, ETA 0.1 h)
[      31s] 400/4000 reps  (0.078 s/rep, ETA 0.1 h)
[      48s] 600/4000 reps  (0.081 s/rep, ETA 0.1 h)
[      65s] 800/4000 reps  (0.081 s/rep, ETA 0.1 h)
[      80s] 1000/4000 reps  (0.080 s/rep, ETA 0.1 h)
[      95s] 1200/4000 reps  (0.079 s/rep, ETA 0.1 h)
[     111s] 1400/4000 reps  (0.079 s/rep, ETA 0.1 h)
[     127s] 1600/4000 reps  (0.079 s/rep, ETA 0.1 h)
[     142s] 1800/4000 reps  (0.079 s/rep, ETA 0.0 h)
[     156s] 2000/4000 reps  (0.078 s/rep, ETA 0.0 h)
[     169s] 2200/4000 reps  (0.077 s/rep, ETA 0.0 h)
[     184s] 2400/4000 reps  (0.077 s/rep, ETA 0.0 h)
[     202s] 2600/4000 reps  (0.078 s/rep, ETA 0.0 h)
[     219s] 2800/4000 reps  (0.078 s/rep, ETA 0.0 h)
[     236s] 3000/4000 reps  (0.079 s/rep, ETA 0.0 h)
[     252s] 3200/4000 reps  (0.079 s/rep, ETA 0.0 h)
[     270s] 3400/4000 reps  (0.079 s/rep, ETA 0.0 h)
[     287s] 3600/4000 reps  (0.080 s/rep, ETA 0.0 h)
[     305s] 3800/4000 reps  (0.080 s/rep, ETA 0.0 h)
[     322s] 4000/4000 reps  (0.081 s/rep, ETA 0.0 h)
done: 4000 reps in 322.1s (0.081 s/rep)
[42181 s] reps done through 504000 of 1228158
1228158 reps loaded; swap symmetry on (weighted rep sums)
4000 reps to do (504000 already in the output)
[      17s] 200/4000 reps  (0.083 s/rep, ETA 0.1 h)
[      32s] 400/4000 reps  (0.079 s/rep, ETA 0.1 h)
[      50s] 600/4000 reps  (0.083 s/rep, ETA 0.1 h)
[      67s] 800/4000 reps  (0.084 s/rep, ETA 0.1 h)
[      85s] 1000/4000 reps  (0.085 s/rep, ETA 0.1 h)
[     101s] 1200/4000 reps  (0.084 s/rep, ETA 0.1 h)
[     117s] 1400/4000 reps  (0.083 s/rep, ETA 0.1 h)
[     133s] 1600/4000 reps  (0.083 s/rep, ETA 0.1 h)
[     150s] 1800/4000 reps  (0.083 s/rep, ETA 0.1 h)
[     165s] 2000/4000 reps  (0.082 s/rep, ETA 0.0 h)
[     180s] 2200/4000 reps  (0.082 s/rep, ETA 0.0 h)
[     194s] 2400/4000 reps  (0.081 s/rep, ETA 0.0 h)
[     211s] 2600/4000 reps  (0.081 s/rep, ETA 0.0 h)
[     229s] 2800/4000 reps  (0.082 s/rep, ETA 0.0 h)
[     247s] 3000/4000 reps  (0.082 s/rep, ETA 0.0 h)
[     264s] 3200/4000 reps  (0.082 s/rep, ETA 0.0 h)
[     281s] 3400/4000 reps  (0.083 s/rep, ETA 0.0 h)
[     297s] 3600/4000 reps  (0.083 s/rep, ETA 0.0 h)
[     313s] 3800/4000 reps  (0.082 s/rep, ETA 0.0 h)
[     331s] 4000/4000 reps  (0.083 s/rep, ETA 0.0 h)
done: 4000 reps in 330.7s (0.083 s/rep)
[42513 s] reps done through 508000 of 1228158
1228158 reps loaded; swap symmetry on (weighted rep sums)
4000 reps to do (508000 already in the output)
[      18s] 200/4000 reps  (0.089 s/rep, ETA 0.1 h)
[      35s] 400/4000 reps  (0.086 s/rep, ETA 0.1 h)
[      51s] 600/4000 reps  (0.084 s/rep, ETA 0.1 h)
[      67s] 800/4000 reps  (0.084 s/rep, ETA 0.1 h)
[      84s] 1000/4000 reps  (0.084 s/rep, ETA 0.1 h)
[      99s] 1200/4000 reps  (0.083 s/rep, ETA 0.1 h)
[     116s] 1400/4000 reps  (0.083 s/rep, ETA 0.1 h)
[     132s] 1600/4000 reps  (0.082 s/rep, ETA 0.1 h)
[     148s] 1800/4000 reps  (0.082 s/rep, ETA 0.1 h)
[     162s] 2000/4000 reps  (0.081 s/rep, ETA 0.0 h)
[     178s] 2200/4000 reps  (0.081 s/rep, ETA 0.0 h)
[     196s] 2400/4000 reps  (0.082 s/rep, ETA 0.0 h)
[     214s] 2600/4000 reps  (0.082 s/rep, ETA 0.0 h)
[     231s] 2800/4000 reps  (0.083 s/rep, ETA 0.0 h)
[     249s] 3000/4000 reps  (0.083 s/rep, ETA 0.0 h)
[     266s] 3200/4000 reps  (0.083 s/rep, ETA 0.0 h)
[     284s] 3400/4000 reps  (0.083 s/rep, ETA 0.0 h)
[     300s] 3600/4000 reps  (0.083 s/rep, ETA 0.0 h)
[     316s] 3800/4000 reps  (0.083 s/rep, ETA 0.0 h)
[     333s] 4000/4000 reps  (0.083 s/rep, ETA 0.0 h)
done: 4000 reps in 333.4s (0.083 s/rep)
[42847 s] reps done through 512000 of 1228158
1228158 reps loaded; swap symmetry on (weighted rep sums)
4000 reps to do (512000 already in the output)
[      16s] 200/4000 reps  (0.081 s/rep, ETA 0.1 h)
[      31s] 400/4000 reps  (0.079 s/rep, ETA 0.1 h)
[      48s] 600/4000 reps  (0.080 s/rep, ETA 0.1 h)
[      64s] 800/4000 reps  (0.080 s/rep, ETA 0.1 h)
[      79s] 1000/4000 reps  (0.079 s/rep, ETA 0.1 h)
[      93s] 1200/4000 reps  (0.078 s/rep, ETA 0.1 h)
[     107s] 1400/4000 reps  (0.077 s/rep, ETA 0.1 h)
[     124s] 1600/4000 reps  (0.077 s/rep, ETA 0.1 h)
[     140s] 1800/4000 reps  (0.078 s/rep, ETA 0.0 h)
[     155s] 2000/4000 reps  (0.078 s/rep, ETA 0.0 h)
[     172s] 2200/4000 reps  (0.078 s/rep, ETA 0.0 h)
[     187s] 2400/4000 reps  (0.078 s/rep, ETA 0.0 h)
[     202s] 2600/4000 reps  (0.078 s/rep, ETA 0.0 h)
[     216s] 2800/4000 reps  (0.077 s/rep, ETA 0.0 h)
[     231s] 3000/4000 reps  (0.077 s/rep, ETA 0.0 h)
[     246s] 3200/4000 reps  (0.077 s/rep, ETA 0.0 h)
[     261s] 3400/4000 reps  (0.077 s/rep, ETA 0.0 h)
[     274s] 3600/4000 reps  (0.076 s/rep, ETA 0.0 h)
[     289s] 3800/4000 reps  (0.076 s/rep, ETA 0.0 h)
[     303s] 4000/4000 reps  (0.076 s/rep, ETA 0.0 h)
done: 4000 reps in 303.5s (0.076 s/rep)
[43151 s] reps done through 516000 of 1228158
1228158 reps loaded; swap symmetry on (weighted rep sums)
4000 reps to do (516000 already in the output)
[      13s] 200/4000 reps  (0.067 s/rep, ETA 0.1 h)
[      26s] 400/4000 reps  (0.065 s/rep, ETA 0.1 h)
[      37s] 600/4000 reps  (0.062 s/rep, ETA 0.1 h)
[      52s] 800/4000 reps  (0.064 s/rep, ETA 0.1 h)
[      67s] 1000/4000 reps  (0.067 s/rep, ETA 0.1 h)
[      80s] 1200/4000 reps  (0.067 s/rep, ETA 0.1 h)
[      94s] 1400/4000 reps  (0.067 s/rep, ETA 0.0 h)
[     109s] 1600/4000 reps  (0.068 s/rep, ETA 0.0 h)
[     125s] 1800/4000 reps  (0.070 s/rep, ETA 0.0 h)
[     140s] 2000/4000 reps  (0.070 s/rep, ETA 0.0 h)
[     154s] 2200/4000 reps  (0.070 s/rep, ETA 0.0 h)
[     167s] 2400/4000 reps  (0.070 s/rep, ETA 0.0 h)
[     182s] 2600/4000 reps  (0.070 s/rep, ETA 0.0 h)
[     198s] 2800/4000 reps  (0.071 s/rep, ETA 0.0 h)
[     211s] 3000/4000 reps  (0.070 s/rep, ETA 0.0 h)
[     225s] 3200/4000 reps  (0.070 s/rep, ETA 0.0 h)
[     239s] 3400/4000 reps  (0.070 s/rep, ETA 0.0 h)
[     253s] 3600/4000 reps  (0.070 s/rep, ETA 0.0 h)
[     266s] 3800/4000 reps  (0.070 s/rep, ETA 0.0 h)
[     278s] 4000/4000 reps  (0.070 s/rep, ETA 0.0 h)
done: 4000 reps in 278.2s (0.070 s/rep)
[43430 s] reps done through 520000 of 1228158
1228158 reps loaded; swap symmetry on (weighted rep sums)
4000 reps to do (520000 already in the output)
[      11s] 200/4000 reps  (0.056 s/rep, ETA 0.1 h)
[      27s] 400/4000 reps  (0.069 s/rep, ETA 0.1 h)
[      43s] 600/4000 reps  (0.072 s/rep, ETA 0.1 h)
[      58s] 800/4000 reps  (0.073 s/rep, ETA 0.1 h)
[      73s] 1000/4000 reps  (0.073 s/rep, ETA 0.1 h)
[      87s] 1200/4000 reps  (0.073 s/rep, ETA 0.1 h)
[     101s] 1400/4000 reps  (0.072 s/rep, ETA 0.1 h)
[     114s] 1600/4000 reps  (0.072 s/rep, ETA 0.0 h)
[     130s] 1800/4000 reps  (0.072 s/rep, ETA 0.0 h)
[     144s] 2000/4000 reps  (0.072 s/rep, ETA 0.0 h)
[     158s] 2200/4000 reps  (0.072 s/rep, ETA 0.0 h)
[     173s] 2400/4000 reps  (0.072 s/rep, ETA 0.0 h)
[     188s] 2600/4000 reps  (0.072 s/rep, ETA 0.0 h)
[     202s] 2800/4000 reps  (0.072 s/rep, ETA 0.0 h)
[     215s] 3000/4000 reps  (0.072 s/rep, ETA 0.0 h)
[     229s] 3200/4000 reps  (0.072 s/rep, ETA 0.0 h)
[     242s] 3400/4000 reps  (0.071 s/rep, ETA 0.0 h)
[     256s] 3600/4000 reps  (0.071 s/rep, ETA 0.0 h)
[     268s] 3800/4000 reps  (0.071 s/rep, ETA 0.0 h)
[     281s] 4000/4000 reps  (0.070 s/rep, ETA 0.0 h)
done: 4000 reps in 281.3s (0.070 s/rep)
[43711 s] reps done through 524000 of 1228158
1228158 reps loaded; swap symmetry on (weighted rep sums)
4000 reps to do (524000 already in the output)
[      17s] 200/4000 reps  (0.083 s/rep, ETA 0.1 h)
[      32s] 400/4000 reps  (0.081 s/rep, ETA 0.1 h)
[      47s] 600/4000 reps  (0.079 s/rep, ETA 0.1 h)
[      64s] 800/4000 reps  (0.079 s/rep, ETA 0.1 h)
[      79s] 1000/4000 reps  (0.079 s/rep, ETA 0.1 h)
[      94s] 1200/4000 reps  (0.078 s/rep, ETA 0.1 h)
[     109s] 1400/4000 reps  (0.078 s/rep, ETA 0.1 h)
[     122s] 1600/4000 reps  (0.076 s/rep, ETA 0.1 h)
[     138s] 1800/4000 reps  (0.076 s/rep, ETA 0.0 h)
[     153s] 2000/4000 reps  (0.077 s/rep, ETA 0.0 h)
[     168s] 2200/4000 reps  (0.076 s/rep, ETA 0.0 h)
[     182s] 2400/4000 reps  (0.076 s/rep, ETA 0.0 h)
[     195s] 2600/4000 reps  (0.075 s/rep, ETA 0.0 h)
[     210s] 2800/4000 reps  (0.075 s/rep, ETA 0.0 h)
[     223s] 3000/4000 reps  (0.074 s/rep, ETA 0.0 h)
[     236s] 3200/4000 reps  (0.074 s/rep, ETA 0.0 h)
[     248s] 3400/4000 reps  (0.073 s/rep, ETA 0.0 h)
[     261s] 3600/4000 reps  (0.072 s/rep, ETA 0.0 h)
[     276s] 3800/4000 reps  (0.073 s/rep, ETA 0.0 h)
[     290s] 4000/4000 reps  (0.073 s/rep, ETA 0.0 h)
done: 4000 reps in 290.1s (0.073 s/rep)
[44002 s] reps done through 528000 of 1228158
1228158 reps loaded; swap symmetry on (weighted rep sums)
4000 reps to do (528000 already in the output)
[      13s] 200/4000 reps  (0.066 s/rep, ETA 0.1 h)
[      28s] 400/4000 reps  (0.069 s/rep, ETA 0.1 h)
[      42s] 600/4000 reps  (0.069 s/rep, ETA 0.1 h)
[      55s] 800/4000 reps  (0.068 s/rep, ETA 0.1 h)
[      68s] 1000/4000 reps  (0.068 s/rep, ETA 0.1 h)
[      80s] 1200/4000 reps  (0.066 s/rep, ETA 0.1 h)
[      93s] 1400/4000 reps  (0.067 s/rep, ETA 0.0 h)
[     107s] 1600/4000 reps  (0.067 s/rep, ETA 0.0 h)
[     120s] 1800/4000 reps  (0.067 s/rep, ETA 0.0 h)
[     132s] 2000/4000 reps  (0.066 s/rep, ETA 0.0 h)
[     143s] 2200/4000 reps  (0.065 s/rep, ETA 0.0 h)
[     156s] 2400/4000 reps  (0.065 s/rep, ETA 0.0 h)
[     168s] 2600/4000 reps  (0.065 s/rep, ETA 0.0 h)
[     180s] 2800/4000 reps  (0.064 s/rep, ETA 0.0 h)
[     190s] 3000/4000 reps  (0.063 s/rep, ETA 0.0 h)
[     201s] 3200/4000 reps  (0.063 s/rep, ETA 0.0 h)
[     215s] 3400/4000 reps  (0.063 s/rep, ETA 0.0 h)
[     231s] 3600/4000 reps  (0.064 s/rep, ETA 0.0 h)
[     246s] 3800/4000 reps  (0.065 s/rep, ETA 0.0 h)
[     261s] 4000/4000 reps  (0.065 s/rep, ETA 0.0 h)
done: 4000 reps in 261.4s (0.065 s/rep)
[44265 s] reps done through 532000 of 1228158
1228158 reps loaded; swap symmetry on (weighted rep sums)
4000 reps to do (532000 already in the output)
[      16s] 200/4000 reps  (0.078 s/rep, ETA 0.1 h)
[      31s] 400/4000 reps  (0.076 s/rep, ETA 0.1 h)
[      45s] 600/4000 reps  (0.074 s/rep, ETA 0.1 h)
[      58s] 800/4000 reps  (0.073 s/rep, ETA 0.1 h)
[      73s] 1000/4000 reps  (0.073 s/rep, ETA 0.1 h)
[      87s] 1200/4000 reps  (0.073 s/rep, ETA 0.1 h)
[     103s] 1400/4000 reps  (0.074 s/rep, ETA 0.1 h)
[     118s] 1600/4000 reps  (0.074 s/rep, ETA 0.0 h)
[     132s] 1800/4000 reps  (0.073 s/rep, ETA 0.0 h)
[     146s] 2000/4000 reps  (0.073 s/rep, ETA 0.0 h)
[     161s] 2200/4000 reps  (0.073 s/rep, ETA 0.0 h)
[     174s] 2400/4000 reps  (0.073 s/rep, ETA 0.0 h)
[     188s] 2600/4000 reps  (0.072 s/rep, ETA 0.0 h)
[     200s] 2800/4000 reps  (0.071 s/rep, ETA 0.0 h)
[     213s] 3000/4000 reps  (0.071 s/rep, ETA 0.0 h)
[     230s] 3200/4000 reps  (0.072 s/rep, ETA 0.0 h)
[     247s] 3400/4000 reps  (0.073 s/rep, ETA 0.0 h)
[     262s] 3600/4000 reps  (0.073 s/rep, ETA 0.0 h)
[     277s] 3800/4000 reps  (0.073 s/rep, ETA 0.0 h)
[     292s] 4000/4000 reps  (0.073 s/rep, ETA 0.0 h)
done: 4000 reps in 291.7s (0.073 s/rep)
[44557 s] reps done through 536000 of 1228158
1228158 reps loaded; swap symmetry on (weighted rep sums)
4000 reps to do (536000 already in the output)
[      16s] 200/4000 reps  (0.079 s/rep, ETA 0.1 h)
[      31s] 400/4000 reps  (0.078 s/rep, ETA 0.1 h)
[      46s] 600/4000 reps  (0.076 s/rep, ETA 0.1 h)
[      59s] 800/4000 reps  (0.074 s/rep, ETA 0.1 h)
[      71s] 1000/4000 reps  (0.071 s/rep, ETA 0.1 h)
[      87s] 1200/4000 reps  (0.072 s/rep, ETA 0.1 h)
[     102s] 1400/4000 reps  (0.073 s/rep, ETA 0.1 h)
[     116s] 1600/4000 reps  (0.072 s/rep, ETA 0.0 h)
[     129s] 1800/4000 reps  (0.072 s/rep, ETA 0.0 h)
[     141s] 2000/4000 reps  (0.071 s/rep, ETA 0.0 h)
[     156s] 2200/4000 reps  (0.071 s/rep, ETA 0.0 h)
[     169s] 2400/4000 reps  (0.071 s/rep, ETA 0.0 h)
[     182s] 2600/4000 reps  (0.070 s/rep, ETA 0.0 h)
[     194s] 2800/4000 reps  (0.069 s/rep, ETA 0.0 h)
[     205s] 3000/4000 reps  (0.068 s/rep, ETA 0.0 h)
[     215s] 3200/4000 reps  (0.067 s/rep, ETA 0.0 h)
[     228s] 3400/4000 reps  (0.067 s/rep, ETA 0.0 h)
[     242s] 3600/4000 reps  (0.067 s/rep, ETA 0.0 h)
[     255s] 3800/4000 reps  (0.067 s/rep, ETA 0.0 h)
[     269s] 4000/4000 reps  (0.067 s/rep, ETA 0.0 h)
done: 4000 reps in 269.2s (0.067 s/rep)
[44827 s] reps done through 540000 of 1228158
1228158 reps loaded; swap symmetry on (weighted rep sums)
4000 reps to do (540000 already in the output)
[      13s] 200/4000 reps  (0.064 s/rep, ETA 0.1 h)
[      25s] 400/4000 reps  (0.063 s/rep, ETA 0.1 h)
[      36s] 600/4000 reps  (0.060 s/rep, ETA 0.1 h)
[      49s] 800/4000 reps  (0.061 s/rep, ETA 0.1 h)
[      63s] 1000/4000 reps  (0.063 s/rep, ETA 0.1 h)
[      75s] 1200/4000 reps  (0.063 s/rep, ETA 0.0 h)
[      87s] 1400/4000 reps  (0.062 s/rep, ETA 0.0 h)
[      99s] 1600/4000 reps  (0.062 s/rep, ETA 0.0 h)
[     112s] 1800/4000 reps  (0.062 s/rep, ETA 0.0 h)
[     124s] 2000/4000 reps  (0.062 s/rep, ETA 0.0 h)
[     135s] 2200/4000 reps  (0.062 s/rep, ETA 0.0 h)
[     146s] 2400/4000 reps  (0.061 s/rep, ETA 0.0 h)
[     157s] 2600/4000 reps  (0.060 s/rep, ETA 0.0 h)
[     172s] 2800/4000 reps  (0.061 s/rep, ETA 0.0 h)
[     186s] 3000/4000 reps  (0.062 s/rep, ETA 0.0 h)
[     200s] 3200/4000 reps  (0.062 s/rep, ETA 0.0 h)
[     213s] 3400/4000 reps  (0.063 s/rep, ETA 0.0 h)
[     225s] 3600/4000 reps  (0.063 s/rep, ETA 0.0 h)
[     239s] 3800/4000 reps  (0.063 s/rep, ETA 0.0 h)
[     253s] 4000/4000 reps  (0.063 s/rep, ETA 0.0 h)
done: 4000 reps in 252.6s (0.063 s/rep)
[45080 s] reps done through 544000 of 1228158
1228158 reps loaded; swap symmetry on (weighted rep sums)
4000 reps to do (544000 already in the output)
[      12s] 200/4000 reps  (0.061 s/rep, ETA 0.1 h)
[      23s] 400/4000 reps  (0.058 s/rep, ETA 0.1 h)
[      34s] 600/4000 reps  (0.056 s/rep, ETA 0.1 h)
[      46s] 800/4000 reps  (0.058 s/rep, ETA 0.1 h)
[      59s] 1000/4000 reps  (0.059 s/rep, ETA 0.0 h)
[      72s] 1200/4000 reps  (0.060 s/rep, ETA 0.0 h)
[      83s] 1400/4000 reps  (0.059 s/rep, ETA 0.0 h)
[      94s] 1600/4000 reps  (0.058 s/rep, ETA 0.0 h)
[     105s] 1800/4000 reps  (0.058 s/rep, ETA 0.0 h)
[     117s] 2000/4000 reps  (0.058 s/rep, ETA 0.0 h)
[     128s] 2200/4000 reps  (0.058 s/rep, ETA 0.0 h)
[     139s] 2400/4000 reps  (0.058 s/rep, ETA 0.0 h)
[     148s] 2600/4000 reps  (0.057 s/rep, ETA 0.0 h)
[     155s] 2800/4000 reps  (0.056 s/rep, ETA 0.0 h)
[     172s] 3000/4000 reps  (0.057 s/rep, ETA 0.0 h)
[     189s] 3200/4000 reps  (0.059 s/rep, ETA 0.0 h)
[     206s] 3400/4000 reps  (0.060 s/rep, ETA 0.0 h)
[     222s] 3600/4000 reps  (0.062 s/rep, ETA 0.0 h)
[     238s] 3800/4000 reps  (0.063 s/rep, ETA 0.0 h)
[     253s] 4000/4000 reps  (0.063 s/rep, ETA 0.0 h)
done: 4000 reps in 252.6s (0.063 s/rep)
[45333 s] reps done through 548000 of 1228158
1228158 reps loaded; swap symmetry on (weighted rep sums)
4000 reps to do (548000 already in the output)
[      14s] 200/4000 reps  (0.070 s/rep, ETA 0.1 h)
[      30s] 400/4000 reps  (0.075 s/rep, ETA 0.1 h)
[      45s] 600/4000 reps  (0.076 s/rep, ETA 0.1 h)
[      60s] 800/4000 reps  (0.075 s/rep, ETA 0.1 h)
[      75s] 1000/4000 reps  (0.075 s/rep, ETA 0.1 h)
[      92s] 1200/4000 reps  (0.077 s/rep, ETA 0.1 h)
[     108s] 1400/4000 reps  (0.077 s/rep, ETA 0.1 h)
[     125s] 1600/4000 reps  (0.078 s/rep, ETA 0.1 h)
[     141s] 1800/4000 reps  (0.078 s/rep, ETA 0.0 h)
[     156s] 2000/4000 reps  (0.078 s/rep, ETA 0.0 h)
[     173s] 2200/4000 reps  (0.079 s/rep, ETA 0.0 h)
[     189s] 2400/4000 reps  (0.079 s/rep, ETA 0.0 h)
[     205s] 2600/4000 reps  (0.079 s/rep, ETA 0.0 h)
[     221s] 2800/4000 reps  (0.079 s/rep, ETA 0.0 h)
[     236s] 3000/4000 reps  (0.079 s/rep, ETA 0.0 h)
[     251s] 3200/4000 reps  (0.079 s/rep, ETA 0.0 h)
[     266s] 3400/4000 reps  (0.078 s/rep, ETA 0.0 h)
[     280s] 3600/4000 reps  (0.078 s/rep, ETA 0.0 h)
[     297s] 3800/4000 reps  (0.078 s/rep, ETA 0.0 h)
[     312s] 4000/4000 reps  (0.078 s/rep, ETA 0.0 h)
done: 4000 reps in 311.8s (0.078 s/rep)
[45646 s] reps done through 552000 of 1228158
1228158 reps loaded; swap symmetry on (weighted rep sums)
4000 reps to do (552000 already in the output)
[      17s] 200/4000 reps  (0.083 s/rep, ETA 0.1 h)
[      31s] 400/4000 reps  (0.078 s/rep, ETA 0.1 h)
[      46s] 600/4000 reps  (0.077 s/rep, ETA 0.1 h)
[      59s] 800/4000 reps  (0.074 s/rep, ETA 0.1 h)
[      74s] 1000/4000 reps  (0.074 s/rep, ETA 0.1 h)
[      87s] 1200/4000 reps  (0.073 s/rep, ETA 0.1 h)
[      99s] 1400/4000 reps  (0.071 s/rep, ETA 0.1 h)
[     113s] 1600/4000 reps  (0.071 s/rep, ETA 0.0 h)
[     128s] 1800/4000 reps  (0.071 s/rep, ETA 0.0 h)
[     143s] 2000/4000 reps  (0.072 s/rep, ETA 0.0 h)
[     158s] 2200/4000 reps  (0.072 s/rep, ETA 0.0 h)
[     172s] 2400/4000 reps  (0.072 s/rep, ETA 0.0 h)
[     186s] 2600/4000 reps  (0.071 s/rep, ETA 0.0 h)
[     198s] 2800/4000 reps  (0.071 s/rep, ETA 0.0 h)
[     211s] 3000/4000 reps  (0.070 s/rep, ETA 0.0 h)
[     224s] 3200/4000 reps  (0.070 s/rep, ETA 0.0 h)
[     236s] 3400/4000 reps  (0.069 s/rep, ETA 0.0 h)
[     251s] 3600/4000 reps  (0.070 s/rep, ETA 0.0 h)
[     265s] 3800/4000 reps  (0.070 s/rep, ETA 0.0 h)
[     279s] 4000/4000 reps  (0.070 s/rep, ETA 0.0 h)
done: 4000 reps in 279.5s (0.070 s/rep)
[45926 s] reps done through 556000 of 1228158
1228158 reps loaded; swap symmetry on (weighted rep sums)
4000 reps to do (556000 already in the output)
[      13s] 200/4000 reps  (0.067 s/rep, ETA 0.1 h)
[      29s] 400/4000 reps  (0.073 s/rep, ETA 0.1 h)
[      44s] 600/4000 reps  (0.073 s/rep, ETA 0.1 h)
[      58s] 800/4000 reps  (0.072 s/rep, ETA 0.1 h)
[      71s] 1000/4000 reps  (0.071 s/rep, ETA 0.1 h)
[      86s] 1200/4000 reps  (0.071 s/rep, ETA 0.1 h)
[      99s] 1400/4000 reps  (0.071 s/rep, ETA 0.1 h)
[     112s] 1600/4000 reps  (0.070 s/rep, ETA 0.0 h)
[     124s] 1800/4000 reps  (0.069 s/rep, ETA 0.0 h)
[     137s] 2000/4000 reps  (0.069 s/rep, ETA 0.0 h)
[     152s] 2200/4000 reps  (0.069 s/rep, ETA 0.0 h)
[     165s] 2400/4000 reps  (0.069 s/rep, ETA 0.0 h)
[     179s] 2600/4000 reps  (0.069 s/rep, ETA 0.0 h)
[     192s] 2800/4000 reps  (0.069 s/rep, ETA 0.0 h)
[     205s] 3000/4000 reps  (0.068 s/rep, ETA 0.0 h)
[     216s] 3200/4000 reps  (0.067 s/rep, ETA 0.0 h)
[     228s] 3400/4000 reps  (0.067 s/rep, ETA 0.0 h)
[     239s] 3600/4000 reps  (0.066 s/rep, ETA 0.0 h)
[     251s] 3800/4000 reps  (0.066 s/rep, ETA 0.0 h)
[     266s] 4000/4000 reps  (0.066 s/rep, ETA 0.0 h)
done: 4000 reps in 265.6s (0.066 s/rep)
[46192 s] reps done through 560000 of 1228158
1228158 reps loaded; swap symmetry on (weighted rep sums)
4000 reps to do (560000 already in the output)
[      17s] 200/4000 reps  (0.083 s/rep, ETA 0.1 h)
[      32s] 400/4000 reps  (0.081 s/rep, ETA 0.1 h)
[      47s] 600/4000 reps  (0.079 s/rep, ETA 0.1 h)
[      63s] 800/4000 reps  (0.078 s/rep, ETA 0.1 h)
[      77s] 1000/4000 reps  (0.077 s/rep, ETA 0.1 h)
[      91s] 1200/4000 reps  (0.076 s/rep, ETA 0.1 h)
[     107s] 1400/4000 reps  (0.076 s/rep, ETA 0.1 h)
[     123s] 1600/4000 reps  (0.077 s/rep, ETA 0.1 h)
[     138s] 1800/4000 reps  (0.076 s/rep, ETA 0.0 h)
[     155s] 2000/4000 reps  (0.077 s/rep, ETA 0.0 h)
[     171s] 2200/4000 reps  (0.078 s/rep, ETA 0.0 h)
[     188s] 2400/4000 reps  (0.078 s/rep, ETA 0.0 h)
[     204s] 2600/4000 reps  (0.078 s/rep, ETA 0.0 h)
[     220s] 2800/4000 reps  (0.078 s/rep, ETA 0.0 h)
[     234s] 3000/4000 reps  (0.078 s/rep, ETA 0.0 h)
[     250s] 3200/4000 reps  (0.078 s/rep, ETA 0.0 h)
[     263s] 3400/4000 reps  (0.077 s/rep, ETA 0.0 h)
[     278s] 3600/4000 reps  (0.077 s/rep, ETA 0.0 h)
[     295s] 3800/4000 reps  (0.078 s/rep, ETA 0.0 h)
[     312s] 4000/4000 reps  (0.078 s/rep, ETA 0.0 h)
done: 4000 reps in 311.5s (0.078 s/rep)
[46505 s] reps done through 564000 of 1228158
1228158 reps loaded; swap symmetry on (weighted rep sums)
4000 reps to do (564000 already in the output)
[      15s] 200/4000 reps  (0.076 s/rep, ETA 0.1 h)
[      32s] 400/4000 reps  (0.080 s/rep, ETA 0.1 h)
[      49s] 600/4000 reps  (0.082 s/rep, ETA 0.1 h)
[      65s] 800/4000 reps  (0.082 s/rep, ETA 0.1 h)
[      81s] 1000/4000 reps  (0.081 s/rep, ETA 0.1 h)
[      96s] 1200/4000 reps  (0.080 s/rep, ETA 0.1 h)
[     111s] 1400/4000 reps  (0.079 s/rep, ETA 0.1 h)
[     124s] 1600/4000 reps  (0.078 s/rep, ETA 0.1 h)
[     141s] 1800/4000 reps  (0.078 s/rep, ETA 0.0 h)
[     157s] 2000/4000 reps  (0.078 s/rep, ETA 0.0 h)
[     172s] 2200/4000 reps  (0.078 s/rep, ETA 0.0 h)
[     188s] 2400/4000 reps  (0.078 s/rep, ETA 0.0 h)
[     203s] 2600/4000 reps  (0.078 s/rep, ETA 0.0 h)
[     217s] 2800/4000 reps  (0.078 s/rep, ETA 0.0 h)
[     232s] 3000/4000 reps  (0.077 s/rep, ETA 0.0 h)
[     248s] 3200/4000 reps  (0.078 s/rep, ETA 0.0 h)
[     264s] 3400/4000 reps  (0.078 s/rep, ETA 0.0 h)
[     278s] 3600/4000 reps  (0.077 s/rep, ETA 0.0 h)
[     292s] 3800/4000 reps  (0.077 s/rep, ETA 0.0 h)
[     306s] 4000/4000 reps  (0.077 s/rep, ETA 0.0 h)
done: 4000 reps in 306.5s (0.077 s/rep)
[46812 s] reps done through 568000 of 1228158
1228158 reps loaded; swap symmetry on (weighted rep sums)
4000 reps to do (568000 already in the output)
[      13s] 200/4000 reps  (0.066 s/rep, ETA 0.1 h)
[      28s] 400/4000 reps  (0.069 s/rep, ETA 0.1 h)
[      40s] 600/4000 reps  (0.066 s/rep, ETA 0.1 h)
[      52s] 800/4000 reps  (0.065 s/rep, ETA 0.1 h)
[      66s] 1000/4000 reps  (0.066 s/rep, ETA 0.1 h)
[      80s] 1200/4000 reps  (0.067 s/rep, ETA 0.1 h)
[      94s] 1400/4000 reps  (0.067 s/rep, ETA 0.0 h)
[     108s] 1600/4000 reps  (0.068 s/rep, ETA 0.0 h)
[     122s] 1800/4000 reps  (0.068 s/rep, ETA 0.0 h)
[     135s] 2000/4000 reps  (0.067 s/rep, ETA 0.0 h)
[     147s] 2200/4000 reps  (0.067 s/rep, ETA 0.0 h)
[     162s] 2400/4000 reps  (0.067 s/rep, ETA 0.0 h)
[     176s] 2600/4000 reps  (0.068 s/rep, ETA 0.0 h)
[     190s] 2800/4000 reps  (0.068 s/rep, ETA 0.0 h)
[     206s] 3000/4000 reps  (0.069 s/rep, ETA 0.0 h)
[     220s] 3200/4000 reps  (0.069 s/rep, ETA 0.0 h)
[     234s] 3400/4000 reps  (0.069 s/rep, ETA 0.0 h)
[     247s] 3600/4000 reps  (0.069 s/rep, ETA 0.0 h)
[     261s] 3800/4000 reps  (0.069 s/rep, ETA 0.0 h)
[     273s] 4000/4000 reps  (0.068 s/rep, ETA 0.0 h)
done: 4000 reps in 273.2s (0.068 s/rep)
[47086 s] reps done through 572000 of 1228158
1228158 reps loaded; swap symmetry on (weighted rep sums)
4000 reps to do (572000 already in the output)
[      11s] 200/4000 reps  (0.056 s/rep, ETA 0.1 h)
[      26s] 400/4000 reps  (0.065 s/rep, ETA 0.1 h)
[      40s] 600/4000 reps  (0.067 s/rep, ETA 0.1 h)
[      54s] 800/4000 reps  (0.068 s/rep, ETA 0.1 h)
[      70s] 1000/4000 reps  (0.070 s/rep, ETA 0.1 h)
[      84s] 1200/4000 reps  (0.070 s/rep, ETA 0.1 h)
[      99s] 1400/4000 reps  (0.070 s/rep, ETA 0.1 h)
[     112s] 1600/4000 reps  (0.070 s/rep, ETA 0.0 h)
[     126s] 1800/4000 reps  (0.070 s/rep, ETA 0.0 h)
[     139s] 2000/4000 reps  (0.069 s/rep, ETA 0.0 h)
[     151s] 2200/4000 reps  (0.069 s/rep, ETA 0.0 h)
[     163s] 2400/4000 reps  (0.068 s/rep, ETA 0.0 h)
[     177s] 2600/4000 reps  (0.068 s/rep, ETA 0.0 h)
[     191s] 2800/4000 reps  (0.068 s/rep, ETA 0.0 h)
[     205s] 3000/4000 reps  (0.068 s/rep, ETA 0.0 h)
[     218s] 3200/4000 reps  (0.068 s/rep, ETA 0.0 h)
[     232s] 3400/4000 reps  (0.068 s/rep, ETA 0.0 h)
[     244s] 3600/4000 reps  (0.068 s/rep, ETA 0.0 h)
[     256s] 3800/4000 reps  (0.067 s/rep, ETA 0.0 h)
[     271s] 4000/4000 reps  (0.068 s/rep, ETA 0.0 h)
done: 4000 reps in 270.7s (0.068 s/rep)
[47357 s] reps done through 576000 of 1228158
1228158 reps loaded; swap symmetry on (weighted rep sums)
4000 reps to do (576000 already in the output)
[      13s] 200/4000 reps  (0.067 s/rep, ETA 0.1 h)
[      27s] 400/4000 reps  (0.067 s/rep, ETA 0.1 h)
[      39s] 600/4000 reps  (0.065 s/rep, ETA 0.1 h)
[      51s] 800/4000 reps  (0.064 s/rep, ETA 0.1 h)
[      64s] 1000/4000 reps  (0.064 s/rep, ETA 0.1 h)
[      75s] 1200/4000 reps  (0.063 s/rep, ETA 0.0 h)
[      87s] 1400/4000 reps  (0.062 s/rep, ETA 0.0 h)
[      97s] 1600/4000 reps  (0.061 s/rep, ETA 0.0 h)
[     108s] 1800/4000 reps  (0.060 s/rep, ETA 0.0 h)
[     121s] 2000/4000 reps  (0.061 s/rep, ETA 0.0 h)
[     135s] 2200/4000 reps  (0.061 s/rep, ETA 0.0 h)
[     149s] 2400/4000 reps  (0.062 s/rep, ETA 0.0 h)
[     162s] 2600/4000 reps  (0.062 s/rep, ETA 0.0 h)
[     174s] 2800/4000 reps  (0.062 s/rep, ETA 0.0 h)
[     186s] 3000/4000 reps  (0.062 s/rep, ETA 0.0 h)
[     200s] 3200/4000 reps  (0.062 s/rep, ETA 0.0 h)
[     214s] 3400/4000 reps  (0.063 s/rep, ETA 0.0 h)
[     227s] 3600/4000 reps  (0.063 s/rep, ETA 0.0 h)
[     242s] 3800/4000 reps  (0.064 s/rep, ETA 0.0 h)
[     256s] 4000/4000 reps  (0.064 s/rep, ETA 0.0 h)
done: 4000 reps in 256.1s (0.064 s/rep)
[47614 s] reps done through 580000 of 1228158
1228158 reps loaded; swap symmetry on (weighted rep sums)
4000 reps to do (580000 already in the output)
[      13s] 200/4000 reps  (0.066 s/rep, ETA 0.1 h)
[      26s] 400/4000 reps  (0.065 s/rep, ETA 0.1 h)
[      37s] 600/4000 reps  (0.062 s/rep, ETA 0.1 h)
[      52s] 800/4000 reps  (0.064 s/rep, ETA 0.1 h)
[      65s] 1000/4000 reps  (0.065 s/rep, ETA 0.1 h)
[      81s] 1200/4000 reps  (0.067 s/rep, ETA 0.1 h)
[      95s] 1400/4000 reps  (0.068 s/rep, ETA 0.0 h)
[     108s] 1600/4000 reps  (0.068 s/rep, ETA 0.0 h)
[     122s] 1800/4000 reps  (0.068 s/rep, ETA 0.0 h)
[     135s] 2000/4000 reps  (0.068 s/rep, ETA 0.0 h)
[     148s] 2200/4000 reps  (0.067 s/rep, ETA 0.0 h)
[     159s] 2400/4000 reps  (0.066 s/rep, ETA 0.0 h)
[     173s] 2600/4000 reps  (0.066 s/rep, ETA 0.0 h)
[     187s] 2800/4000 reps  (0.067 s/rep, ETA 0.0 h)
[     200s] 3000/4000 reps  (0.067 s/rep, ETA 0.0 h)
[     213s] 3200/4000 reps  (0.067 s/rep, ETA 0.0 h)
[     224s] 3400/4000 reps  (0.066 s/rep, ETA 0.0 h)
[     239s] 3600/4000 reps  (0.066 s/rep, ETA 0.0 h)
[     253s] 3800/4000 reps  (0.067 s/rep, ETA 0.0 h)
[     266s] 4000/4000 reps  (0.066 s/rep, ETA 0.0 h)
done: 4000 reps in 265.9s (0.066 s/rep)
[47881 s] reps done through 584000 of 1228158
1228158 reps loaded; swap symmetry on (weighted rep sums)
4000 reps to do (584000 already in the output)
[      13s] 200/4000 reps  (0.063 s/rep, ETA 0.1 h)
[      24s] 400/4000 reps  (0.060 s/rep, ETA 0.1 h)
[      37s] 600/4000 reps  (0.062 s/rep, ETA 0.1 h)
[      49s] 800/4000 reps  (0.061 s/rep, ETA 0.1 h)
[      60s] 1000/4000 reps  (0.060 s/rep, ETA 0.1 h)
[      70s] 1200/4000 reps  (0.059 s/rep, ETA 0.0 h)
[      79s] 1400/4000 reps  (0.057 s/rep, ETA 0.0 h)
[      91s] 1600/4000 reps  (0.057 s/rep, ETA 0.0 h)
[     103s] 1800/4000 reps  (0.057 s/rep, ETA 0.0 h)
[     114s] 2000/4000 reps  (0.057 s/rep, ETA 0.0 h)
[     124s] 2200/4000 reps  (0.056 s/rep, ETA 0.0 h)
[     134s] 2400/4000 reps  (0.056 s/rep, ETA 0.0 h)
[     147s] 2600/4000 reps  (0.057 s/rep, ETA 0.0 h)
[     160s] 2800/4000 reps  (0.057 s/rep, ETA 0.0 h)
[     171s] 3000/4000 reps  (0.057 s/rep, ETA 0.0 h)
[     182s] 3200/4000 reps  (0.057 s/rep, ETA 0.0 h)
[     193s] 3400/4000 reps  (0.057 s/rep, ETA 0.0 h)
[     203s] 3600/4000 reps  (0.056 s/rep, ETA 0.0 h)
[     215s] 3800/4000 reps  (0.057 s/rep, ETA 0.0 h)
[     226s] 4000/4000 reps  (0.057 s/rep, ETA 0.0 h)
done: 4000 reps in 226.5s (0.057 s/rep)
[48108 s] reps done through 588000 of 1228158
1228158 reps loaded; swap symmetry on (weighted rep sums)
4000 reps to do (588000 already in the output)
[      13s] 200/4000 reps  (0.067 s/rep, ETA 0.1 h)
[      27s] 400/4000 reps  (0.067 s/rep, ETA 0.1 h)
[      39s] 600/4000 reps  (0.066 s/rep, ETA 0.1 h)
[      50s] 800/4000 reps  (0.063 s/rep, ETA 0.1 h)
[      63s] 1000/4000 reps  (0.063 s/rep, ETA 0.1 h)
[      74s] 1200/4000 reps  (0.061 s/rep, ETA 0.0 h)
[      85s] 1400/4000 reps  (0.060 s/rep, ETA 0.0 h)
[      94s] 1600/4000 reps  (0.059 s/rep, ETA 0.0 h)
[     105s] 1800/4000 reps  (0.059 s/rep, ETA 0.0 h)
[     116s] 2000/4000 reps  (0.058 s/rep, ETA 0.0 h)
[     126s] 2200/4000 reps  (0.057 s/rep, ETA 0.0 h)
[     139s] 2400/4000 reps  (0.058 s/rep, ETA 0.0 h)
[     151s] 2600/4000 reps  (0.058 s/rep, ETA 0.0 h)
[     162s] 2800/4000 reps  (0.058 s/rep, ETA 0.0 h)
[     173s] 3000/4000 reps  (0.058 s/rep, ETA 0.0 h)
[     183s] 3200/4000 reps  (0.057 s/rep, ETA 0.0 h)
[     194s] 3400/4000 reps  (0.057 s/rep, ETA 0.0 h)
[     205s] 3600/4000 reps  (0.057 s/rep, ETA 0.0 h)
[     214s] 3800/4000 reps  (0.056 s/rep, ETA 0.0 h)
[     223s] 4000/4000 reps  (0.056 s/rep, ETA 0.0 h)
done: 4000 reps in 223.0s (0.056 s/rep)
[48332 s] reps done through 592000 of 1228158
1228158 reps loaded; swap symmetry on (weighted rep sums)
4000 reps to do (592000 already in the output)
[       8s] 200/4000 reps  (0.040 s/rep, ETA 0.0 h)
[      21s] 400/4000 reps  (0.052 s/rep, ETA 0.1 h)
[      34s] 600/4000 reps  (0.057 s/rep, ETA 0.1 h)
[      47s] 800/4000 reps  (0.058 s/rep, ETA 0.1 h)
[      61s] 1000/4000 reps  (0.061 s/rep, ETA 0.1 h)
[      74s] 1200/4000 reps  (0.062 s/rep, ETA 0.0 h)
[      88s] 1400/4000 reps  (0.063 s/rep, ETA 0.0 h)
[     100s] 1600/4000 reps  (0.063 s/rep, ETA 0.0 h)
[     113s] 1800/4000 reps  (0.063 s/rep, ETA 0.0 h)
[     128s] 2000/4000 reps  (0.064 s/rep, ETA 0.0 h)
[     143s] 2200/4000 reps  (0.065 s/rep, ETA 0.0 h)
[     157s] 2400/4000 reps  (0.066 s/rep, ETA 0.0 h)
[     171s] 2600/4000 reps  (0.066 s/rep, ETA 0.0 h)
[     185s] 2800/4000 reps  (0.066 s/rep, ETA 0.0 h)
[     198s] 3000/4000 reps  (0.066 s/rep, ETA 0.0 h)
[     209s] 3200/4000 reps  (0.065 s/rep, ETA 0.0 h)
[     222s] 3400/4000 reps  (0.065 s/rep, ETA 0.0 h)
[     233s] 3600/4000 reps  (0.065 s/rep, ETA 0.0 h)
[     243s] 3800/4000 reps  (0.064 s/rep, ETA 0.0 h)
[     254s] 4000/4000 reps  (0.064 s/rep, ETA 0.0 h)
done: 4000 reps in 254.2s (0.064 s/rep)
[48586 s] reps done through 596000 of 1228158
1228158 reps loaded; swap symmetry on (weighted rep sums)
4000 reps to do (596000 already in the output)
[      11s] 200/4000 reps  (0.056 s/rep, ETA 0.1 h)
[      22s] 400/4000 reps  (0.055 s/rep, ETA 0.1 h)
[      34s] 600/4000 reps  (0.056 s/rep, ETA 0.1 h)
[      44s] 800/4000 reps  (0.055 s/rep, ETA 0.0 h)
[      54s] 1000/4000 reps  (0.054 s/rep, ETA 0.0 h)
[      69s] 1200/4000 reps  (0.057 s/rep, ETA 0.0 h)
[      82s] 1400/4000 reps  (0.058 s/rep, ETA 0.0 h)
[      94s] 1600/4000 reps  (0.059 s/rep, ETA 0.0 h)
[     107s] 1800/4000 reps  (0.059 s/rep, ETA 0.0 h)
[     119s] 2000/4000 reps  (0.059 s/rep, ETA 0.0 h)
[     130s] 2200/4000 reps  (0.059 s/rep, ETA 0.0 h)
[     141s] 2400/4000 reps  (0.059 s/rep, ETA 0.0 h)
[     150s] 2600/4000 reps  (0.058 s/rep, ETA 0.0 h)
[     161s] 2800/4000 reps  (0.057 s/rep, ETA 0.0 h)
[     170s] 3000/4000 reps  (0.057 s/rep, ETA 0.0 h)
[     179s] 3200/4000 reps  (0.056 s/rep, ETA 0.0 h)
[     189s] 3400/4000 reps  (0.056 s/rep, ETA 0.0 h)
[     200s] 3600/4000 reps  (0.056 s/rep, ETA 0.0 h)
[     210s] 3800/4000 reps  (0.055 s/rep, ETA 0.0 h)
[     223s] 4000/4000 reps  (0.056 s/rep, ETA 0.0 h)
done: 4000 reps in 222.7s (0.056 s/rep)
[48810 s] reps done through 600000 of 1228158
1228158 reps loaded; swap symmetry on (weighted rep sums)
4000 reps to do (600000 already in the output)
[      14s] 200/4000 reps  (0.068 s/rep, ETA 0.1 h)
[      26s] 400/4000 reps  (0.066 s/rep, ETA 0.1 h)
[      39s] 600/4000 reps  (0.065 s/rep, ETA 0.1 h)
[      52s] 800/4000 reps  (0.065 s/rep, ETA 0.1 h)
[      63s] 1000/4000 reps  (0.063 s/rep, ETA 0.1 h)
[      74s] 1200/4000 reps  (0.062 s/rep, ETA 0.0 h)
[      84s] 1400/4000 reps  (0.060 s/rep, ETA 0.0 h)
[      95s] 1600/4000 reps  (0.059 s/rep, ETA 0.0 h)
[     104s] 1800/4000 reps  (0.058 s/rep, ETA 0.0 h)
[     113s] 2000/4000 reps  (0.057 s/rep, ETA 0.0 h)
[     121s] 2200/4000 reps  (0.055 s/rep, ETA 0.0 h)
[     129s] 2400/4000 reps  (0.054 s/rep, ETA 0.0 h)
[     141s] 2600/4000 reps  (0.054 s/rep, ETA 0.0 h)
[     153s] 2800/4000 reps  (0.055 s/rep, ETA 0.0 h)
[     163s] 3000/4000 reps  (0.054 s/rep, ETA 0.0 h)
[     174s] 3200/4000 reps  (0.054 s/rep, ETA 0.0 h)
[     184s] 3400/4000 reps  (0.054 s/rep, ETA 0.0 h)
[     194s] 3600/4000 reps  (0.054 s/rep, ETA 0.0 h)
[     203s] 3800/4000 reps  (0.053 s/rep, ETA 0.0 h)
[     210s] 4000/4000 reps  (0.053 s/rep, ETA 0.0 h)
done: 4000 reps in 210.1s (0.053 s/rep)
[49020 s] reps done through 604000 of 1228158
1228158 reps loaded; swap symmetry on (weighted rep sums)
4000 reps to do (604000 already in the output)
[       9s] 200/4000 reps  (0.045 s/rep, ETA 0.0 h)
[      17s] 400/4000 reps  (0.042 s/rep, ETA 0.0 h)
[      23s] 600/4000 reps  (0.038 s/rep, ETA 0.0 h)
[      39s] 800/4000 reps  (0.049 s/rep, ETA 0.0 h)
[      54s] 1000/4000 reps  (0.054 s/rep, ETA 0.0 h)
[      68s] 1200/4000 reps  (0.056 s/rep, ETA 0.0 h)
[      80s] 1400/4000 reps  (0.057 s/rep, ETA 0.0 h)
[      95s] 1600/4000 reps  (0.060 s/rep, ETA 0.0 h)
[     109s] 1800/4000 reps  (0.060 s/rep, ETA 0.0 h)
[     121s] 2000/4000 reps  (0.061 s/rep, ETA 0.0 h)
[     131s] 2200/4000 reps  (0.060 s/rep, ETA 0.0 h)
[     145s] 2400/4000 reps  (0.061 s/rep, ETA 0.0 h)
[     159s] 2600/4000 reps  (0.061 s/rep, ETA 0.0 h)
[     172s] 2800/4000 reps  (0.062 s/rep, ETA 0.0 h)
[     185s] 3000/4000 reps  (0.062 s/rep, ETA 0.0 h)
[     197s] 3200/4000 reps  (0.062 s/rep, ETA 0.0 h)
[     209s] 3400/4000 reps  (0.062 s/rep, ETA 0.0 h)
[     221s] 3600/4000 reps  (0.061 s/rep, ETA 0.0 h)
[     231s] 3800/4000 reps  (0.061 s/rep, ETA 0.0 h)
[     242s] 4000/4000 reps  (0.060 s/rep, ETA 0.0 h)
done: 4000 reps in 241.6s (0.060 s/rep)
[49263 s] reps done through 608000 of 1228158
1228158 reps loaded; swap symmetry on (weighted rep sums)
4000 reps to do (608000 already in the output)
[      12s] 200/4000 reps  (0.058 s/rep, ETA 0.1 h)
[      23s] 400/4000 reps  (0.056 s/rep, ETA 0.1 h)
[      32s] 600/4000 reps  (0.054 s/rep, ETA 0.1 h)
[      43s] 800/4000 reps  (0.054 s/rep, ETA 0.0 h)
[      52s] 1000/4000 reps  (0.052 s/rep, ETA 0.0 h)
[      61s] 1200/4000 reps  (0.051 s/rep, ETA 0.0 h)
[      71s] 1400/4000 reps  (0.051 s/rep, ETA 0.0 h)
[      81s] 1600/4000 reps  (0.051 s/rep, ETA 0.0 h)
[      91s] 1800/4000 reps  (0.051 s/rep, ETA 0.0 h)
[     101s] 2000/4000 reps  (0.050 s/rep, ETA 0.0 h)
[     109s] 2200/4000 reps  (0.050 s/rep, ETA 0.0 h)
[     116s] 2400/4000 reps  (0.048 s/rep, ETA 0.0 h)
[     124s] 2600/4000 reps  (0.048 s/rep, ETA 0.0 h)
[     131s] 2800/4000 reps  (0.047 s/rep, ETA 0.0 h)
[     137s] 3000/4000 reps  (0.046 s/rep, ETA 0.0 h)
[     148s] 3200/4000 reps  (0.046 s/rep, ETA 0.0 h)
[     164s] 3400/4000 reps  (0.048 s/rep, ETA 0.0 h)
[     180s] 3600/4000 reps  (0.050 s/rep, ETA 0.0 h)
[     195s] 3800/4000 reps  (0.051 s/rep, ETA 0.0 h)
[     210s] 4000/4000 reps  (0.053 s/rep, ETA 0.0 h)
done: 4000 reps in 210.4s (0.053 s/rep)
[49474 s] reps done through 612000 of 1228158
1228158 reps loaded; swap symmetry on (weighted rep sums)
4000 reps to do (612000 already in the output)
[      15s] 200/4000 reps  (0.073 s/rep, ETA 0.1 h)
[      29s] 400/4000 reps  (0.073 s/rep, ETA 0.1 h)
[      47s] 600/4000 reps  (0.078 s/rep, ETA 0.1 h)
[      63s] 800/4000 reps  (0.079 s/rep, ETA 0.1 h)
[      79s] 1000/4000 reps  (0.079 s/rep, ETA 0.1 h)
[      94s] 1200/4000 reps  (0.078 s/rep, ETA 0.1 h)
[     108s] 1400/4000 reps  (0.077 s/rep, ETA 0.1 h)
[     122s] 1600/4000 reps  (0.076 s/rep, ETA 0.1 h)
[     133s] 1800/4000 reps  (0.074 s/rep, ETA 0.0 h)
[     146s] 2000/4000 reps  (0.073 s/rep, ETA 0.0 h)
[     161s] 2200/4000 reps  (0.073 s/rep, ETA 0.0 h)
[     174s] 2400/4000 reps  (0.072 s/rep, ETA 0.0 h)
[     186s] 2600/4000 reps  (0.071 s/rep, ETA 0.0 h)
[     200s] 2800/4000 reps  (0.071 s/rep, ETA 0.0 h)
[     211s] 3000/4000 reps  (0.070 s/rep, ETA 0.0 h)
[     226s] 3200/4000 reps  (0.071 s/rep, ETA 0.0 h)
[     240s] 3400/4000 reps  (0.070 s/rep, ETA 0.0 h)
[     254s] 3600/4000 reps  (0.070 s/rep, ETA 0.0 h)
[     267s] 3800/4000 reps  (0.070 s/rep, ETA 0.0 h)
[     278s] 4000/4000 reps  (0.070 s/rep, ETA 0.0 h)
done: 4000 reps in 278.2s (0.070 s/rep)
[49753 s] reps done through 616000 of 1228158
1228158 reps loaded; swap symmetry on (weighted rep sums)
4000 reps to do (616000 already in the output)
[      11s] 200/4000 reps  (0.057 s/rep, ETA 0.1 h)
[      27s] 400/4000 reps  (0.067 s/rep, ETA 0.1 h)
[      43s] 600/4000 reps  (0.071 s/rep, ETA 0.1 h)
[      58s] 800/4000 reps  (0.072 s/rep, ETA 0.1 h)
[      72s] 1000/4000 reps  (0.072 s/rep, ETA 0.1 h)
[      86s] 1200/4000 reps  (0.071 s/rep, ETA 0.1 h)
[     100s] 1400/4000 reps  (0.071 s/rep, ETA 0.1 h)
[     113s] 1600/4000 reps  (0.070 s/rep, ETA 0.0 h)
[     124s] 1800/4000 reps  (0.069 s/rep, ETA 0.0 h)
[     137s] 2000/4000 reps  (0.069 s/rep, ETA 0.0 h)
[     150s] 2200/4000 reps  (0.068 s/rep, ETA 0.0 h)
[     162s] 2400/4000 reps  (0.068 s/rep, ETA 0.0 h)
[     173s] 2600/4000 reps  (0.067 s/rep, ETA 0.0 h)
[     184s] 2800/4000 reps  (0.066 s/rep, ETA 0.0 h)
[     195s] 3000/4000 reps  (0.065 s/rep, ETA 0.0 h)
[     204s] 3200/4000 reps  (0.064 s/rep, ETA 0.0 h)
[     216s] 3400/4000 reps  (0.064 s/rep, ETA 0.0 h)
[     229s] 3600/4000 reps  (0.064 s/rep, ETA 0.0 h)
[     240s] 3800/4000 reps  (0.063 s/rep, ETA 0.0 h)
[     251s] 4000/4000 reps  (0.063 s/rep, ETA 0.0 h)
done: 4000 reps in 251.2s (0.063 s/rep)
[50005 s] reps done through 620000 of 1228158
1228158 reps loaded; swap symmetry on (weighted rep sums)
4000 reps to do (620000 already in the output)
[      11s] 200/4000 reps  (0.055 s/rep, ETA 0.1 h)
[      21s] 400/4000 reps  (0.052 s/rep, ETA 0.1 h)
[      35s] 600/4000 reps  (0.058 s/rep, ETA 0.1 h)
[      48s] 800/4000 reps  (0.060 s/rep, ETA 0.1 h)
[      60s] 1000/4000 reps  (0.060 s/rep, ETA 0.0 h)
[      70s] 1200/4000 reps  (0.059 s/rep, ETA 0.0 h)
[      81s] 1400/4000 reps  (0.058 s/rep, ETA 0.0 h)
[      91s] 1600/4000 reps  (0.057 s/rep, ETA 0.0 h)
[      99s] 1800/4000 reps  (0.055 s/rep, ETA 0.0 h)
[     113s] 2000/4000 reps  (0.056 s/rep, ETA 0.0 h)
[     126s] 2200/4000 reps  (0.057 s/rep, ETA 0.0 h)
[     142s] 2400/4000 reps  (0.059 s/rep, ETA 0.0 h)
[     158s] 2600/4000 reps  (0.061 s/rep, ETA 0.0 h)
[     175s] 2800/4000 reps  (0.062 s/rep, ETA 0.0 h)
[     189s] 3000/4000 reps  (0.063 s/rep, ETA 0.0 h)
[     204s] 3200/4000 reps  (0.064 s/rep, ETA 0.0 h)
[     220s] 3400/4000 reps  (0.065 s/rep, ETA 0.0 h)
[     235s] 3600/4000 reps  (0.065 s/rep, ETA 0.0 h)
[     250s] 3800/4000 reps  (0.066 s/rep, ETA 0.0 h)
[     263s] 4000/4000 reps  (0.066 s/rep, ETA 0.0 h)
done: 4000 reps in 263.5s (0.066 s/rep)
[50269 s] reps done through 624000 of 1228158
1228158 reps loaded; swap symmetry on (weighted rep sums)
4000 reps to do (624000 already in the output)
[      13s] 200/4000 reps  (0.067 s/rep, ETA 0.1 h)
[      26s] 400/4000 reps  (0.064 s/rep, ETA 0.1 h)
[      39s] 600/4000 reps  (0.065 s/rep, ETA 0.1 h)
[      50s] 800/4000 reps  (0.063 s/rep, ETA 0.1 h)
[      64s] 1000/4000 reps  (0.064 s/rep, ETA 0.1 h)
[      75s] 1200/4000 reps  (0.063 s/rep, ETA 0.0 h)
[      90s] 1400/4000 reps  (0.065 s/rep, ETA 0.0 h)
[     104s] 1600/4000 reps  (0.065 s/rep, ETA 0.0 h)
[     119s] 1800/4000 reps  (0.066 s/rep, ETA 0.0 h)
[     131s] 2000/4000 reps  (0.065 s/rep, ETA 0.0 h)
[     144s] 2200/4000 reps  (0.065 s/rep, ETA 0.0 h)
[     158s] 2400/4000 reps  (0.066 s/rep, ETA 0.0 h)
[     170s] 2600/4000 reps  (0.066 s/rep, ETA 0.0 h)
[     182s] 2800/4000 reps  (0.065 s/rep, ETA 0.0 h)
[     193s] 3000/4000 reps  (0.064 s/rep, ETA 0.0 h)
[     204s] 3200/4000 reps  (0.064 s/rep, ETA 0.0 h)
[     215s] 3400/4000 reps  (0.063 s/rep, ETA 0.0 h)
[     225s] 3600/4000 reps  (0.062 s/rep, ETA 0.0 h)
[     241s] 3800/4000 reps  (0.063 s/rep, ETA 0.0 h)
[     258s] 4000/4000 reps  (0.065 s/rep, ETA 0.0 h)
done: 4000 reps in 258.3s (0.065 s/rep)
[50528 s] reps done through 628000 of 1228158
1228158 reps loaded; swap symmetry on (weighted rep sums)
4000 reps to do (628000 already in the output)
[      17s] 200/4000 reps  (0.087 s/rep, ETA 0.1 h)
[      35s] 400/4000 reps  (0.087 s/rep, ETA 0.1 h)
[      50s] 600/4000 reps  (0.084 s/rep, ETA 0.1 h)
[      67s] 800/4000 reps  (0.084 s/rep, ETA 0.1 h)
[      83s] 1000/4000 reps  (0.083 s/rep, ETA 0.1 h)
[      99s] 1200/4000 reps  (0.082 s/rep, ETA 0.1 h)
[     114s] 1400/4000 reps  (0.081 s/rep, ETA 0.1 h)
[     129s] 1600/4000 reps  (0.081 s/rep, ETA 0.1 h)
[     148s] 1800/4000 reps  (0.082 s/rep, ETA 0.1 h)
[     166s] 2000/4000 reps  (0.083 s/rep, ETA 0.0 h)
[     182s] 2200/4000 reps  (0.083 s/rep, ETA 0.0 h)
[     199s] 2400/4000 reps  (0.083 s/rep, ETA 0.0 h)
[     218s] 2600/4000 reps  (0.084 s/rep, ETA 0.0 h)
[     237s] 2800/4000 reps  (0.085 s/rep, ETA 0.0 h)
[     255s] 3000/4000 reps  (0.085 s/rep, ETA 0.0 h)
[     272s] 3200/4000 reps  (0.085 s/rep, ETA 0.0 h)
[     291s] 3400/4000 reps  (0.086 s/rep, ETA 0.0 h)
[     308s] 3600/4000 reps  (0.086 s/rep, ETA 0.0 h)
[     325s] 3800/4000 reps  (0.086 s/rep, ETA 0.0 h)
[     340s] 4000/4000 reps  (0.085 s/rep, ETA 0.0 h)
done: 4000 reps in 340.3s (0.085 s/rep)
[50869 s] reps done through 632000 of 1228158
1228158 reps loaded; swap symmetry on (weighted rep sums)
4000 reps to do (632000 already in the output)
[      19s] 200/4000 reps  (0.093 s/rep, ETA 0.1 h)
[      36s] 400/4000 reps  (0.089 s/rep, ETA 0.1 h)
[      53s] 600/4000 reps  (0.089 s/rep, ETA 0.1 h)
[      70s] 800/4000 reps  (0.087 s/rep, ETA 0.1 h)
[      87s] 1000/4000 reps  (0.087 s/rep, ETA 0.1 h)
[     103s] 1200/4000 reps  (0.086 s/rep, ETA 0.1 h)
[     119s] 1400/4000 reps  (0.085 s/rep, ETA 0.1 h)
[     135s] 1600/4000 reps  (0.085 s/rep, ETA 0.1 h)
[     151s] 1800/4000 reps  (0.084 s/rep, ETA 0.1 h)
[     166s] 2000/4000 reps  (0.083 s/rep, ETA 0.0 h)
[     181s] 2200/4000 reps  (0.082 s/rep, ETA 0.0 h)
[     196s] 2400/4000 reps  (0.082 s/rep, ETA 0.0 h)
[     214s] 2600/4000 reps  (0.082 s/rep, ETA 0.0 h)
[     232s] 2800/4000 reps  (0.083 s/rep, ETA 0.0 h)
[     249s] 3000/4000 reps  (0.083 s/rep, ETA 0.0 h)
[     266s] 3200/4000 reps  (0.083 s/rep, ETA 0.0 h)
[     281s] 3400/4000 reps  (0.083 s/rep, ETA 0.0 h)
[     298s] 3600/4000 reps  (0.083 s/rep, ETA 0.0 h)
[     312s] 3800/4000 reps  (0.082 s/rep, ETA 0.0 h)
[     328s] 4000/4000 reps  (0.082 s/rep, ETA 0.0 h)
done: 4000 reps in 327.9s (0.082 s/rep)
[51198 s] reps done through 636000 of 1228158
1228158 reps loaded; swap symmetry on (weighted rep sums)
4000 reps to do (636000 already in the output)
[      16s] 200/4000 reps  (0.081 s/rep, ETA 0.1 h)
[      31s] 400/4000 reps  (0.077 s/rep, ETA 0.1 h)
[      47s] 600/4000 reps  (0.078 s/rep, ETA 0.1 h)
[      62s] 800/4000 reps  (0.077 s/rep, ETA 0.1 h)
[      75s] 1000/4000 reps  (0.075 s/rep, ETA 0.1 h)
[      90s] 1200/4000 reps  (0.075 s/rep, ETA 0.1 h)
[     102s] 1400/4000 reps  (0.073 s/rep, ETA 0.1 h)
[     117s] 1600/4000 reps  (0.073 s/rep, ETA 0.0 h)
[     132s] 1800/4000 reps  (0.074 s/rep, ETA 0.0 h)
[     150s] 2000/4000 reps  (0.075 s/rep, ETA 0.0 h)
[     165s] 2200/4000 reps  (0.075 s/rep, ETA 0.0 h)
[     180s] 2400/4000 reps  (0.075 s/rep, ETA 0.0 h)
[     196s] 2600/4000 reps  (0.075 s/rep, ETA 0.0 h)
[     210s] 2800/4000 reps  (0.075 s/rep, ETA 0.0 h)
[     225s] 3000/4000 reps  (0.075 s/rep, ETA 0.0 h)
[     239s] 3200/4000 reps  (0.075 s/rep, ETA 0.0 h)
[     251s] 3400/4000 reps  (0.074 s/rep, ETA 0.0 h)
[     269s] 3600/4000 reps  (0.075 s/rep, ETA 0.0 h)
[     285s] 3800/4000 reps  (0.075 s/rep, ETA 0.0 h)
[     300s] 4000/4000 reps  (0.075 s/rep, ETA 0.0 h)
done: 4000 reps in 299.8s (0.075 s/rep)
[51498 s] reps done through 640000 of 1228158
1228158 reps loaded; swap symmetry on (weighted rep sums)
4000 reps to do (640000 already in the output)
[      14s] 200/4000 reps  (0.072 s/rep, ETA 0.1 h)
[      31s] 400/4000 reps  (0.078 s/rep, ETA 0.1 h)
[      48s] 600/4000 reps  (0.081 s/rep, ETA 0.1 h)
[      64s] 800/4000 reps  (0.080 s/rep, ETA 0.1 h)
[      81s] 1000/4000 reps  (0.081 s/rep, ETA 0.1 h)
[      97s] 1200/4000 reps  (0.081 s/rep, ETA 0.1 h)
[     113s] 1400/4000 reps  (0.080 s/rep, ETA 0.1 h)
[     126s] 1600/4000 reps  (0.079 s/rep, ETA 0.1 h)
[     142s] 1800/4000 reps  (0.079 s/rep, ETA 0.0 h)
[     158s] 2000/4000 reps  (0.079 s/rep, ETA 0.0 h)
[     173s] 2200/4000 reps  (0.079 s/rep, ETA 0.0 h)
[     188s] 2400/4000 reps  (0.078 s/rep, ETA 0.0 h)
[     202s] 2600/4000 reps  (0.078 s/rep, ETA 0.0 h)
[     218s] 2800/4000 reps  (0.078 s/rep, ETA 0.0 h)
[     232s] 3000/4000 reps  (0.077 s/rep, ETA 0.0 h)
[     245s] 3200/4000 reps  (0.077 s/rep, ETA 0.0 h)
[     260s] 3400/4000 reps  (0.076 s/rep, ETA 0.0 h)
[     274s] 3600/4000 reps  (0.076 s/rep, ETA 0.0 h)
[     287s] 3800/4000 reps  (0.076 s/rep, ETA 0.0 h)
[     300s] 4000/4000 reps  (0.075 s/rep, ETA 0.0 h)
done: 4000 reps in 299.6s (0.075 s/rep)
[51798 s] reps done through 644000 of 1228158
1228158 reps loaded; swap symmetry on (weighted rep sums)
4000 reps to do (644000 already in the output)
[      14s] 200/4000 reps  (0.069 s/rep, ETA 0.1 h)
[      30s] 400/4000 reps  (0.075 s/rep, ETA 0.1 h)
[      45s] 600/4000 reps  (0.076 s/rep, ETA 0.1 h)
[      61s] 800/4000 reps  (0.077 s/rep, ETA 0.1 h)
[      76s] 1000/4000 reps  (0.076 s/rep, ETA 0.1 h)
[      91s] 1200/4000 reps  (0.076 s/rep, ETA 0.1 h)
[     105s] 1400/4000 reps  (0.075 s/rep, ETA 0.1 h)
[     119s] 1600/4000 reps  (0.075 s/rep, ETA 0.0 h)
[     131s] 1800/4000 reps  (0.073 s/rep, ETA 0.0 h)
[     147s] 2000/4000 reps  (0.073 s/rep, ETA 0.0 h)
[     160s] 2200/4000 reps  (0.073 s/rep, ETA 0.0 h)
[     174s] 2400/4000 reps  (0.073 s/rep, ETA 0.0 h)
[     188s] 2600/4000 reps  (0.072 s/rep, ETA 0.0 h)
[     201s] 2800/4000 reps  (0.072 s/rep, ETA 0.0 h)
[     213s] 3000/4000 reps  (0.071 s/rep, ETA 0.0 h)
[     226s] 3200/4000 reps  (0.071 s/rep, ETA 0.0 h)
[     237s] 3400/4000 reps  (0.070 s/rep, ETA 0.0 h)
[     250s] 3600/4000 reps  (0.069 s/rep, ETA 0.0 h)
[     266s] 3800/4000 reps  (0.070 s/rep, ETA 0.0 h)
[     283s] 4000/4000 reps  (0.071 s/rep, ETA 0.0 h)
done: 4000 reps in 282.7s (0.071 s/rep)
[52082 s] reps done through 648000 of 1228158
1228158 reps loaded; swap symmetry on (weighted rep sums)
4000 reps to do (648000 already in the output)
[      16s] 200/4000 reps  (0.078 s/rep, ETA 0.1 h)
[      31s] 400/4000 reps  (0.078 s/rep, ETA 0.1 h)
[      46s] 600/4000 reps  (0.077 s/rep, ETA 0.1 h)
[      60s] 800/4000 reps  (0.075 s/rep, ETA 0.1 h)
[      73s] 1000/4000 reps  (0.073 s/rep, ETA 0.1 h)
[      88s] 1200/4000 reps  (0.073 s/rep, ETA 0.1 h)
[     102s] 1400/4000 reps  (0.073 s/rep, ETA 0.1 h)
[     117s] 1600/4000 reps  (0.073 s/rep, ETA 0.0 h)
[     131s] 1800/4000 reps  (0.073 s/rep, ETA 0.0 h)
[     145s] 2000/4000 reps  (0.073 s/rep, ETA 0.0 h)
[     159s] 2200/4000 reps  (0.072 s/rep, ETA 0.0 h)
[     172s] 2400/4000 reps  (0.072 s/rep, ETA 0.0 h)
[     184s] 2600/4000 reps  (0.071 s/rep, ETA 0.0 h)
[     200s] 2800/4000 reps  (0.071 s/rep, ETA 0.0 h)
[     217s] 3000/4000 reps  (0.072 s/rep, ETA 0.0 h)
[     233s] 3200/4000 reps  (0.073 s/rep, ETA 0.0 h)
[     247s] 3400/4000 reps  (0.073 s/rep, ETA 0.0 h)
[     263s] 3600/4000 reps  (0.073 s/rep, ETA 0.0 h)
[     278s] 3800/4000 reps  (0.073 s/rep, ETA 0.0 h)
[     292s] 4000/4000 reps  (0.073 s/rep, ETA 0.0 h)
done: 4000 reps in 291.5s (0.073 s/rep)
[52374 s] reps done through 652000 of 1228158
1228158 reps loaded; swap symmetry on (weighted rep sums)
4000 reps to do (652000 already in the output)
[      15s] 200/4000 reps  (0.077 s/rep, ETA 0.1 h)
[      31s] 400/4000 reps  (0.077 s/rep, ETA 0.1 h)
[      47s] 600/4000 reps  (0.079 s/rep, ETA 0.1 h)
[      63s] 800/4000 reps  (0.079 s/rep, ETA 0.1 h)
[      78s] 1000/4000 reps  (0.078 s/rep, ETA 0.1 h)
[      93s] 1200/4000 reps  (0.078 s/rep, ETA 0.1 h)
[     107s] 1400/4000 reps  (0.077 s/rep, ETA 0.1 h)
[     125s] 1600/4000 reps  (0.078 s/rep, ETA 0.1 h)
[     140s] 1800/4000 reps  (0.078 s/rep, ETA 0.0 h)
[     155s] 2000/4000 reps  (0.078 s/rep, ETA 0.0 h)
[     170s] 2200/4000 reps  (0.077 s/rep, ETA 0.0 h)
[     183s] 2400/4000 reps  (0.076 s/rep, ETA 0.0 h)
[     197s] 2600/4000 reps  (0.076 s/rep, ETA 0.0 h)
[     211s] 2800/4000 reps  (0.075 s/rep, ETA 0.0 h)
[     226s] 3000/4000 reps  (0.075 s/rep, ETA 0.0 h)
[     240s] 3200/4000 reps  (0.075 s/rep, ETA 0.0 h)
[     253s] 3400/4000 reps  (0.074 s/rep, ETA 0.0 h)
[     265s] 3600/4000 reps  (0.074 s/rep, ETA 0.0 h)
[     279s] 3800/4000 reps  (0.073 s/rep, ETA 0.0 h)
[     294s] 4000/4000 reps  (0.074 s/rep, ETA 0.0 h)
done: 4000 reps in 294.2s (0.074 s/rep)
[52669 s] reps done through 656000 of 1228158
1228158 reps loaded; swap symmetry on (weighted rep sums)
4000 reps to do (656000 already in the output)
[      15s] 200/4000 reps  (0.074 s/rep, ETA 0.1 h)
[      29s] 400/4000 reps  (0.073 s/rep, ETA 0.1 h)
[      42s] 600/4000 reps  (0.071 s/rep, ETA 0.1 h)
[      58s] 800/4000 reps  (0.072 s/rep, ETA 0.1 h)
[      73s] 1000/4000 reps  (0.073 s/rep, ETA 0.1 h)
[      89s] 1200/4000 reps  (0.074 s/rep, ETA 0.1 h)
[     103s] 1400/4000 reps  (0.074 s/rep, ETA 0.1 h)
[     118s] 1600/4000 reps  (0.074 s/rep, ETA 0.0 h)
[     131s] 1800/4000 reps  (0.073 s/rep, ETA 0.0 h)
[     147s] 2000/4000 reps  (0.073 s/rep, ETA 0.0 h)
[     161s] 2200/4000 reps  (0.073 s/rep, ETA 0.0 h)
[     174s] 2400/4000 reps  (0.073 s/rep, ETA 0.0 h)
[     189s] 2600/4000 reps  (0.073 s/rep, ETA 0.0 h)
[     201s] 2800/4000 reps  (0.072 s/rep, ETA 0.0 h)
[     213s] 3000/4000 reps  (0.071 s/rep, ETA 0.0 h)
[     227s] 3200/4000 reps  (0.071 s/rep, ETA 0.0 h)
[     244s] 3400/4000 reps  (0.072 s/rep, ETA 0.0 h)
[     259s] 3600/4000 reps  (0.072 s/rep, ETA 0.0 h)
[     275s] 3800/4000 reps  (0.072 s/rep, ETA 0.0 h)
[     291s] 4000/4000 reps  (0.073 s/rep, ETA 0.0 h)
done: 4000 reps in 290.8s (0.073 s/rep)
[52960 s] reps done through 660000 of 1228158
1228158 reps loaded; swap symmetry on (weighted rep sums)
4000 reps to do (660000 already in the output)
[      15s] 200/4000 reps  (0.075 s/rep, ETA 0.1 h)
[      29s] 400/4000 reps  (0.074 s/rep, ETA 0.1 h)
[      43s] 600/4000 reps  (0.072 s/rep, ETA 0.1 h)
[      59s] 800/4000 reps  (0.074 s/rep, ETA 0.1 h)
[      74s] 1000/4000 reps  (0.074 s/rep, ETA 0.1 h)
[      89s] 1200/4000 reps  (0.074 s/rep, ETA 0.1 h)
[     102s] 1400/4000 reps  (0.073 s/rep, ETA 0.1 h)
[     117s] 1600/4000 reps  (0.073 s/rep, ETA 0.0 h)
[     131s] 1800/4000 reps  (0.073 s/rep, ETA 0.0 h)
[     144s] 2000/4000 reps  (0.072 s/rep, ETA 0.0 h)
[     157s] 2200/4000 reps  (0.071 s/rep, ETA 0.0 h)
[     169s] 2400/4000 reps  (0.070 s/rep, ETA 0.0 h)
[     184s] 2600/4000 reps  (0.071 s/rep, ETA 0.0 h)
[     197s] 2800/4000 reps  (0.071 s/rep, ETA 0.0 h)
[     212s] 3000/4000 reps  (0.071 s/rep, ETA 0.0 h)
[     226s] 3200/4000 reps  (0.071 s/rep, ETA 0.0 h)
[     239s] 3400/4000 reps  (0.070 s/rep, ETA 0.0 h)
[     252s] 3600/4000 reps  (0.070 s/rep, ETA 0.0 h)
[     264s] 3800/4000 reps  (0.069 s/rep, ETA 0.0 h)
[     278s] 4000/4000 reps  (0.069 s/rep, ETA 0.0 h)
done: 4000 reps in 278.0s (0.069 s/rep)
[53239 s] reps done through 664000 of 1228158
1228158 reps loaded; swap symmetry on (weighted rep sums)
4000 reps to do (664000 already in the output)
[      14s] 200/4000 reps  (0.068 s/rep, ETA 0.1 h)
[      26s] 400/4000 reps  (0.066 s/rep, ETA 0.1 h)
[      38s] 600/4000 reps  (0.064 s/rep, ETA 0.1 h)
[      51s] 800/4000 reps  (0.064 s/rep, ETA 0.1 h)
[      63s] 1000/4000 reps  (0.063 s/rep, ETA 0.1 h)
[      74s] 1200/4000 reps  (0.062 s/rep, ETA 0.0 h)
[      85s] 1400/4000 reps  (0.061 s/rep, ETA 0.0 h)
[      95s] 1600/4000 reps  (0.059 s/rep, ETA 0.0 h)
[     109s] 1800/4000 reps  (0.060 s/rep, ETA 0.0 h)
[     124s] 2000/4000 reps  (0.062 s/rep, ETA 0.0 h)
[     137s] 2200/4000 reps  (0.062 s/rep, ETA 0.0 h)
[     151s] 2400/4000 reps  (0.063 s/rep, ETA 0.0 h)
[     164s] 2600/4000 reps  (0.063 s/rep, ETA 0.0 h)
[     175s] 2800/4000 reps  (0.062 s/rep, ETA 0.0 h)
[     187s] 3000/4000 reps  (0.062 s/rep, ETA 0.0 h)
[     200s] 3200/4000 reps  (0.062 s/rep, ETA 0.0 h)
[     213s] 3400/4000 reps  (0.063 s/rep, ETA 0.0 h)
[     225s] 3600/4000 reps  (0.062 s/rep, ETA 0.0 h)
[     236s] 3800/4000 reps  (0.062 s/rep, ETA 0.0 h)
[     248s] 4000/4000 reps  (0.062 s/rep, ETA 0.0 h)
done: 4000 reps in 248.3s (0.062 s/rep)
[53488 s] reps done through 668000 of 1228158
1228158 reps loaded; swap symmetry on (weighted rep sums)
4000 reps to do (668000 already in the output)
[      11s] 200/4000 reps  (0.054 s/rep, ETA 0.1 h)
[      19s] 400/4000 reps  (0.049 s/rep, ETA 0.0 h)
[      35s] 600/4000 reps  (0.059 s/rep, ETA 0.1 h)
[      50s] 800/4000 reps  (0.063 s/rep, ETA 0.1 h)
[      63s] 1000/4000 reps  (0.063 s/rep, ETA 0.1 h)
[      77s] 1200/4000 reps  (0.064 s/rep, ETA 0.0 h)
[      89s] 1400/4000 reps  (0.064 s/rep, ETA 0.0 h)
[     100s] 1600/4000 reps  (0.063 s/rep, ETA 0.0 h)
[     114s] 1800/4000 reps  (0.063 s/rep, ETA 0.0 h)
[     127s] 2000/4000 reps  (0.064 s/rep, ETA 0.0 h)
[     140s] 2200/4000 reps  (0.064 s/rep, ETA 0.0 h)
[     151s] 2400/4000 reps  (0.063 s/rep, ETA 0.0 h)
[     166s] 2600/4000 reps  (0.064 s/rep, ETA 0.0 h)
[     180s] 2800/4000 reps  (0.064 s/rep, ETA 0.0 h)
[     194s] 3000/4000 reps  (0.065 s/rep, ETA 0.0 h)
[     206s] 3200/4000 reps  (0.064 s/rep, ETA 0.0 h)
[     218s] 3400/4000 reps  (0.064 s/rep, ETA 0.0 h)
[     230s] 3600/4000 reps  (0.064 s/rep, ETA 0.0 h)
[     242s] 3800/4000 reps  (0.064 s/rep, ETA 0.0 h)
[     255s] 4000/4000 reps  (0.064 s/rep, ETA 0.0 h)
done: 4000 reps in 254.7s (0.064 s/rep)
[53743 s] reps done through 672000 of 1228158
1228158 reps loaded; swap symmetry on (weighted rep sums)
4000 reps to do (672000 already in the output)
[      11s] 200/4000 reps  (0.056 s/rep, ETA 0.1 h)
[      22s] 400/4000 reps  (0.056 s/rep, ETA 0.1 h)
[      32s] 600/4000 reps  (0.054 s/rep, ETA 0.1 h)
[      45s] 800/4000 reps  (0.056 s/rep, ETA 0.0 h)
[      57s] 1000/4000 reps  (0.057 s/rep, ETA 0.0 h)
[      68s] 1200/4000 reps  (0.057 s/rep, ETA 0.0 h)
[      82s] 1400/4000 reps  (0.059 s/rep, ETA 0.0 h)
[      95s] 1600/4000 reps  (0.059 s/rep, ETA 0.0 h)
[     109s] 1800/4000 reps  (0.060 s/rep, ETA 0.0 h)
[     122s] 2000/4000 reps  (0.061 s/rep, ETA 0.0 h)
[     133s] 2200/4000 reps  (0.061 s/rep, ETA 0.0 h)
[     146s] 2400/4000 reps  (0.061 s/rep, ETA 0.0 h)
[     159s] 2600/4000 reps  (0.061 s/rep, ETA 0.0 h)
[     171s] 2800/4000 reps  (0.061 s/rep, ETA 0.0 h)
[     182s] 3000/4000 reps  (0.061 s/rep, ETA 0.0 h)
[     193s] 3200/4000 reps  (0.060 s/rep, ETA 0.0 h)
[     204s] 3400/4000 reps  (0.060 s/rep, ETA 0.0 h)
[     214s] 3600/4000 reps  (0.060 s/rep, ETA 0.0 h)
[     229s] 3800/4000 reps  (0.060 s/rep, ETA 0.0 h)
[     243s] 4000/4000 reps  (0.061 s/rep, ETA 0.0 h)
done: 4000 reps in 242.6s (0.061 s/rep)
[53986 s] reps done through 676000 of 1228158
1228158 reps loaded; swap symmetry on (weighted rep sums)
4000 reps to do (676000 already in the output)
[      14s] 200/4000 reps  (0.071 s/rep, ETA 0.1 h)
[      28s] 400/4000 reps  (0.070 s/rep, ETA 0.1 h)
[      41s] 600/4000 reps  (0.069 s/rep, ETA 0.1 h)
[      54s] 800/4000 reps  (0.067 s/rep, ETA 0.1 h)
[      65s] 1000/4000 reps  (0.065 s/rep, ETA 0.1 h)
[      80s] 1200/4000 reps  (0.067 s/rep, ETA 0.1 h)
[      94s] 1400/4000 reps  (0.067 s/rep, ETA 0.0 h)
[     107s] 1600/4000 reps  (0.067 s/rep, ETA 0.0 h)
[     119s] 1800/4000 reps  (0.066 s/rep, ETA 0.0 h)
[     131s] 2000/4000 reps  (0.065 s/rep, ETA 0.0 h)
[     143s] 2200/4000 reps  (0.065 s/rep, ETA 0.0 h)
[     155s] 2400/4000 reps  (0.065 s/rep, ETA 0.0 h)
[     166s] 2600/4000 reps  (0.064 s/rep, ETA 0.0 h)
[     177s] 2800/4000 reps  (0.063 s/rep, ETA 0.0 h)
[     188s] 3000/4000 reps  (0.063 s/rep, ETA 0.0 h)
[     200s] 3200/4000 reps  (0.063 s/rep, ETA 0.0 h)
[     211s] 3400/4000 reps  (0.062 s/rep, ETA 0.0 h)
[     225s] 3600/4000 reps  (0.062 s/rep, ETA 0.0 h)
[     236s] 3800/4000 reps  (0.062 s/rep, ETA 0.0 h)
[     248s] 4000/4000 reps  (0.062 s/rep, ETA 0.0 h)
done: 4000 reps in 247.6s (0.062 s/rep)
[54235 s] reps done through 680000 of 1228158
1228158 reps loaded; swap symmetry on (weighted rep sums)
4000 reps to do (680000 already in the output)
[      11s] 200/4000 reps  (0.054 s/rep, ETA 0.1 h)
[      20s] 400/4000 reps  (0.051 s/rep, ETA 0.1 h)
[      33s] 600/4000 reps  (0.055 s/rep, ETA 0.1 h)
[      45s] 800/4000 reps  (0.056 s/rep, ETA 0.0 h)
[      56s] 1000/4000 reps  (0.056 s/rep, ETA 0.0 h)
[      66s] 1200/4000 reps  (0.055 s/rep, ETA 0.0 h)
[      76s] 1400/4000 reps  (0.055 s/rep, ETA 0.0 h)
[      87s] 1600/4000 reps  (0.054 s/rep, ETA 0.0 h)
[      96s] 1800/4000 reps  (0.053 s/rep, ETA 0.0 h)
[     106s] 2000/4000 reps  (0.053 s/rep, ETA 0.0 h)
[     114s] 2200/4000 reps  (0.052 s/rep, ETA 0.0 h)
[     126s] 2400/4000 reps  (0.052 s/rep, ETA 0.0 h)
[     140s] 2600/4000 reps  (0.054 s/rep, ETA 0.0 h)
[     152s] 2800/4000 reps  (0.054 s/rep, ETA 0.0 h)
[     163s] 3000/4000 reps  (0.054 s/rep, ETA 0.0 h)
[     176s] 3200/4000 reps  (0.055 s/rep, ETA 0.0 h)
[     188s] 3400/4000 reps  (0.055 s/rep, ETA 0.0 h)
[     199s] 3600/4000 reps  (0.055 s/rep, ETA 0.0 h)
[     214s] 3800/4000 reps  (0.056 s/rep, ETA 0.0 h)
[     227s] 4000/4000 reps  (0.057 s/rep, ETA 0.0 h)
done: 4000 reps in 227.0s (0.057 s/rep)
[54463 s] reps done through 684000 of 1228158
1228158 reps loaded; swap symmetry on (weighted rep sums)
4000 reps to do (684000 already in the output)
[      12s] 200/4000 reps  (0.061 s/rep, ETA 0.1 h)
[      24s] 400/4000 reps  (0.061 s/rep, ETA 0.1 h)
[      38s] 600/4000 reps  (0.063 s/rep, ETA 0.1 h)
[      52s] 800/4000 reps  (0.065 s/rep, ETA 0.1 h)
[      65s] 1000/4000 reps  (0.065 s/rep, ETA 0.1 h)
[      78s] 1200/4000 reps  (0.065 s/rep, ETA 0.1 h)
[      90s] 1400/4000 reps  (0.064 s/rep, ETA 0.0 h)
[     103s] 1600/4000 reps  (0.064 s/rep, ETA 0.0 h)
[     114s] 1800/4000 reps  (0.063 s/rep, ETA 0.0 h)
[     127s] 2000/4000 reps  (0.064 s/rep, ETA 0.0 h)
[     139s] 2200/4000 reps  (0.063 s/rep, ETA 0.0 h)
[     151s] 2400/4000 reps  (0.063 s/rep, ETA 0.0 h)
[     161s] 2600/4000 reps  (0.062 s/rep, ETA 0.0 h)
[     171s] 2800/4000 reps  (0.061 s/rep, ETA 0.0 h)
[     187s] 3000/4000 reps  (0.062 s/rep, ETA 0.0 h)
[     201s] 3200/4000 reps  (0.063 s/rep, ETA 0.0 h)
[     215s] 3400/4000 reps  (0.063 s/rep, ETA 0.0 h)
[     229s] 3600/4000 reps  (0.064 s/rep, ETA 0.0 h)
[     242s] 3800/4000 reps  (0.064 s/rep, ETA 0.0 h)
[     254s] 4000/4000 reps  (0.064 s/rep, ETA 0.0 h)
done: 4000 reps in 254.1s (0.064 s/rep)
[54717 s] reps done through 688000 of 1228158
1228158 reps loaded; swap symmetry on (weighted rep sums)
4000 reps to do (688000 already in the output)
[      12s] 200/4000 reps  (0.060 s/rep, ETA 0.1 h)
[      24s] 400/4000 reps  (0.061 s/rep, ETA 0.1 h)
[      35s] 600/4000 reps  (0.058 s/rep, ETA 0.1 h)
[      47s] 800/4000 reps  (0.059 s/rep, ETA 0.1 h)
[      60s] 1000/4000 reps  (0.060 s/rep, ETA 0.0 h)
[      72s] 1200/4000 reps  (0.060 s/rep, ETA 0.0 h)
[      83s] 1400/4000 reps  (0.060 s/rep, ETA 0.0 h)
[      96s] 1600/4000 reps  (0.060 s/rep, ETA 0.0 h)
[     107s] 1800/4000 reps  (0.059 s/rep, ETA 0.0 h)
[     116s] 2000/4000 reps  (0.058 s/rep, ETA 0.0 h)
[     127s] 2200/4000 reps  (0.058 s/rep, ETA 0.0 h)
[     137s] 2400/4000 reps  (0.057 s/rep, ETA 0.0 h)
[     146s] 2600/4000 reps  (0.056 s/rep, ETA 0.0 h)
[     159s] 2800/4000 reps  (0.057 s/rep, ETA 0.0 h)
[     170s] 3000/4000 reps  (0.057 s/rep, ETA 0.0 h)
[     179s] 3200/4000 reps  (0.056 s/rep, ETA 0.0 h)
[     190s] 3400/4000 reps  (0.056 s/rep, ETA 0.0 h)
[     199s] 3600/4000 reps  (0.055 s/rep, ETA 0.0 h)
[     210s] 3800/4000 reps  (0.055 s/rep, ETA 0.0 h)
[     223s] 4000/4000 reps  (0.056 s/rep, ETA 0.0 h)
done: 4000 reps in 222.9s (0.056 s/rep)
[54941 s] reps done through 692000 of 1228158
1228158 reps loaded; swap symmetry on (weighted rep sums)
4000 reps to do (692000 already in the output)
[      10s] 200/4000 reps  (0.051 s/rep, ETA 0.1 h)
[      20s] 400/4000 reps  (0.051 s/rep, ETA 0.1 h)
[      33s] 600/4000 reps  (0.056 s/rep, ETA 0.1 h)
[      45s] 800/4000 reps  (0.056 s/rep, ETA 0.1 h)
[      57s] 1000/4000 reps  (0.057 s/rep, ETA 0.0 h)
[      67s] 1200/4000 reps  (0.056 s/rep, ETA 0.0 h)
[      77s] 1400/4000 reps  (0.055 s/rep, ETA 0.0 h)
[      88s] 1600/4000 reps  (0.055 s/rep, ETA 0.0 h)
[      98s] 1800/4000 reps  (0.055 s/rep, ETA 0.0 h)
[     108s] 2000/4000 reps  (0.054 s/rep, ETA 0.0 h)
[     117s] 2200/4000 reps  (0.053 s/rep, ETA 0.0 h)
[     125s] 2400/4000 reps  (0.052 s/rep, ETA 0.0 h)
[     137s] 2600/4000 reps  (0.053 s/rep, ETA 0.0 h)
[     150s] 2800/4000 reps  (0.054 s/rep, ETA 0.0 h)
[     163s] 3000/4000 reps  (0.054 s/rep, ETA 0.0 h)
[     174s] 3200/4000 reps  (0.054 s/rep, ETA 0.0 h)
[     186s] 3400/4000 reps  (0.055 s/rep, ETA 0.0 h)
[     197s] 3600/4000 reps  (0.055 s/rep, ETA 0.0 h)
[     206s] 3800/4000 reps  (0.054 s/rep, ETA 0.0 h)
[     217s] 4000/4000 reps  (0.054 s/rep, ETA 0.0 h)
done: 4000 reps in 217.0s (0.054 s/rep)
[55159 s] reps done through 696000 of 1228158
1228158 reps loaded; swap symmetry on (weighted rep sums)
4000 reps to do (696000 already in the output)
[       9s] 200/4000 reps  (0.045 s/rep, ETA 0.0 h)
[      19s] 400/4000 reps  (0.047 s/rep, ETA 0.0 h)
[      30s] 600/4000 reps  (0.050 s/rep, ETA 0.0 h)
[      41s] 800/4000 reps  (0.051 s/rep, ETA 0.0 h)
[      50s] 1000/4000 reps  (0.050 s/rep, ETA 0.0 h)
[      60s] 1200/4000 reps  (0.050 s/rep, ETA 0.0 h)
[      69s] 1400/4000 reps  (0.050 s/rep, ETA 0.0 h)
[      78s] 1600/4000 reps  (0.049 s/rep, ETA 0.0 h)
[      86s] 1800/4000 reps  (0.048 s/rep, ETA 0.0 h)
[      95s] 2000/4000 reps  (0.047 s/rep, ETA 0.0 h)
[     101s] 2200/4000 reps  (0.046 s/rep, ETA 0.0 h)
[     118s] 2400/4000 reps  (0.049 s/rep, ETA 0.0 h)
[     136s] 2600/4000 reps  (0.052 s/rep, ETA 0.0 h)
[     154s] 2800/4000 reps  (0.055 s/rep, ETA 0.0 h)
[     171s] 3000/4000 reps  (0.057 s/rep, ETA 0.0 h)
[     188s] 3200/4000 reps  (0.059 s/rep, ETA 0.0 h)
[     204s] 3400/4000 reps  (0.060 s/rep, ETA 0.0 h)
[     220s] 3600/4000 reps  (0.061 s/rep, ETA 0.0 h)
[     235s] 3800/4000 reps  (0.062 s/rep, ETA 0.0 h)
[     249s] 4000/4000 reps  (0.062 s/rep, ETA 0.0 h)
done: 4000 reps in 248.8s (0.062 s/rep)
[55408 s] reps done through 700000 of 1228158
1228158 reps loaded; swap symmetry on (weighted rep sums)
4000 reps to do (700000 already in the output)
[      18s] 200/4000 reps  (0.090 s/rep, ETA 0.1 h)
[      37s] 400/4000 reps  (0.091 s/rep, ETA 0.1 h)
[      55s] 600/4000 reps  (0.091 s/rep, ETA 0.1 h)
[      72s] 800/4000 reps  (0.090 s/rep, ETA 0.1 h)
[      89s] 1000/4000 reps  (0.089 s/rep, ETA 0.1 h)
[     105s] 1200/4000 reps  (0.087 s/rep, ETA 0.1 h)
[     120s] 1400/4000 reps  (0.086 s/rep, ETA 0.1 h)
[     135s] 1600/4000 reps  (0.085 s/rep, ETA 0.1 h)
[     149s] 1800/4000 reps  (0.083 s/rep, ETA 0.1 h)
[     167s] 2000/4000 reps  (0.084 s/rep, ETA 0.0 h)
[     185s] 2200/4000 reps  (0.084 s/rep, ETA 0.0 h)
[     202s] 2400/4000 reps  (0.084 s/rep, ETA 0.0 h)
[     220s] 2600/4000 reps  (0.085 s/rep, ETA 0.0 h)
[     237s] 2800/4000 reps  (0.085 s/rep, ETA 0.0 h)
[     253s] 3000/4000 reps  (0.084 s/rep, ETA 0.0 h)
[     268s] 3200/4000 reps  (0.084 s/rep, ETA 0.0 h)
[     285s] 3400/4000 reps  (0.084 s/rep, ETA 0.0 h)
[     302s] 3600/4000 reps  (0.084 s/rep, ETA 0.0 h)
[     319s] 3800/4000 reps  (0.084 s/rep, ETA 0.0 h)
[     336s] 4000/4000 reps  (0.084 s/rep, ETA 0.0 h)
done: 4000 reps in 335.7s (0.084 s/rep)
[55744 s] reps done through 704000 of 1228158
1228158 reps loaded; swap symmetry on (weighted rep sums)
4000 reps to do (704000 already in the output)
[      16s] 200/4000 reps  (0.082 s/rep, ETA 0.1 h)
[      32s] 400/4000 reps  (0.079 s/rep, ETA 0.1 h)
[      48s] 600/4000 reps  (0.080 s/rep, ETA 0.1 h)
[      63s] 800/4000 reps  (0.079 s/rep, ETA 0.1 h)
[      78s] 1000/4000 reps  (0.078 s/rep, ETA 0.1 h)
[      91s] 1200/4000 reps  (0.076 s/rep, ETA 0.1 h)
[     108s] 1400/4000 reps  (0.077 s/rep, ETA 0.1 h)
[     124s] 1600/4000 reps  (0.078 s/rep, ETA 0.1 h)
[     140s] 1800/4000 reps  (0.078 s/rep, ETA 0.0 h)
[     156s] 2000/4000 reps  (0.078 s/rep, ETA 0.0 h)
[     171s] 2200/4000 reps  (0.078 s/rep, ETA 0.0 h)
[     184s] 2400/4000 reps  (0.077 s/rep, ETA 0.0 h)
[     198s] 2600/4000 reps  (0.076 s/rep, ETA 0.0 h)
[     211s] 2800/4000 reps  (0.075 s/rep, ETA 0.0 h)
[     223s] 3000/4000 reps  (0.074 s/rep, ETA 0.0 h)
[     241s] 3200/4000 reps  (0.075 s/rep, ETA 0.0 h)
[     257s] 3400/4000 reps  (0.075 s/rep, ETA 0.0 h)
[     274s] 3600/4000 reps  (0.076 s/rep, ETA 0.0 h)
[     290s] 3800/4000 reps  (0.076 s/rep, ETA 0.0 h)
[     306s] 4000/4000 reps  (0.076 s/rep, ETA 0.0 h)
done: 4000 reps in 305.6s (0.076 s/rep)
[56050 s] reps done through 708000 of 1228158
1228158 reps loaded; swap symmetry on (weighted rep sums)
4000 reps to do (708000 already in the output)
[      14s] 200/4000 reps  (0.071 s/rep, ETA 0.1 h)
[      28s] 400/4000 reps  (0.071 s/rep, ETA 0.1 h)
[      43s] 600/4000 reps  (0.071 s/rep, ETA 0.1 h)
[      56s] 800/4000 reps  (0.070 s/rep, ETA 0.1 h)
[      69s] 1000/4000 reps  (0.069 s/rep, ETA 0.1 h)
[      86s] 1200/4000 reps  (0.072 s/rep, ETA 0.1 h)
[     103s] 1400/4000 reps  (0.073 s/rep, ETA 0.1 h)
[     119s] 1600/4000 reps  (0.075 s/rep, ETA 0.0 h)
[     135s] 1800/4000 reps  (0.075 s/rep, ETA 0.0 h)
[     150s] 2000/4000 reps  (0.075 s/rep, ETA 0.0 h)
[     164s] 2200/4000 reps  (0.075 s/rep, ETA 0.0 h)
[     179s] 2400/4000 reps  (0.074 s/rep, ETA 0.0 h)
[     192s] 2600/4000 reps  (0.074 s/rep, ETA 0.0 h)
[     205s] 2800/4000 reps  (0.073 s/rep, ETA 0.0 h)
[     220s] 3000/4000 reps  (0.073 s/rep, ETA 0.0 h)
[     236s] 3200/4000 reps  (0.074 s/rep, ETA 0.0 h)
[     251s] 3400/4000 reps  (0.074 s/rep, ETA 0.0 h)
[     268s] 3600/4000 reps  (0.074 s/rep, ETA 0.0 h)
[     282s] 3800/4000 reps  (0.074 s/rep, ETA 0.0 h)
[     297s] 4000/4000 reps  (0.074 s/rep, ETA 0.0 h)
done: 4000 reps in 296.6s (0.074 s/rep)
[56348 s] reps done through 712000 of 1228158
1228158 reps loaded; swap symmetry on (weighted rep sums)
4000 reps to do (712000 already in the output)
[      14s] 200/4000 reps  (0.072 s/rep, ETA 0.1 h)
[      30s] 400/4000 reps  (0.074 s/rep, ETA 0.1 h)
[      45s] 600/4000 reps  (0.074 s/rep, ETA 0.1 h)
[      60s] 800/4000 reps  (0.075 s/rep, ETA 0.1 h)
[      76s] 1000/4000 reps  (0.076 s/rep, ETA 0.1 h)
[      92s] 1200/4000 reps  (0.076 s/rep, ETA 0.1 h)
[     106s] 1400/4000 reps  (0.076 s/rep, ETA 0.1 h)
[     120s] 1600/4000 reps  (0.075 s/rep, ETA 0.0 h)
[     135s] 1800/4000 reps  (0.075 s/rep, ETA 0.0 h)
[     148s] 2000/4000 reps  (0.074 s/rep, ETA 0.0 h)
[     162s] 2200/4000 reps  (0.074 s/rep, ETA 0.0 h)
[     174s] 2400/4000 reps  (0.073 s/rep, ETA 0.0 h)
[     188s] 2600/4000 reps  (0.072 s/rep, ETA 0.0 h)
[     203s] 2800/4000 reps  (0.073 s/rep, ETA 0.0 h)
[     218s] 3000/4000 reps  (0.073 s/rep, ETA 0.0 h)
[     232s] 3200/4000 reps  (0.073 s/rep, ETA 0.0 h)
[     247s] 3400/4000 reps  (0.073 s/rep, ETA 0.0 h)
[     260s] 3600/4000 reps  (0.072 s/rep, ETA 0.0 h)
[     272s] 3800/4000 reps  (0.072 s/rep, ETA 0.0 h)
[     284s] 4000/4000 reps  (0.071 s/rep, ETA 0.0 h)
done: 4000 reps in 283.9s (0.071 s/rep)
[56632 s] reps done through 716000 of 1228158
1228158 reps loaded; swap symmetry on (weighted rep sums)
4000 reps to do (716000 already in the output)
[      13s] 200/4000 reps  (0.064 s/rep, ETA 0.1 h)
[      24s] 400/4000 reps  (0.060 s/rep, ETA 0.1 h)
[      35s] 600/4000 reps  (0.058 s/rep, ETA 0.1 h)
[      50s] 800/4000 reps  (0.062 s/rep, ETA 0.1 h)
[      66s] 1000/4000 reps  (0.066 s/rep, ETA 0.1 h)
[      81s] 1200/4000 reps  (0.068 s/rep, ETA 0.1 h)
[      96s] 1400/4000 reps  (0.069 s/rep, ETA 0.0 h)
[     109s] 1600/4000 reps  (0.068 s/rep, ETA 0.0 h)
[     124s] 1800/4000 reps  (0.069 s/rep, ETA 0.0 h)
[     136s] 2000/4000 reps  (0.068 s/rep, ETA 0.0 h)
[     149s] 2200/4000 reps  (0.068 s/rep, ETA 0.0 h)
[     164s] 2400/4000 reps  (0.068 s/rep, ETA 0.0 h)
[     181s] 2600/4000 reps  (0.069 s/rep, ETA 0.0 h)
[     195s] 2800/4000 reps  (0.070 s/rep, ETA 0.0 h)
[     210s] 3000/4000 reps  (0.070 s/rep, ETA 0.0 h)
[     224s] 3200/4000 reps  (0.070 s/rep, ETA 0.0 h)
[     238s] 3400/4000 reps  (0.070 s/rep, ETA 0.0 h)
[     251s] 3600/4000 reps  (0.070 s/rep, ETA 0.0 h)
[     263s] 3800/4000 reps  (0.069 s/rep, ETA 0.0 h)
[     279s] 4000/4000 reps  (0.070 s/rep, ETA 0.0 h)
done: 4000 reps in 278.6s (0.070 s/rep)
[56911 s] reps done through 720000 of 1228158
1228158 reps loaded; swap symmetry on (weighted rep sums)
4000 reps to do (720000 already in the output)
[      15s] 200/4000 reps  (0.075 s/rep, ETA 0.1 h)
[      30s] 400/4000 reps  (0.075 s/rep, ETA 0.1 h)
[      44s] 600/4000 reps  (0.074 s/rep, ETA 0.1 h)
[      57s] 800/4000 reps  (0.071 s/rep, ETA 0.1 h)
[      73s] 1000/4000 reps  (0.073 s/rep, ETA 0.1 h)
[      87s] 1200/4000 reps  (0.073 s/rep, ETA 0.1 h)
[     101s] 1400/4000 reps  (0.072 s/rep, ETA 0.1 h)
[     117s] 1600/4000 reps  (0.073 s/rep, ETA 0.0 h)
[     132s] 1800/4000 reps  (0.073 s/rep, ETA 0.0 h)
[     146s] 2000/4000 reps  (0.073 s/rep, ETA 0.0 h)
[     159s] 2200/4000 reps  (0.072 s/rep, ETA 0.0 h)
[     174s] 2400/4000 reps  (0.072 s/rep, ETA 0.0 h)
[     187s] 2600/4000 reps  (0.072 s/rep, ETA 0.0 h)
[     199s] 2800/4000 reps  (0.071 s/rep, ETA 0.0 h)
[     211s] 3000/4000 reps  (0.070 s/rep, ETA 0.0 h)
[     226s] 3200/4000 reps  (0.071 s/rep, ETA 0.0 h)
[     240s] 3400/4000 reps  (0.071 s/rep, ETA 0.0 h)
[     254s] 3600/4000 reps  (0.071 s/rep, ETA 0.0 h)
[     268s] 3800/4000 reps  (0.070 s/rep, ETA 0.0 h)
[     280s] 4000/4000 reps  (0.070 s/rep, ETA 0.0 h)
done: 4000 reps in 280.4s (0.070 s/rep)
[57193 s] reps done through 724000 of 1228158
1228158 reps loaded; swap symmetry on (weighted rep sums)
4000 reps to do (724000 already in the output)
[      12s] 200/4000 reps  (0.058 s/rep, ETA 0.1 h)
[      23s] 400/4000 reps  (0.058 s/rep, ETA 0.1 h)
[      35s] 600/4000 reps  (0.058 s/rep, ETA 0.1 h)
[      45s] 800/4000 reps  (0.056 s/rep, ETA 0.0 h)
[      58s] 1000/4000 reps  (0.058 s/rep, ETA 0.0 h)
[      73s] 1200/4000 reps  (0.061 s/rep, ETA 0.0 h)
[      87s] 1400/4000 reps  (0.062 s/rep, ETA 0.0 h)
[     100s] 1600/4000 reps  (0.063 s/rep, ETA 0.0 h)
[     112s] 1800/4000 reps  (0.062 s/rep, ETA 0.0 h)
[     124s] 2000/4000 reps  (0.062 s/rep, ETA 0.0 h)
[     136s] 2200/4000 reps  (0.062 s/rep, ETA 0.0 h)
[     147s] 2400/4000 reps  (0.061 s/rep, ETA 0.0 h)
[     158s] 2600/4000 reps  (0.061 s/rep, ETA 0.0 h)
[     174s] 2800/4000 reps  (0.062 s/rep, ETA 0.0 h)
[     188s] 3000/4000 reps  (0.063 s/rep, ETA 0.0 h)
[     201s] 3200/4000 reps  (0.063 s/rep, ETA 0.0 h)
[     214s] 3400/4000 reps  (0.063 s/rep, ETA 0.0 h)
[     225s] 3600/4000 reps  (0.063 s/rep, ETA 0.0 h)
[     238s] 3800/4000 reps  (0.063 s/rep, ETA 0.0 h)
[     249s] 4000/4000 reps  (0.062 s/rep, ETA 0.0 h)
done: 4000 reps in 249.5s (0.062 s/rep)
[57443 s] reps done through 728000 of 1228158
1228158 reps loaded; swap symmetry on (weighted rep sums)
4000 reps to do (728000 already in the output)
[      10s] 200/4000 reps  (0.050 s/rep, ETA 0.1 h)
[      24s] 400/4000 reps  (0.059 s/rep, ETA 0.1 h)
[      37s] 600/4000 reps  (0.062 s/rep, ETA 0.1 h)
[      50s] 800/4000 reps  (0.062 s/rep, ETA 0.1 h)
[      62s] 1000/4000 reps  (0.062 s/rep, ETA 0.1 h)
[      75s] 1200/4000 reps  (0.063 s/rep, ETA 0.0 h)
[      89s] 1400/4000 reps  (0.063 s/rep, ETA 0.0 h)
[     101s] 1600/4000 reps  (0.063 s/rep, ETA 0.0 h)
[     115s] 1800/4000 reps  (0.064 s/rep, ETA 0.0 h)
[     129s] 2000/4000 reps  (0.065 s/rep, ETA 0.0 h)
[     142s] 2200/4000 reps  (0.065 s/rep, ETA 0.0 h)
[     155s] 2400/4000 reps  (0.065 s/rep, ETA 0.0 h)
[     166s] 2600/4000 reps  (0.064 s/rep, ETA 0.0 h)
[     179s] 2800/4000 reps  (0.064 s/rep, ETA 0.0 h)
[     191s] 3000/4000 reps  (0.064 s/rep, ETA 0.0 h)
[     203s] 3200/4000 reps  (0.063 s/rep, ETA 0.0 h)
[     213s] 3400/4000 reps  (0.063 s/rep, ETA 0.0 h)
[     224s] 3600/4000 reps  (0.062 s/rep, ETA 0.0 h)
[     237s] 3800/4000 reps  (0.062 s/rep, ETA 0.0 h)
[     250s] 4000/4000 reps  (0.062 s/rep, ETA 0.0 h)
done: 4000 reps in 249.9s (0.062 s/rep)
[57693 s] reps done through 732000 of 1228158
1228158 reps loaded; swap symmetry on (weighted rep sums)
4000 reps to do (732000 already in the output)
[      13s] 200/4000 reps  (0.063 s/rep, ETA 0.1 h)
[      25s] 400/4000 reps  (0.062 s/rep, ETA 0.1 h)
[      36s] 600/4000 reps  (0.060 s/rep, ETA 0.1 h)
[      47s] 800/4000 reps  (0.059 s/rep, ETA 0.1 h)
[      56s] 1000/4000 reps  (0.056 s/rep, ETA 0.0 h)
[      67s] 1200/4000 reps  (0.056 s/rep, ETA 0.0 h)
[      77s] 1400/4000 reps  (0.055 s/rep, ETA 0.0 h)
[      85s] 1600/4000 reps  (0.053 s/rep, ETA 0.0 h)
[     100s] 1800/4000 reps  (0.056 s/rep, ETA 0.0 h)
[     115s] 2000/4000 reps  (0.058 s/rep, ETA 0.0 h)
[     130s] 2200/4000 reps  (0.059 s/rep, ETA 0.0 h)
[     143s] 2400/4000 reps  (0.060 s/rep, ETA 0.0 h)
[     160s] 2600/4000 reps  (0.061 s/rep, ETA 0.0 h)
[     175s] 2800/4000 reps  (0.062 s/rep, ETA 0.0 h)
[     189s] 3000/4000 reps  (0.063 s/rep, ETA 0.0 h)
[     203s] 3200/4000 reps  (0.063 s/rep, ETA 0.0 h)
[     218s] 3400/4000 reps  (0.064 s/rep, ETA 0.0 h)
[     231s] 3600/4000 reps  (0.064 s/rep, ETA 0.0 h)
[     244s] 3800/4000 reps  (0.064 s/rep, ETA 0.0 h)
[     256s] 4000/4000 reps  (0.064 s/rep, ETA 0.0 h)
done: 4000 reps in 256.3s (0.064 s/rep)
[57950 s] reps done through 736000 of 1228158
1228158 reps loaded; swap symmetry on (weighted rep sums)
4000 reps to do (736000 already in the output)
[      14s] 200/4000 reps  (0.070 s/rep, ETA 0.1 h)
[      29s] 400/4000 reps  (0.072 s/rep, ETA 0.1 h)
[      44s] 600/4000 reps  (0.074 s/rep, ETA 0.1 h)
[      58s] 800/4000 reps  (0.072 s/rep, ETA 0.1 h)
[      73s] 1000/4000 reps  (0.073 s/rep, ETA 0.1 h)
[      88s] 1200/4000 reps  (0.074 s/rep, ETA 0.1 h)
[     103s] 1400/4000 reps  (0.074 s/rep, ETA 0.1 h)
[     116s] 1600/4000 reps  (0.072 s/rep, ETA 0.0 h)
[     131s] 1800/4000 reps  (0.073 s/rep, ETA 0.0 h)
[     145s] 2000/4000 reps  (0.072 s/rep, ETA 0.0 h)
[     158s] 2200/4000 reps  (0.072 s/rep, ETA 0.0 h)
[     170s] 2400/4000 reps  (0.071 s/rep, ETA 0.0 h)
[     184s] 2600/4000 reps  (0.071 s/rep, ETA 0.0 h)
[     200s] 2800/4000 reps  (0.071 s/rep, ETA 0.0 h)
[     215s] 3000/4000 reps  (0.072 s/rep, ETA 0.0 h)
[     228s] 3200/4000 reps  (0.071 s/rep, ETA 0.0 h)
[     243s] 3400/4000 reps  (0.072 s/rep, ETA 0.0 h)
[     260s] 3600/4000 reps  (0.072 s/rep, ETA 0.0 h)
[     277s] 3800/4000 reps  (0.073 s/rep, ETA 0.0 h)
[     292s] 4000/4000 reps  (0.073 s/rep, ETA 0.0 h)
done: 4000 reps in 291.9s (0.073 s/rep)
[58243 s] reps done through 740000 of 1228158
1228158 reps loaded; swap symmetry on (weighted rep sums)
4000 reps to do (740000 already in the output)
[      16s] 200/4000 reps  (0.081 s/rep, ETA 0.1 h)
[      31s] 400/4000 reps  (0.078 s/rep, ETA 0.1 h)
[      46s] 600/4000 reps  (0.077 s/rep, ETA 0.1 h)
[      60s] 800/4000 reps  (0.075 s/rep, ETA 0.1 h)
[      76s] 1000/4000 reps  (0.076 s/rep, ETA 0.1 h)
[      91s] 1200/4000 reps  (0.076 s/rep, ETA 0.1 h)
[     106s] 1400/4000 reps  (0.076 s/rep, ETA 0.1 h)
[     120s] 1600/4000 reps  (0.075 s/rep, ETA 0.0 h)
[     134s] 1800/4000 reps  (0.074 s/rep, ETA 0.0 h)
[     148s] 2000/4000 reps  (0.074 s/rep, ETA 0.0 h)
[     161s] 2200/4000 reps  (0.073 s/rep, ETA 0.0 h)
[     173s] 2400/4000 reps  (0.072 s/rep, ETA 0.0 h)
[     185s] 2600/4000 reps  (0.071 s/rep, ETA 0.0 h)
[     202s] 2800/4000 reps  (0.072 s/rep, ETA 0.0 h)
[     218s] 3000/4000 reps  (0.073 s/rep, ETA 0.0 h)
[     233s] 3200/4000 reps  (0.073 s/rep, ETA 0.0 h)
[     249s] 3400/4000 reps  (0.073 s/rep, ETA 0.0 h)
[     264s] 3600/4000 reps  (0.073 s/rep, ETA 0.0 h)
[     278s] 3800/4000 reps  (0.073 s/rep, ETA 0.0 h)
[     292s] 4000/4000 reps  (0.073 s/rep, ETA 0.0 h)
done: 4000 reps in 292.2s (0.073 s/rep)
[58535 s] reps done through 744000 of 1228158
1228158 reps loaded; swap symmetry on (weighted rep sums)
4000 reps to do (744000 already in the output)
[      16s] 200/4000 reps  (0.080 s/rep, ETA 0.1 h)
[      31s] 400/4000 reps  (0.077 s/rep, ETA 0.1 h)
[      44s] 600/4000 reps  (0.074 s/rep, ETA 0.1 h)
[      58s] 800/4000 reps  (0.073 s/rep, ETA 0.1 h)
[      72s] 1000/4000 reps  (0.072 s/rep, ETA 0.1 h)
[      85s] 1200/4000 reps  (0.071 s/rep, ETA 0.1 h)
[      96s] 1400/4000 reps  (0.069 s/rep, ETA 0.0 h)
[     111s] 1600/4000 reps  (0.069 s/rep, ETA 0.0 h)
[     125s] 1800/4000 reps  (0.070 s/rep, ETA 0.0 h)
[     139s] 2000/4000 reps  (0.070 s/rep, ETA 0.0 h)
[     153s] 2200/4000 reps  (0.069 s/rep, ETA 0.0 h)
[     167s] 2400/4000 reps  (0.070 s/rep, ETA 0.0 h)
[     180s] 2600/4000 reps  (0.069 s/rep, ETA 0.0 h)
[     193s] 2800/4000 reps  (0.069 s/rep, ETA 0.0 h)
[     204s] 3000/4000 reps  (0.068 s/rep, ETA 0.0 h)
[     219s] 3200/4000 reps  (0.068 s/rep, ETA 0.0 h)
[     232s] 3400/4000 reps  (0.068 s/rep, ETA 0.0 h)
[     245s] 3600/4000 reps  (0.068 s/rep, ETA 0.0 h)
[     257s] 3800/4000 reps  (0.068 s/rep, ETA 0.0 h)
[     270s] 4000/4000 reps  (0.067 s/rep, ETA 0.0 h)
done: 4000 reps in 269.5s (0.067 s/rep)
[58806 s] reps done through 748000 of 1228158
1228158 reps loaded; swap symmetry on (weighted rep sums)
4000 reps to do (748000 already in the output)
[      12s] 200/4000 reps  (0.059 s/rep, ETA 0.1 h)
[      23s] 400/4000 reps  (0.057 s/rep, ETA 0.1 h)
[      33s] 600/4000 reps  (0.055 s/rep, ETA 0.1 h)
[      44s] 800/4000 reps  (0.055 s/rep, ETA 0.0 h)
[      57s] 1000/4000 reps  (0.057 s/rep, ETA 0.0 h)
[      70s] 1200/4000 reps  (0.058 s/rep, ETA 0.0 h)
[      82s] 1400/4000 reps  (0.059 s/rep, ETA 0.0 h)
[      94s] 1600/4000 reps  (0.059 s/rep, ETA 0.0 h)
[     108s] 1800/4000 reps  (0.060 s/rep, ETA 0.0 h)
[     120s] 2000/4000 reps  (0.060 s/rep, ETA 0.0 h)
[     133s] 2200/4000 reps  (0.060 s/rep, ETA 0.0 h)
[     145s] 2400/4000 reps  (0.060 s/rep, ETA 0.0 h)
[     156s] 2600/4000 reps  (0.060 s/rep, ETA 0.0 h)
[     168s] 2800/4000 reps  (0.060 s/rep, ETA 0.0 h)
[     178s] 3000/4000 reps  (0.059 s/rep, ETA 0.0 h)
[     190s] 3200/4000 reps  (0.059 s/rep, ETA 0.0 h)
[     203s] 3400/4000 reps  (0.060 s/rep, ETA 0.0 h)
[     215s] 3600/4000 reps  (0.060 s/rep, ETA 0.0 h)
[     228s] 3800/4000 reps  (0.060 s/rep, ETA 0.0 h)
[     241s] 4000/4000 reps  (0.060 s/rep, ETA 0.0 h)
done: 4000 reps in 240.6s (0.060 s/rep)
[59047 s] reps done through 752000 of 1228158
1228158 reps loaded; swap symmetry on (weighted rep sums)
4000 reps to do (752000 already in the output)
[      12s] 200/4000 reps  (0.060 s/rep, ETA 0.1 h)
[      25s] 400/4000 reps  (0.062 s/rep, ETA 0.1 h)
[      37s] 600/4000 reps  (0.062 s/rep, ETA 0.1 h)
[      48s] 800/4000 reps  (0.061 s/rep, ETA 0.1 h)
[      59s] 1000/4000 reps  (0.059 s/rep, ETA 0.0 h)
[      69s] 1200/4000 reps  (0.057 s/rep, ETA 0.0 h)
[      82s] 1400/4000 reps  (0.059 s/rep, ETA 0.0 h)
[      95s] 1600/4000 reps  (0.059 s/rep, ETA 0.0 h)
[     106s] 1800/4000 reps  (0.059 s/rep, ETA 0.0 h)
[     121s] 2000/4000 reps  (0.061 s/rep, ETA 0.0 h)
[     136s] 2200/4000 reps  (0.062 s/rep, ETA 0.0 h)
[     150s] 2400/4000 reps  (0.063 s/rep, ETA 0.0 h)
[     164s] 2600/4000 reps  (0.063 s/rep, ETA 0.0 h)
[     178s] 2800/4000 reps  (0.064 s/rep, ETA 0.0 h)
[     191s] 3000/4000 reps  (0.064 s/rep, ETA 0.0 h)
[     205s] 3200/4000 reps  (0.064 s/rep, ETA 0.0 h)
[     217s] 3400/4000 reps  (0.064 s/rep, ETA 0.0 h)
[     230s] 3600/4000 reps  (0.064 s/rep, ETA 0.0 h)
[     244s] 3800/4000 reps  (0.064 s/rep, ETA 0.0 h)
[     257s] 4000/4000 reps  (0.064 s/rep, ETA 0.0 h)
done: 4000 reps in 257.2s (0.064 s/rep)
[59305 s] reps done through 756000 of 1228158
1228158 reps loaded; swap symmetry on (weighted rep sums)
4000 reps to do (756000 already in the output)
[      13s] 200/4000 reps  (0.063 s/rep, ETA 0.1 h)
[      24s] 400/4000 reps  (0.060 s/rep, ETA 0.1 h)
[      37s] 600/4000 reps  (0.061 s/rep, ETA 0.1 h)
[      48s] 800/4000 reps  (0.060 s/rep, ETA 0.1 h)
[      60s] 1000/4000 reps  (0.060 s/rep, ETA 0.0 h)
[      70s] 1200/4000 reps  (0.058 s/rep, ETA 0.0 h)
[      82s] 1400/4000 reps  (0.058 s/rep, ETA 0.0 h)
[      97s] 1600/4000 reps  (0.061 s/rep, ETA 0.0 h)
[     111s] 1800/4000 reps  (0.062 s/rep, ETA 0.0 h)
[     125s] 2000/4000 reps  (0.062 s/rep, ETA 0.0 h)
[     139s] 2200/4000 reps  (0.063 s/rep, ETA 0.0 h)
[     153s] 2400/4000 reps  (0.064 s/rep, ETA 0.0 h)
[     166s] 2600/4000 reps  (0.064 s/rep, ETA 0.0 h)
[     178s] 2800/4000 reps  (0.064 s/rep, ETA 0.0 h)
[     191s] 3000/4000 reps  (0.064 s/rep, ETA 0.0 h)
[     205s] 3200/4000 reps  (0.064 s/rep, ETA 0.0 h)
[     218s] 3400/4000 reps  (0.064 s/rep, ETA 0.0 h)
[     231s] 3600/4000 reps  (0.064 s/rep, ETA 0.0 h)
[     242s] 3800/4000 reps  (0.064 s/rep, ETA 0.0 h)
[     255s] 4000/4000 reps  (0.064 s/rep, ETA 0.0 h)
done: 4000 reps in 254.7s (0.064 s/rep)
[59560 s] reps done through 760000 of 1228158
1228158 reps loaded; swap symmetry on (weighted rep sums)
4000 reps to do (760000 already in the output)
[      12s] 200/4000 reps  (0.059 s/rep, ETA 0.1 h)
[      23s] 400/4000 reps  (0.058 s/rep, ETA 0.1 h)
[      33s] 600/4000 reps  (0.055 s/rep, ETA 0.1 h)
[      44s] 800/4000 reps  (0.055 s/rep, ETA 0.0 h)
[      57s] 1000/4000 reps  (0.057 s/rep, ETA 0.0 h)
[      70s] 1200/4000 reps  (0.059 s/rep, ETA 0.0 h)
[      82s] 1400/4000 reps  (0.059 s/rep, ETA 0.0 h)
[      94s] 1600/4000 reps  (0.059 s/rep, ETA 0.0 h)
[     106s] 1800/4000 reps  (0.059 s/rep, ETA 0.0 h)
[     118s] 2000/4000 reps  (0.059 s/rep, ETA 0.0 h)
[     129s] 2200/4000 reps  (0.058 s/rep, ETA 0.0 h)
[     138s] 2400/4000 reps  (0.058 s/rep, ETA 0.0 h)
[     151s] 2600/4000 reps  (0.058 s/rep, ETA 0.0 h)
[     163s] 2800/4000 reps  (0.058 s/rep, ETA 0.0 h)
[     174s] 3000/4000 reps  (0.058 s/rep, ETA 0.0 h)
[     185s] 3200/4000 reps  (0.058 s/rep, ETA 0.0 h)
[     194s] 3400/4000 reps  (0.057 s/rep, ETA 0.0 h)
[     205s] 3600/4000 reps  (0.057 s/rep, ETA 0.0 h)
[     215s] 3800/4000 reps  (0.057 s/rep, ETA 0.0 h)
[     224s] 4000/4000 reps  (0.056 s/rep, ETA 0.0 h)
done: 4000 reps in 224.3s (0.056 s/rep)
[59785 s] reps done through 764000 of 1228158
1228158 reps loaded; swap symmetry on (weighted rep sums)
4000 reps to do (764000 already in the output)
[       8s] 200/4000 reps  (0.041 s/rep, ETA 0.0 h)
[      18s] 400/4000 reps  (0.045 s/rep, ETA 0.0 h)
[      30s] 600/4000 reps  (0.050 s/rep, ETA 0.0 h)
[      42s] 800/4000 reps  (0.052 s/rep, ETA 0.0 h)
[      54s] 1000/4000 reps  (0.054 s/rep, ETA 0.0 h)
[      66s] 1200/4000 reps  (0.055 s/rep, ETA 0.0 h)
[      79s] 1400/4000 reps  (0.056 s/rep, ETA 0.0 h)
[      90s] 1600/4000 reps  (0.056 s/rep, ETA 0.0 h)
[     101s] 1800/4000 reps  (0.056 s/rep, ETA 0.0 h)
[     111s] 2000/4000 reps  (0.055 s/rep, ETA 0.0 h)
[     123s] 2200/4000 reps  (0.056 s/rep, ETA 0.0 h)
[     134s] 2400/4000 reps  (0.056 s/rep, ETA 0.0 h)
[     147s] 2600/4000 reps  (0.056 s/rep, ETA 0.0 h)
[     158s] 2800/4000 reps  (0.056 s/rep, ETA 0.0 h)
[     171s] 3000/4000 reps  (0.057 s/rep, ETA 0.0 h)
[     182s] 3200/4000 reps  (0.057 s/rep, ETA 0.0 h)
[     194s] 3400/4000 reps  (0.057 s/rep, ETA 0.0 h)
[     204s] 3600/4000 reps  (0.057 s/rep, ETA 0.0 h)
[     215s] 3800/4000 reps  (0.056 s/rep, ETA 0.0 h)
[     227s] 4000/4000 reps  (0.057 s/rep, ETA 0.0 h)
done: 4000 reps in 226.5s (0.057 s/rep)
[60012 s] reps done through 768000 of 1228158
1228158 reps loaded; swap symmetry on (weighted rep sums)
4000 reps to do (768000 already in the output)
[      14s] 200/4000 reps  (0.068 s/rep, ETA 0.1 h)
[      28s] 400/4000 reps  (0.070 s/rep, ETA 0.1 h)
[      42s] 600/4000 reps  (0.071 s/rep, ETA 0.1 h)
[      55s] 800/4000 reps  (0.069 s/rep, ETA 0.1 h)
[      70s] 1000/4000 reps  (0.070 s/rep, ETA 0.1 h)
[      83s] 1200/4000 reps  (0.069 s/rep, ETA 0.1 h)
[      96s] 1400/4000 reps  (0.069 s/rep, ETA 0.0 h)
[     108s] 1600/4000 reps  (0.068 s/rep, ETA 0.0 h)
[     121s] 1800/4000 reps  (0.067 s/rep, ETA 0.0 h)
[     135s] 2000/4000 reps  (0.068 s/rep, ETA 0.0 h)
[     148s] 2200/4000 reps  (0.067 s/rep, ETA 0.0 h)
[     161s] 2400/4000 reps  (0.067 s/rep, ETA 0.0 h)
[     172s] 2600/4000 reps  (0.066 s/rep, ETA 0.0 h)
[     185s] 2800/4000 reps  (0.066 s/rep, ETA 0.0 h)
[     196s] 3000/4000 reps  (0.065 s/rep, ETA 0.0 h)
[     207s] 3200/4000 reps  (0.065 s/rep, ETA 0.0 h)
[     217s] 3400/4000 reps  (0.064 s/rep, ETA 0.0 h)
[     229s] 3600/4000 reps  (0.064 s/rep, ETA 0.0 h)
[     244s] 3800/4000 reps  (0.064 s/rep, ETA 0.0 h)
[     258s] 4000/4000 reps  (0.064 s/rep, ETA 0.0 h)
done: 4000 reps in 257.6s (0.064 s/rep)
[60270 s] reps done through 772000 of 1228158
1228158 reps loaded; swap symmetry on (weighted rep sums)
4000 reps to do (772000 already in the output)
[      13s] 200/4000 reps  (0.067 s/rep, ETA 0.1 h)
[      27s] 400/4000 reps  (0.068 s/rep, ETA 0.1 h)
[      40s] 600/4000 reps  (0.066 s/rep, ETA 0.1 h)
[      52s] 800/4000 reps  (0.065 s/rep, ETA 0.1 h)
[      64s] 1000/4000 reps  (0.064 s/rep, ETA 0.1 h)
[      78s] 1200/4000 reps  (0.065 s/rep, ETA 0.1 h)
[      91s] 1400/4000 reps  (0.065 s/rep, ETA 0.0 h)
[     103s] 1600/4000 reps  (0.064 s/rep, ETA 0.0 h)
[     115s] 1800/4000 reps  (0.064 s/rep, ETA 0.0 h)
[     127s] 2000/4000 reps  (0.063 s/rep, ETA 0.0 h)
[     138s] 2200/4000 reps  (0.063 s/rep, ETA 0.0 h)
[     147s] 2400/4000 reps  (0.061 s/rep, ETA 0.0 h)
[     158s] 2600/4000 reps  (0.061 s/rep, ETA 0.0 h)
[     171s] 2800/4000 reps  (0.061 s/rep, ETA 0.0 h)
[     184s] 3000/4000 reps  (0.061 s/rep, ETA 0.0 h)
[     195s] 3200/4000 reps  (0.061 s/rep, ETA 0.0 h)
[     208s] 3400/4000 reps  (0.061 s/rep, ETA 0.0 h)
[     220s] 3600/4000 reps  (0.061 s/rep, ETA 0.0 h)
[     231s] 3800/4000 reps  (0.061 s/rep, ETA 0.0 h)
[     241s] 4000/4000 reps  (0.060 s/rep, ETA 0.0 h)
done: 4000 reps in 241.2s (0.060 s/rep)
[60512 s] reps done through 776000 of 1228158
1228158 reps loaded; swap symmetry on (weighted rep sums)
4000 reps to do (776000 already in the output)
[      10s] 200/4000 reps  (0.050 s/rep, ETA 0.1 h)
[      23s] 400/4000 reps  (0.056 s/rep, ETA 0.1 h)
[      33s] 600/4000 reps  (0.056 s/rep, ETA 0.1 h)
[      45s] 800/4000 reps  (0.056 s/rep, ETA 0.0 h)
[      54s] 1000/4000 reps  (0.054 s/rep, ETA 0.0 h)
[      65s] 1200/4000 reps  (0.054 s/rep, ETA 0.0 h)
[      75s] 1400/4000 reps  (0.054 s/rep, ETA 0.0 h)
[      84s] 1600/4000 reps  (0.053 s/rep, ETA 0.0 h)
[      93s] 1800/4000 reps  (0.052 s/rep, ETA 0.0 h)
[     100s] 2000/4000 reps  (0.050 s/rep, ETA 0.0 h)
[     110s] 2200/4000 reps  (0.050 s/rep, ETA 0.0 h)
[     120s] 2400/4000 reps  (0.050 s/rep, ETA 0.0 h)
[     132s] 2600/4000 reps  (0.051 s/rep, ETA 0.0 h)
[     142s] 2800/4000 reps  (0.051 s/rep, ETA 0.0 h)
[     151s] 3000/4000 reps  (0.050 s/rep, ETA 0.0 h)
[     160s] 3200/4000 reps  (0.050 s/rep, ETA 0.0 h)
[     168s] 3400/4000 reps  (0.049 s/rep, ETA 0.0 h)
[     178s] 3600/4000 reps  (0.049 s/rep, ETA 0.0 h)
[     189s] 3800/4000 reps  (0.050 s/rep, ETA 0.0 h)
[     199s] 4000/4000 reps  (0.050 s/rep, ETA 0.0 h)
done: 4000 reps in 199.3s (0.050 s/rep)
[60712 s] reps done through 780000 of 1228158
1228158 reps loaded; swap symmetry on (weighted rep sums)
4000 reps to do (780000 already in the output)
[      10s] 200/4000 reps  (0.048 s/rep, ETA 0.1 h)
[      18s] 400/4000 reps  (0.046 s/rep, ETA 0.0 h)
[      26s] 600/4000 reps  (0.043 s/rep, ETA 0.0 h)
[      37s] 800/4000 reps  (0.046 s/rep, ETA 0.0 h)
[      51s] 1000/4000 reps  (0.051 s/rep, ETA 0.0 h)
[      64s] 1200/4000 reps  (0.054 s/rep, ETA 0.0 h)
[      77s] 1400/4000 reps  (0.055 s/rep, ETA 0.0 h)
[      89s] 1600/4000 reps  (0.056 s/rep, ETA 0.0 h)
[     101s] 1800/4000 reps  (0.056 s/rep, ETA 0.0 h)
[     113s] 2000/4000 reps  (0.056 s/rep, ETA 0.0 h)
[     124s] 2200/4000 reps  (0.056 s/rep, ETA 0.0 h)
[     133s] 2400/4000 reps  (0.055 s/rep, ETA 0.0 h)
[     146s] 2600/4000 reps  (0.056 s/rep, ETA 0.0 h)
[     158s] 2800/4000 reps  (0.056 s/rep, ETA 0.0 h)
[     170s] 3000/4000 reps  (0.057 s/rep, ETA 0.0 h)
[     180s] 3200/4000 reps  (0.056 s/rep, ETA 0.0 h)
[     190s] 3400/4000 reps  (0.056 s/rep, ETA 0.0 h)
[     201s] 3600/4000 reps  (0.056 s/rep, ETA 0.0 h)
[     210s] 3800/4000 reps  (0.055 s/rep, ETA 0.0 h)
[     220s] 4000/4000 reps  (0.055 s/rep, ETA 0.0 h)
done: 4000 reps in 220.2s (0.055 s/rep)
[60933 s] reps done through 784000 of 1228158
1228158 reps loaded; swap symmetry on (weighted rep sums)
4000 reps to do (784000 already in the output)
[       8s] 200/4000 reps  (0.041 s/rep, ETA 0.0 h)
[      19s] 400/4000 reps  (0.047 s/rep, ETA 0.0 h)
[      32s] 600/4000 reps  (0.053 s/rep, ETA 0.1 h)
[      45s] 800/4000 reps  (0.056 s/rep, ETA 0.0 h)
[      56s] 1000/4000 reps  (0.056 s/rep, ETA 0.0 h)
[      69s] 1200/4000 reps  (0.057 s/rep, ETA 0.0 h)
[      80s] 1400/4000 reps  (0.057 s/rep, ETA 0.0 h)
[      92s] 1600/4000 reps  (0.058 s/rep, ETA 0.0 h)
[     102s] 1800/4000 reps  (0.057 s/rep, ETA 0.0 h)
[     114s] 2000/4000 reps  (0.057 s/rep, ETA 0.0 h)
[     126s] 2200/4000 reps  (0.057 s/rep, ETA 0.0 h)
[     138s] 2400/4000 reps  (0.057 s/rep, ETA 0.0 h)
[     149s] 2600/4000 reps  (0.057 s/rep, ETA 0.0 h)
[     159s] 2800/4000 reps  (0.057 s/rep, ETA 0.0 h)
[     170s] 3000/4000 reps  (0.057 s/rep, ETA 0.0 h)
[     179s] 3200/4000 reps  (0.056 s/rep, ETA 0.0 h)
[     188s] 3400/4000 reps  (0.055 s/rep, ETA 0.0 h)
[     197s] 3600/4000 reps  (0.055 s/rep, ETA 0.0 h)
[     208s] 3800/4000 reps  (0.055 s/rep, ETA 0.0 h)
[     219s] 4000/4000 reps  (0.055 s/rep, ETA 0.0 h)
done: 4000 reps in 219.0s (0.055 s/rep)
[61153 s] reps done through 788000 of 1228158
1228158 reps loaded; swap symmetry on (weighted rep sums)
4000 reps to do (788000 already in the output)
[      11s] 200/4000 reps  (0.055 s/rep, ETA 0.1 h)
[      21s] 400/4000 reps  (0.051 s/rep, ETA 0.1 h)
[      32s] 600/4000 reps  (0.053 s/rep, ETA 0.0 h)
[      42s] 800/4000 reps  (0.052 s/rep, ETA 0.0 h)
[      51s] 1000/4000 reps  (0.051 s/rep, ETA 0.0 h)
[      60s] 1200/4000 reps  (0.050 s/rep, ETA 0.0 h)
[      68s] 1400/4000 reps  (0.049 s/rep, ETA 0.0 h)
[      79s] 1600/4000 reps  (0.049 s/rep, ETA 0.0 h)
[      89s] 1800/4000 reps  (0.050 s/rep, ETA 0.0 h)
[      99s] 2000/4000 reps  (0.050 s/rep, ETA 0.0 h)
[     107s] 2200/4000 reps  (0.049 s/rep, ETA 0.0 h)
[     116s] 2400/4000 reps  (0.048 s/rep, ETA 0.0 h)
[     124s] 2600/4000 reps  (0.048 s/rep, ETA 0.0 h)
[     132s] 2800/4000 reps  (0.047 s/rep, ETA 0.0 h)
[     140s] 3000/4000 reps  (0.047 s/rep, ETA 0.0 h)
[     146s] 3200/4000 reps  (0.046 s/rep, ETA 0.0 h)
[     155s] 3400/4000 reps  (0.046 s/rep, ETA 0.0 h)
[     167s] 3600/4000 reps  (0.046 s/rep, ETA 0.0 h)
[     178s] 3800/4000 reps  (0.047 s/rep, ETA 0.0 h)
[     189s] 4000/4000 reps  (0.047 s/rep, ETA 0.0 h)
done: 4000 reps in 188.8s (0.047 s/rep)
[61342 s] reps done through 792000 of 1228158
1228158 reps loaded; swap symmetry on (weighted rep sums)
4000 reps to do (792000 already in the output)
[      11s] 200/4000 reps  (0.057 s/rep, ETA 0.1 h)
[      21s] 400/4000 reps  (0.052 s/rep, ETA 0.1 h)
[      37s] 600/4000 reps  (0.062 s/rep, ETA 0.1 h)
[      52s] 800/4000 reps  (0.066 s/rep, ETA 0.1 h)
[      67s] 1000/4000 reps  (0.067 s/rep, ETA 0.1 h)
[      82s] 1200/4000 reps  (0.068 s/rep, ETA 0.1 h)
[      96s] 1400/4000 reps  (0.068 s/rep, ETA 0.0 h)
[     110s] 1600/4000 reps  (0.069 s/rep, ETA 0.0 h)
[     125s] 1800/4000 reps  (0.069 s/rep, ETA 0.0 h)
[     138s] 2000/4000 reps  (0.069 s/rep, ETA 0.0 h)
[     151s] 2200/4000 reps  (0.069 s/rep, ETA 0.0 h)
[     164s] 2400/4000 reps  (0.068 s/rep, ETA 0.0 h)
[     177s] 2600/4000 reps  (0.068 s/rep, ETA 0.0 h)
[     188s] 2800/4000 reps  (0.067 s/rep, ETA 0.0 h)
[     202s] 3000/4000 reps  (0.067 s/rep, ETA 0.0 h)
[     215s] 3200/4000 reps  (0.067 s/rep, ETA 0.0 h)
[     228s] 3400/4000 reps  (0.067 s/rep, ETA 0.0 h)
[     242s] 3600/4000 reps  (0.067 s/rep, ETA 0.0 h)
[     256s] 3800/4000 reps  (0.067 s/rep, ETA 0.0 h)
[     268s] 4000/4000 reps  (0.067 s/rep, ETA 0.0 h)
done: 4000 reps in 268.1s (0.067 s/rep)
[61611 s] reps done through 796000 of 1228158
1228158 reps loaded; swap symmetry on (weighted rep sums)
4000 reps to do (796000 already in the output)
[      11s] 200/4000 reps  (0.057 s/rep, ETA 0.1 h)
[      24s] 400/4000 reps  (0.060 s/rep, ETA 0.1 h)
[      35s] 600/4000 reps  (0.058 s/rep, ETA 0.1 h)
[      46s] 800/4000 reps  (0.058 s/rep, ETA 0.1 h)
[      56s] 1000/4000 reps  (0.056 s/rep, ETA 0.0 h)
[      69s] 1200/4000 reps  (0.058 s/rep, ETA 0.0 h)
[      82s] 1400/4000 reps  (0.059 s/rep, ETA 0.0 h)
[      94s] 1600/4000 reps  (0.059 s/rep, ETA 0.0 h)
[     107s] 1800/4000 reps  (0.060 s/rep, ETA 0.0 h)
[     120s] 2000/4000 reps  (0.060 s/rep, ETA 0.0 h)
[     130s] 2200/4000 reps  (0.059 s/rep, ETA 0.0 h)
[     140s] 2400/4000 reps  (0.058 s/rep, ETA 0.0 h)
[     151s] 2600/4000 reps  (0.058 s/rep, ETA 0.0 h)
[     160s] 2800/4000 reps  (0.057 s/rep, ETA 0.0 h)
[     167s] 3000/4000 reps  (0.056 s/rep, ETA 0.0 h)
[     177s] 3200/4000 reps  (0.055 s/rep, ETA 0.0 h)
[     186s] 3400/4000 reps  (0.055 s/rep, ETA 0.0 h)
[     195s] 3600/4000 reps  (0.054 s/rep, ETA 0.0 h)
[     203s] 3800/4000 reps  (0.053 s/rep, ETA 0.0 h)
[     217s] 4000/4000 reps  (0.054 s/rep, ETA 0.0 h)
done: 4000 reps in 216.7s (0.054 s/rep)
[61828 s] reps done through 800000 of 1228158
1228158 reps loaded; swap symmetry on (weighted rep sums)
4000 reps to do (800000 already in the output)
[      13s] 200/4000 reps  (0.067 s/rep, ETA 0.1 h)
[      27s] 400/4000 reps  (0.067 s/rep, ETA 0.1 h)
[      40s] 600/4000 reps  (0.067 s/rep, ETA 0.1 h)
[      52s] 800/4000 reps  (0.065 s/rep, ETA 0.1 h)
[      64s] 1000/4000 reps  (0.064 s/rep, ETA 0.1 h)
[      77s] 1200/4000 reps  (0.064 s/rep, ETA 0.0 h)
[      90s] 1400/4000 reps  (0.064 s/rep, ETA 0.0 h)
[     101s] 1600/4000 reps  (0.063 s/rep, ETA 0.0 h)
[     113s] 1800/4000 reps  (0.063 s/rep, ETA 0.0 h)
[     124s] 2000/4000 reps  (0.062 s/rep, ETA 0.0 h)
[     135s] 2200/4000 reps  (0.061 s/rep, ETA 0.0 h)
[     145s] 2400/4000 reps  (0.061 s/rep, ETA 0.0 h)
[     157s] 2600/4000 reps  (0.060 s/rep, ETA 0.0 h)
[     168s] 2800/4000 reps  (0.060 s/rep, ETA 0.0 h)
[     180s] 3000/4000 reps  (0.060 s/rep, ETA 0.0 h)
[     192s] 3200/4000 reps  (0.060 s/rep, ETA 0.0 h)
[     203s] 3400/4000 reps  (0.060 s/rep, ETA 0.0 h)
[     214s] 3600/4000 reps  (0.059 s/rep, ETA 0.0 h)
[     223s] 3800/4000 reps  (0.059 s/rep, ETA 0.0 h)
[     234s] 4000/4000 reps  (0.059 s/rep, ETA 0.0 h)
done: 4000 reps in 234.1s (0.059 s/rep)
[62063 s] reps done through 804000 of 1228158
1228158 reps loaded; swap symmetry on (weighted rep sums)
4000 reps to do (804000 already in the output)
[       9s] 200/4000 reps  (0.045 s/rep, ETA 0.0 h)
[      19s] 400/4000 reps  (0.047 s/rep, ETA 0.0 h)
[      27s] 600/4000 reps  (0.045 s/rep, ETA 0.0 h)
[      37s] 800/4000 reps  (0.047 s/rep, ETA 0.0 h)
[      49s] 1000/4000 reps  (0.049 s/rep, ETA 0.0 h)
[      59s] 1200/4000 reps  (0.049 s/rep, ETA 0.0 h)
[      70s] 1400/4000 reps  (0.050 s/rep, ETA 0.0 h)
[      80s] 1600/4000 reps  (0.050 s/rep, ETA 0.0 h)
[      90s] 1800/4000 reps  (0.050 s/rep, ETA 0.0 h)
[      98s] 2000/4000 reps  (0.049 s/rep, ETA 0.0 h)
[     106s] 2200/4000 reps  (0.048 s/rep, ETA 0.0 h)
[     115s] 2400/4000 reps  (0.048 s/rep, ETA 0.0 h)
[     122s] 2600/4000 reps  (0.047 s/rep, ETA 0.0 h)
[     129s] 2800/4000 reps  (0.046 s/rep, ETA 0.0 h)
[     137s] 3000/4000 reps  (0.046 s/rep, ETA 0.0 h)
[     146s] 3200/4000 reps  (0.046 s/rep, ETA 0.0 h)
[     157s] 3400/4000 reps  (0.046 s/rep, ETA 0.0 h)
[     171s] 3600/4000 reps  (0.047 s/rep, ETA 0.0 h)
[     184s] 3800/4000 reps  (0.048 s/rep, ETA 0.0 h)
[     197s] 4000/4000 reps  (0.049 s/rep, ETA 0.0 h)
done: 4000 reps in 196.9s (0.049 s/rep)
[62261 s] reps done through 808000 of 1228158
1228158 reps loaded; swap symmetry on (weighted rep sums)
4000 reps to do (808000 already in the output)
[      12s] 200/4000 reps  (0.061 s/rep, ETA 0.1 h)
[      24s] 400/4000 reps  (0.060 s/rep, ETA 0.1 h)
[      37s] 600/4000 reps  (0.062 s/rep, ETA 0.1 h)
[      50s] 800/4000 reps  (0.062 s/rep, ETA 0.1 h)
[      61s] 1000/4000 reps  (0.061 s/rep, ETA 0.1 h)
[      72s] 1200/4000 reps  (0.060 s/rep, ETA 0.0 h)
[      83s] 1400/4000 reps  (0.059 s/rep, ETA 0.0 h)
[      93s] 1600/4000 reps  (0.058 s/rep, ETA 0.0 h)
[     105s] 1800/4000 reps  (0.058 s/rep, ETA 0.0 h)
[     116s] 2000/4000 reps  (0.058 s/rep, ETA 0.0 h)
[     126s] 2200/4000 reps  (0.057 s/rep, ETA 0.0 h)
[     139s] 2400/4000 reps  (0.058 s/rep, ETA 0.0 h)
[     151s] 2600/4000 reps  (0.058 s/rep, ETA 0.0 h)
[     162s] 2800/4000 reps  (0.058 s/rep, ETA 0.0 h)
[     173s] 3000/4000 reps  (0.058 s/rep, ETA 0.0 h)
[     183s] 3200/4000 reps  (0.057 s/rep, ETA 0.0 h)
[     194s] 3400/4000 reps  (0.057 s/rep, ETA 0.0 h)
[     203s] 3600/4000 reps  (0.056 s/rep, ETA 0.0 h)
[     213s] 3800/4000 reps  (0.056 s/rep, ETA 0.0 h)
[     221s] 4000/4000 reps  (0.055 s/rep, ETA 0.0 h)
done: 4000 reps in 220.9s (0.055 s/rep)
[62483 s] reps done through 812000 of 1228158
1228158 reps loaded; swap symmetry on (weighted rep sums)
4000 reps to do (812000 already in the output)
[      11s] 200/4000 reps  (0.055 s/rep, ETA 0.1 h)
[      23s] 400/4000 reps  (0.056 s/rep, ETA 0.1 h)
[      32s] 600/4000 reps  (0.054 s/rep, ETA 0.1 h)
[      43s] 800/4000 reps  (0.054 s/rep, ETA 0.0 h)
[      53s] 1000/4000 reps  (0.053 s/rep, ETA 0.0 h)
[      63s] 1200/4000 reps  (0.052 s/rep, ETA 0.0 h)
[      71s] 1400/4000 reps  (0.051 s/rep, ETA 0.0 h)
[      79s] 1600/4000 reps  (0.049 s/rep, ETA 0.0 h)
[      87s] 1800/4000 reps  (0.048 s/rep, ETA 0.0 h)
[      94s] 2000/4000 reps  (0.047 s/rep, ETA 0.0 h)
[     100s] 2200/4000 reps  (0.045 s/rep, ETA 0.0 h)
[     107s] 2400/4000 reps  (0.045 s/rep, ETA 0.0 h)
[     120s] 2600/4000 reps  (0.046 s/rep, ETA 0.0 h)
[     131s] 2800/4000 reps  (0.047 s/rep, ETA 0.0 h)
[     142s] 3000/4000 reps  (0.047 s/rep, ETA 0.0 h)
[     153s] 3200/4000 reps  (0.048 s/rep, ETA 0.0 h)
[     163s] 3400/4000 reps  (0.048 s/rep, ETA 0.0 h)
[     175s] 3600/4000 reps  (0.048 s/rep, ETA 0.0 h)
[     186s] 3800/4000 reps  (0.049 s/rep, ETA 0.0 h)
[     196s] 4000/4000 reps  (0.049 s/rep, ETA 0.0 h)
done: 4000 reps in 195.8s (0.049 s/rep)
[62679 s] reps done through 816000 of 1228158
1228158 reps loaded; swap symmetry on (weighted rep sums)
4000 reps to do (816000 already in the output)
[      10s] 200/4000 reps  (0.048 s/rep, ETA 0.1 h)
[      19s] 400/4000 reps  (0.047 s/rep, ETA 0.0 h)
[      28s] 600/4000 reps  (0.046 s/rep, ETA 0.0 h)
[      35s] 800/4000 reps  (0.044 s/rep, ETA 0.0 h)
[      46s] 1000/4000 reps  (0.046 s/rep, ETA 0.0 h)
[      55s] 1200/4000 reps  (0.046 s/rep, ETA 0.0 h)
[      64s] 1400/4000 reps  (0.046 s/rep, ETA 0.0 h)
[      75s] 1600/4000 reps  (0.047 s/rep, ETA 0.0 h)
[      85s] 1800/4000 reps  (0.047 s/rep, ETA 0.0 h)
[      94s] 2000/4000 reps  (0.047 s/rep, ETA 0.0 h)
[     102s] 2200/4000 reps  (0.046 s/rep, ETA 0.0 h)
[     111s] 2400/4000 reps  (0.046 s/rep, ETA 0.0 h)
[     119s] 2600/4000 reps  (0.046 s/rep, ETA 0.0 h)
[     127s] 2800/4000 reps  (0.045 s/rep, ETA 0.0 h)
[     134s] 3000/4000 reps  (0.045 s/rep, ETA 0.0 h)
[     140s] 3200/4000 reps  (0.044 s/rep, ETA 0.0 h)
[     151s] 3400/4000 reps  (0.044 s/rep, ETA 0.0 h)
[     160s] 3600/4000 reps  (0.044 s/rep, ETA 0.0 h)
[     168s] 3800/4000 reps  (0.044 s/rep, ETA 0.0 h)
[     178s] 4000/4000 reps  (0.044 s/rep, ETA 0.0 h)
done: 4000 reps in 177.6s (0.044 s/rep)
[62857 s] reps done through 820000 of 1228158
1228158 reps loaded; swap symmetry on (weighted rep sums)
4000 reps to do (820000 already in the output)
[       8s] 200/4000 reps  (0.040 s/rep, ETA 0.0 h)
[      16s] 400/4000 reps  (0.039 s/rep, ETA 0.0 h)
[      22s] 600/4000 reps  (0.037 s/rep, ETA 0.0 h)
[      29s] 800/4000 reps  (0.036 s/rep, ETA 0.0 h)
[      34s] 1000/4000 reps  (0.034 s/rep, ETA 0.0 h)
[      40s] 1200/4000 reps  (0.033 s/rep, ETA 0.0 h)
[      48s] 1400/4000 reps  (0.035 s/rep, ETA 0.0 h)
[      61s] 1600/4000 reps  (0.038 s/rep, ETA 0.0 h)
[      72s] 1800/4000 reps  (0.040 s/rep, ETA 0.0 h)
[      83s] 2000/4000 reps  (0.042 s/rep, ETA 0.0 h)
[      97s] 2200/4000 reps  (0.044 s/rep, ETA 0.0 h)
[     108s] 2400/4000 reps  (0.045 s/rep, ETA 0.0 h)
[     121s] 2600/4000 reps  (0.047 s/rep, ETA 0.0 h)
[     133s] 2800/4000 reps  (0.047 s/rep, ETA 0.0 h)
[     144s] 3000/4000 reps  (0.048 s/rep, ETA 0.0 h)
[     157s] 3200/4000 reps  (0.049 s/rep, ETA 0.0 h)
[     170s] 3400/4000 reps  (0.050 s/rep, ETA 0.0 h)
[     182s] 3600/4000 reps  (0.050 s/rep, ETA 0.0 h)
[     195s] 3800/4000 reps  (0.051 s/rep, ETA 0.0 h)
[     205s] 4000/4000 reps  (0.051 s/rep, ETA 0.0 h)
done: 4000 reps in 204.8s (0.051 s/rep)
[63063 s] reps done through 824000 of 1228158
1228158 reps loaded; swap symmetry on (weighted rep sums)
4000 reps to do (824000 already in the output)
[      12s] 200/4000 reps  (0.062 s/rep, ETA 0.1 h)
[      23s] 400/4000 reps  (0.058 s/rep, ETA 0.1 h)
[      35s] 600/4000 reps  (0.058 s/rep, ETA 0.1 h)
[      44s] 800/4000 reps  (0.055 s/rep, ETA 0.0 h)
[      56s] 1000/4000 reps  (0.056 s/rep, ETA 0.0 h)
[      68s] 1200/4000 reps  (0.056 s/rep, ETA 0.0 h)
[      78s] 1400/4000 reps  (0.056 s/rep, ETA 0.0 h)
[      88s] 1600/4000 reps  (0.055 s/rep, ETA 0.0 h)
[      98s] 1800/4000 reps  (0.055 s/rep, ETA 0.0 h)
[     108s] 2000/4000 reps  (0.054 s/rep, ETA 0.0 h)
[     117s] 2200/4000 reps  (0.053 s/rep, ETA 0.0 h)
[     125s] 2400/4000 reps  (0.052 s/rep, ETA 0.0 h)
[     133s] 2600/4000 reps  (0.051 s/rep, ETA 0.0 h)
[     142s] 2800/4000 reps  (0.051 s/rep, ETA 0.0 h)
[     150s] 3000/4000 reps  (0.050 s/rep, ETA 0.0 h)
[     159s] 3200/4000 reps  (0.050 s/rep, ETA 0.0 h)
[     175s] 3400/4000 reps  (0.051 s/rep, ETA 0.0 h)
[     189s] 3600/4000 reps  (0.053 s/rep, ETA 0.0 h)
[     205s] 3800/4000 reps  (0.054 s/rep, ETA 0.0 h)
[     220s] 4000/4000 reps  (0.055 s/rep, ETA 0.0 h)
done: 4000 reps in 219.8s (0.055 s/rep)
[63283 s] reps done through 828000 of 1228158
1228158 reps loaded; swap symmetry on (weighted rep sums)
4000 reps to do (828000 already in the output)
[      13s] 200/4000 reps  (0.066 s/rep, ETA 0.1 h)
[      27s] 400/4000 reps  (0.068 s/rep, ETA 0.1 h)
[      40s] 600/4000 reps  (0.067 s/rep, ETA 0.1 h)
[      53s] 800/4000 reps  (0.066 s/rep, ETA 0.1 h)
[      66s] 1000/4000 reps  (0.066 s/rep, ETA 0.1 h)
[      80s] 1200/4000 reps  (0.067 s/rep, ETA 0.1 h)
[      94s] 1400/4000 reps  (0.067 s/rep, ETA 0.0 h)
[     108s] 1600/4000 reps  (0.067 s/rep, ETA 0.0 h)
[     121s] 1800/4000 reps  (0.067 s/rep, ETA 0.0 h)
[     132s] 2000/4000 reps  (0.066 s/rep, ETA 0.0 h)
[     144s] 2200/4000 reps  (0.066 s/rep, ETA 0.0 h)
[     155s] 2400/4000 reps  (0.065 s/rep, ETA 0.0 h)
[     166s] 2600/4000 reps  (0.064 s/rep, ETA 0.0 h)
[     178s] 2800/4000 reps  (0.063 s/rep, ETA 0.0 h)
[     191s] 3000/4000 reps  (0.064 s/rep, ETA 0.0 h)
[     204s] 3200/4000 reps  (0.064 s/rep, ETA 0.0 h)
[     217s] 3400/4000 reps  (0.064 s/rep, ETA 0.0 h)
[     229s] 3600/4000 reps  (0.064 s/rep, ETA 0.0 h)
[     241s] 3800/4000 reps  (0.063 s/rep, ETA 0.0 h)
[     252s] 4000/4000 reps  (0.063 s/rep, ETA 0.0 h)
done: 4000 reps in 252.3s (0.063 s/rep)
[63536 s] reps done through 832000 of 1228158
1228158 reps loaded; swap symmetry on (weighted rep sums)
4000 reps to do (832000 already in the output)
[      10s] 200/4000 reps  (0.051 s/rep, ETA 0.1 h)
[      21s] 400/4000 reps  (0.052 s/rep, ETA 0.1 h)
[      33s] 600/4000 reps  (0.055 s/rep, ETA 0.1 h)
[      46s] 800/4000 reps  (0.057 s/rep, ETA 0.1 h)
[      57s] 1000/4000 reps  (0.057 s/rep, ETA 0.0 h)
[      68s] 1200/4000 reps  (0.057 s/rep, ETA 0.0 h)
[      78s] 1400/4000 reps  (0.055 s/rep, ETA 0.0 h)
[      88s] 1600/4000 reps  (0.055 s/rep, ETA 0.0 h)
[      97s] 1800/4000 reps  (0.054 s/rep, ETA 0.0 h)
[     105s] 2000/4000 reps  (0.052 s/rep, ETA 0.0 h)
[     118s] 2200/4000 reps  (0.054 s/rep, ETA 0.0 h)
[     132s] 2400/4000 reps  (0.055 s/rep, ETA 0.0 h)
[     145s] 2600/4000 reps  (0.056 s/rep, ETA 0.0 h)
[     158s] 2800/4000 reps  (0.057 s/rep, ETA 0.0 h)
[     171s] 3000/4000 reps  (0.057 s/rep, ETA 0.0 h)
[     183s] 3200/4000 reps  (0.057 s/rep, ETA 0.0 h)
[     195s] 3400/4000 reps  (0.057 s/rep, ETA 0.0 h)
[     206s] 3600/4000 reps  (0.057 s/rep, ETA 0.0 h)
[     217s] 3800/4000 reps  (0.057 s/rep, ETA 0.0 h)
[     227s] 4000/4000 reps  (0.057 s/rep, ETA 0.0 h)
done: 4000 reps in 226.6s (0.057 s/rep)
[63763 s] reps done through 836000 of 1228158
1228158 reps loaded; swap symmetry on (weighted rep sums)
4000 reps to do (836000 already in the output)
[      12s] 200/4000 reps  (0.060 s/rep, ETA 0.1 h)
[      25s] 400/4000 reps  (0.063 s/rep, ETA 0.1 h)
[      37s] 600/4000 reps  (0.062 s/rep, ETA 0.1 h)
[      49s] 800/4000 reps  (0.061 s/rep, ETA 0.1 h)
[      59s] 1000/4000 reps  (0.059 s/rep, ETA 0.0 h)
[      69s] 1200/4000 reps  (0.057 s/rep, ETA 0.0 h)
[      78s] 1400/4000 reps  (0.056 s/rep, ETA 0.0 h)
[      87s] 1600/4000 reps  (0.054 s/rep, ETA 0.0 h)
[      96s] 1800/4000 reps  (0.053 s/rep, ETA 0.0 h)
[     108s] 2000/4000 reps  (0.054 s/rep, ETA 0.0 h)
[     119s] 2200/4000 reps  (0.054 s/rep, ETA 0.0 h)
[     130s] 2400/4000 reps  (0.054 s/rep, ETA 0.0 h)
[     141s] 2600/4000 reps  (0.054 s/rep, ETA 0.0 h)
[     151s] 2800/4000 reps  (0.054 s/rep, ETA 0.0 h)
[     160s] 3000/4000 reps  (0.053 s/rep, ETA 0.0 h)
[     170s] 3200/4000 reps  (0.053 s/rep, ETA 0.0 h)
[     179s] 3400/4000 reps  (0.053 s/rep, ETA 0.0 h)
[     186s] 3600/4000 reps  (0.052 s/rep, ETA 0.0 h)
[     197s] 3800/4000 reps  (0.052 s/rep, ETA 0.0 h)
[     207s] 4000/4000 reps  (0.052 s/rep, ETA 0.0 h)
done: 4000 reps in 207.1s (0.052 s/rep)
[63971 s] reps done through 840000 of 1228158
1228158 reps loaded; swap symmetry on (weighted rep sums)
4000 reps to do (840000 already in the output)
[       9s] 200/4000 reps  (0.047 s/rep, ETA 0.0 h)
[      18s] 400/4000 reps  (0.045 s/rep, ETA 0.0 h)
[      26s] 600/4000 reps  (0.043 s/rep, ETA 0.0 h)
[      34s] 800/4000 reps  (0.043 s/rep, ETA 0.0 h)
[      41s] 1000/4000 reps  (0.041 s/rep, ETA 0.0 h)
[      50s] 1200/4000 reps  (0.041 s/rep, ETA 0.0 h)
[      65s] 1400/4000 reps  (0.046 s/rep, ETA 0.0 h)
[      79s] 1600/4000 reps  (0.049 s/rep, ETA 0.0 h)
[      92s] 1800/4000 reps  (0.051 s/rep, ETA 0.0 h)
[     104s] 2000/4000 reps  (0.052 s/rep, ETA 0.0 h)
[     117s] 2200/4000 reps  (0.053 s/rep, ETA 0.0 h)
[     132s] 2400/4000 reps  (0.055 s/rep, ETA 0.0 h)
[     147s] 2600/4000 reps  (0.056 s/rep, ETA 0.0 h)
[     160s] 2800/4000 reps  (0.057 s/rep, ETA 0.0 h)
[     173s] 3000/4000 reps  (0.058 s/rep, ETA 0.0 h)
[     184s] 3200/4000 reps  (0.058 s/rep, ETA 0.0 h)
[     196s] 3400/4000 reps  (0.058 s/rep, ETA 0.0 h)
[     207s] 3600/4000 reps  (0.057 s/rep, ETA 0.0 h)
[     219s] 3800/4000 reps  (0.058 s/rep, ETA 0.0 h)
[     231s] 4000/4000 reps  (0.058 s/rep, ETA 0.0 h)
done: 4000 reps in 231.0s (0.058 s/rep)
[64202 s] reps done through 844000 of 1228158
1228158 reps loaded; swap symmetry on (weighted rep sums)
4000 reps to do (844000 already in the output)
[      12s] 200/4000 reps  (0.058 s/rep, ETA 0.1 h)
[      24s] 400/4000 reps  (0.059 s/rep, ETA 0.1 h)
[      35s] 600/4000 reps  (0.058 s/rep, ETA 0.1 h)
[      45s] 800/4000 reps  (0.056 s/rep, ETA 0.0 h)
[      56s] 1000/4000 reps  (0.056 s/rep, ETA 0.0 h)
[      68s] 1200/4000 reps  (0.057 s/rep, ETA 0.0 h)
[      80s] 1400/4000 reps  (0.057 s/rep, ETA 0.0 h)
[      92s] 1600/4000 reps  (0.058 s/rep, ETA 0.0 h)
[     104s] 1800/4000 reps  (0.058 s/rep, ETA 0.0 h)
[     115s] 2000/4000 reps  (0.057 s/rep, ETA 0.0 h)
[     124s] 2200/4000 reps  (0.056 s/rep, ETA 0.0 h)
[     137s] 2400/4000 reps  (0.057 s/rep, ETA 0.0 h)
[     148s] 2600/4000 reps  (0.057 s/rep, ETA 0.0 h)
[     160s] 2800/4000 reps  (0.057 s/rep, ETA 0.0 h)
[     170s] 3000/4000 reps  (0.057 s/rep, ETA 0.0 h)
[     181s] 3200/4000 reps  (0.056 s/rep, ETA 0.0 h)
[     193s] 3400/4000 reps  (0.057 s/rep, ETA 0.0 h)
[     204s] 3600/4000 reps  (0.057 s/rep, ETA 0.0 h)
[     214s] 3800/4000 reps  (0.056 s/rep, ETA 0.0 h)
[     224s] 4000/4000 reps  (0.056 s/rep, ETA 0.0 h)
done: 4000 reps in 224.1s (0.056 s/rep)
[64427 s] reps done through 848000 of 1228158
1228158 reps loaded; swap symmetry on (weighted rep sums)
4000 reps to do (848000 already in the output)
[      10s] 200/4000 reps  (0.052 s/rep, ETA 0.1 h)
[      20s] 400/4000 reps  (0.049 s/rep, ETA 0.0 h)
[      28s] 600/4000 reps  (0.047 s/rep, ETA 0.0 h)
[      36s] 800/4000 reps  (0.045 s/rep, ETA 0.0 h)
[      46s] 1000/4000 reps  (0.046 s/rep, ETA 0.0 h)
[      56s] 1200/4000 reps  (0.047 s/rep, ETA 0.0 h)
[      65s] 1400/4000 reps  (0.047 s/rep, ETA 0.0 h)
[      74s] 1600/4000 reps  (0.046 s/rep, ETA 0.0 h)
[      82s] 1800/4000 reps  (0.045 s/rep, ETA 0.0 h)
[      93s] 2000/4000 reps  (0.046 s/rep, ETA 0.0 h)
[     103s] 2200/4000 reps  (0.047 s/rep, ETA 0.0 h)
[     112s] 2400/4000 reps  (0.047 s/rep, ETA 0.0 h)
[     121s] 2600/4000 reps  (0.047 s/rep, ETA 0.0 h)
[     128s] 2800/4000 reps  (0.046 s/rep, ETA 0.0 h)
[     137s] 3000/4000 reps  (0.046 s/rep, ETA 0.0 h)
[     144s] 3200/4000 reps  (0.045 s/rep, ETA 0.0 h)
[     154s] 3400/4000 reps  (0.045 s/rep, ETA 0.0 h)
[     166s] 3600/4000 reps  (0.046 s/rep, ETA 0.0 h)
[     177s] 3800/4000 reps  (0.046 s/rep, ETA 0.0 h)
[     186s] 4000/4000 reps  (0.047 s/rep, ETA 0.0 h)
done: 4000 reps in 186.3s (0.047 s/rep)
[64614 s] reps done through 852000 of 1228158
1228158 reps loaded; swap symmetry on (weighted rep sums)
4000 reps to do (852000 already in the output)
[      13s] 200/4000 reps  (0.063 s/rep, ETA 0.1 h)
[      24s] 400/4000 reps  (0.059 s/rep, ETA 0.1 h)
[      34s] 600/4000 reps  (0.056 s/rep, ETA 0.1 h)
[      44s] 800/4000 reps  (0.055 s/rep, ETA 0.0 h)
[      56s] 1000/4000 reps  (0.056 s/rep, ETA 0.0 h)
[      67s] 1200/4000 reps  (0.056 s/rep, ETA 0.0 h)
[      76s] 1400/4000 reps  (0.054 s/rep, ETA 0.0 h)
[      88s] 1600/4000 reps  (0.055 s/rep, ETA 0.0 h)
[      99s] 1800/4000 reps  (0.055 s/rep, ETA 0.0 h)
[     109s] 2000/4000 reps  (0.055 s/rep, ETA 0.0 h)
[     119s] 2200/4000 reps  (0.054 s/rep, ETA 0.0 h)
[     129s] 2400/4000 reps  (0.054 s/rep, ETA 0.0 h)
[     138s] 2600/4000 reps  (0.053 s/rep, ETA 0.0 h)
[     147s] 2800/4000 reps  (0.052 s/rep, ETA 0.0 h)
[     154s] 3000/4000 reps  (0.051 s/rep, ETA 0.0 h)
[     164s] 3200/4000 reps  (0.051 s/rep, ETA 0.0 h)
[     172s] 3400/4000 reps  (0.051 s/rep, ETA 0.0 h)
[     180s] 3600/4000 reps  (0.050 s/rep, ETA 0.0 h)
[     189s] 3800/4000 reps  (0.050 s/rep, ETA 0.0 h)
[     198s] 4000/4000 reps  (0.049 s/rep, ETA 0.0 h)
done: 4000 reps in 197.8s (0.049 s/rep)
[64812 s] reps done through 856000 of 1228158
1228158 reps loaded; swap symmetry on (weighted rep sums)
4000 reps to do (856000 already in the output)
[       8s] 200/4000 reps  (0.041 s/rep, ETA 0.0 h)
[      18s] 400/4000 reps  (0.045 s/rep, ETA 0.0 h)
[      26s] 600/4000 reps  (0.044 s/rep, ETA 0.0 h)
[      35s] 800/4000 reps  (0.044 s/rep, ETA 0.0 h)
[      44s] 1000/4000 reps  (0.044 s/rep, ETA 0.0 h)
[      52s] 1200/4000 reps  (0.043 s/rep, ETA 0.0 h)
[      61s] 1400/4000 reps  (0.043 s/rep, ETA 0.0 h)
[      69s] 1600/4000 reps  (0.043 s/rep, ETA 0.0 h)
[      76s] 1800/4000 reps  (0.042 s/rep, ETA 0.0 h)
[      83s] 2000/4000 reps  (0.041 s/rep, ETA 0.0 h)
[      91s] 2200/4000 reps  (0.041 s/rep, ETA 0.0 h)
[     100s] 2400/4000 reps  (0.041 s/rep, ETA 0.0 h)
[     107s] 2600/4000 reps  (0.041 s/rep, ETA 0.0 h)
[     116s] 2800/4000 reps  (0.041 s/rep, ETA 0.0 h)
[     124s] 3000/4000 reps  (0.041 s/rep, ETA 0.0 h)
[     132s] 3200/4000 reps  (0.041 s/rep, ETA 0.0 h)
[     140s] 3400/4000 reps  (0.041 s/rep, ETA 0.0 h)
[     149s] 3600/4000 reps  (0.041 s/rep, ETA 0.0 h)
[     157s] 3800/4000 reps  (0.041 s/rep, ETA 0.0 h)
[     166s] 4000/4000 reps  (0.041 s/rep, ETA 0.0 h)
done: 4000 reps in 165.5s (0.041 s/rep)
[64978 s] reps done through 860000 of 1228158
1228158 reps loaded; swap symmetry on (weighted rep sums)
4000 reps to do (860000 already in the output)
[       7s] 200/4000 reps  (0.036 s/rep, ETA 0.0 h)
[      14s] 400/4000 reps  (0.036 s/rep, ETA 0.0 h)
[      21s] 600/4000 reps  (0.034 s/rep, ETA 0.0 h)
[      26s] 800/4000 reps  (0.033 s/rep, ETA 0.0 h)
[      32s] 1000/4000 reps  (0.032 s/rep, ETA 0.0 h)
[      38s] 1200/4000 reps  (0.031 s/rep, ETA 0.0 h)
[      44s] 1400/4000 reps  (0.032 s/rep, ETA 0.0 h)
[      51s] 1600/4000 reps  (0.032 s/rep, ETA 0.0 h)
[      57s] 1800/4000 reps  (0.032 s/rep, ETA 0.0 h)
[      62s] 2000/4000 reps  (0.031 s/rep, ETA 0.0 h)
[      66s] 2200/4000 reps  (0.030 s/rep, ETA 0.0 h)
[      74s] 2400/4000 reps  (0.031 s/rep, ETA 0.0 h)
[      80s] 2600/4000 reps  (0.031 s/rep, ETA 0.0 h)
[      85s] 2800/4000 reps  (0.030 s/rep, ETA 0.0 h)
[      89s] 3000/4000 reps  (0.030 s/rep, ETA 0.0 h)
[     107s] 3200/4000 reps  (0.033 s/rep, ETA 0.0 h)
[     123s] 3400/4000 reps  (0.036 s/rep, ETA 0.0 h)
[     138s] 3600/4000 reps  (0.038 s/rep, ETA 0.0 h)
[     157s] 3800/4000 reps  (0.041 s/rep, ETA 0.0 h)
[     175s] 4000/4000 reps  (0.044 s/rep, ETA 0.0 h)
done: 4000 reps in 174.9s (0.044 s/rep)
[65153 s] reps done through 864000 of 1228158
1228158 reps loaded; swap symmetry on (weighted rep sums)
4000 reps to do (864000 already in the output)
[      17s] 200/4000 reps  (0.083 s/rep, ETA 0.1 h)
[      33s] 400/4000 reps  (0.083 s/rep, ETA 0.1 h)
[      49s] 600/4000 reps  (0.082 s/rep, ETA 0.1 h)
[      64s] 800/4000 reps  (0.080 s/rep, ETA 0.1 h)
[      78s] 1000/4000 reps  (0.078 s/rep, ETA 0.1 h)
[      91s] 1200/4000 reps  (0.076 s/rep, ETA 0.1 h)
[     107s] 1400/4000 reps  (0.076 s/rep, ETA 0.1 h)
[     121s] 1600/4000 reps  (0.076 s/rep, ETA 0.1 h)
[     139s] 1800/4000 reps  (0.077 s/rep, ETA 0.0 h)
[     156s] 2000/4000 reps  (0.078 s/rep, ETA 0.0 h)
[     172s] 2200/4000 reps  (0.078 s/rep, ETA 0.0 h)
[     188s] 2400/4000 reps  (0.078 s/rep, ETA 0.0 h)
[     203s] 2600/4000 reps  (0.078 s/rep, ETA 0.0 h)
[     219s] 2800/4000 reps  (0.078 s/rep, ETA 0.0 h)
[     234s] 3000/4000 reps  (0.078 s/rep, ETA 0.0 h)
[     248s] 3200/4000 reps  (0.078 s/rep, ETA 0.0 h)
[     264s] 3400/4000 reps  (0.078 s/rep, ETA 0.0 h)
[     277s] 3600/4000 reps  (0.077 s/rep, ETA 0.0 h)
[     291s] 3800/4000 reps  (0.076 s/rep, ETA 0.0 h)
[     304s] 4000/4000 reps  (0.076 s/rep, ETA 0.0 h)
done: 4000 reps in 304.4s (0.076 s/rep)
[65459 s] reps done through 868000 of 1228158
1228158 reps loaded; swap symmetry on (weighted rep sums)
4000 reps to do (868000 already in the output)
[      14s] 200/4000 reps  (0.072 s/rep, ETA 0.1 h)
[      27s] 400/4000 reps  (0.066 s/rep, ETA 0.1 h)
[      43s] 600/4000 reps  (0.072 s/rep, ETA 0.1 h)
[      60s] 800/4000 reps  (0.076 s/rep, ETA 0.1 h)
[      77s] 1000/4000 reps  (0.077 s/rep, ETA 0.1 h)
[      93s] 1200/4000 reps  (0.077 s/rep, ETA 0.1 h)
[     108s] 1400/4000 reps  (0.077 s/rep, ETA 0.1 h)
[     122s] 1600/4000 reps  (0.076 s/rep, ETA 0.1 h)
[     138s] 1800/4000 reps  (0.077 s/rep, ETA 0.0 h)
[     153s] 2000/4000 reps  (0.076 s/rep, ETA 0.0 h)
[     167s] 2200/4000 reps  (0.076 s/rep, ETA 0.0 h)
[     181s] 2400/4000 reps  (0.076 s/rep, ETA 0.0 h)
[     195s] 2600/4000 reps  (0.075 s/rep, ETA 0.0 h)
[     207s] 2800/4000 reps  (0.074 s/rep, ETA 0.0 h)
[     223s] 3000/4000 reps  (0.074 s/rep, ETA 0.0 h)
[     238s] 3200/4000 reps  (0.074 s/rep, ETA 0.0 h)
[     252s] 3400/4000 reps  (0.074 s/rep, ETA 0.0 h)
[     266s] 3600/4000 reps  (0.074 s/rep, ETA 0.0 h)
[     280s] 3800/4000 reps  (0.074 s/rep, ETA 0.0 h)
[     292s] 4000/4000 reps  (0.073 s/rep, ETA 0.0 h)
done: 4000 reps in 292.2s (0.073 s/rep)
[65751 s] reps done through 872000 of 1228158
1228158 reps loaded; swap symmetry on (weighted rep sums)
4000 reps to do (872000 already in the output)
[      14s] 200/4000 reps  (0.072 s/rep, ETA 0.1 h)
[      28s] 400/4000 reps  (0.071 s/rep, ETA 0.1 h)
[      41s] 600/4000 reps  (0.069 s/rep, ETA 0.1 h)
[      53s] 800/4000 reps  (0.066 s/rep, ETA 0.1 h)
[      67s] 1000/4000 reps  (0.067 s/rep, ETA 0.1 h)
[      81s] 1200/4000 reps  (0.067 s/rep, ETA 0.1 h)
[      93s] 1400/4000 reps  (0.067 s/rep, ETA 0.0 h)
[     104s] 1600/4000 reps  (0.065 s/rep, ETA 0.0 h)
[     117s] 1800/4000 reps  (0.065 s/rep, ETA 0.0 h)
[     127s] 2000/4000 reps  (0.064 s/rep, ETA 0.0 h)
[     140s] 2200/4000 reps  (0.063 s/rep, ETA 0.0 h)
[     153s] 2400/4000 reps  (0.064 s/rep, ETA 0.0 h)
[     168s] 2600/4000 reps  (0.065 s/rep, ETA 0.0 h)
[     184s] 2800/4000 reps  (0.066 s/rep, ETA 0.0 h)
[     198s] 3000/4000 reps  (0.066 s/rep, ETA 0.0 h)
[     210s] 3200/4000 reps  (0.066 s/rep, ETA 0.0 h)
[     223s] 3400/4000 reps  (0.066 s/rep, ETA 0.0 h)
[     234s] 3600/4000 reps  (0.065 s/rep, ETA 0.0 h)
[     246s] 3800/4000 reps  (0.065 s/rep, ETA 0.0 h)
[     258s] 4000/4000 reps  (0.064 s/rep, ETA 0.0 h)
done: 4000 reps in 257.7s (0.064 s/rep)
[66009 s] reps done through 876000 of 1228158
1228158 reps loaded; swap symmetry on (weighted rep sums)
4000 reps to do (876000 already in the output)
[      16s] 200/4000 reps  (0.078 s/rep, ETA 0.1 h)
[      29s] 400/4000 reps  (0.073 s/rep, ETA 0.1 h)
[      42s] 600/4000 reps  (0.070 s/rep, ETA 0.1 h)
[      56s] 800/4000 reps  (0.070 s/rep, ETA 0.1 h)
[      69s] 1000/4000 reps  (0.069 s/rep, ETA 0.1 h)
[      82s] 1200/4000 reps  (0.068 s/rep, ETA 0.1 h)
[      93s] 1400/4000 reps  (0.067 s/rep, ETA 0.0 h)
[     106s] 1600/4000 reps  (0.066 s/rep, ETA 0.0 h)
[     116s] 1800/4000 reps  (0.065 s/rep, ETA 0.0 h)
[     127s] 2000/4000 reps  (0.064 s/rep, ETA 0.0 h)
[     139s] 2200/4000 reps  (0.063 s/rep, ETA 0.0 h)
[     149s] 2400/4000 reps  (0.062 s/rep, ETA 0.0 h)
[     161s] 2600/4000 reps  (0.062 s/rep, ETA 0.0 h)
[     171s] 2800/4000 reps  (0.061 s/rep, ETA 0.0 h)
[     180s] 3000/4000 reps  (0.060 s/rep, ETA 0.0 h)
[     193s] 3200/4000 reps  (0.060 s/rep, ETA 0.0 h)
[     207s] 3400/4000 reps  (0.061 s/rep, ETA 0.0 h)
[     222s] 3600/4000 reps  (0.062 s/rep, ETA 0.0 h)
[     235s] 3800/4000 reps  (0.062 s/rep, ETA 0.0 h)
[     254s] 4000/4000 reps  (0.064 s/rep, ETA 0.0 h)
done: 4000 reps in 254.0s (0.064 s/rep)
[66264 s] reps done through 880000 of 1228158
1228158 reps loaded; swap symmetry on (weighted rep sums)
4000 reps to do (880000 already in the output)
[      17s] 200/4000 reps  (0.083 s/rep, ETA 0.1 h)
[      32s] 400/4000 reps  (0.080 s/rep, ETA 0.1 h)
[      49s] 600/4000 reps  (0.081 s/rep, ETA 0.1 h)
[      65s] 800/4000 reps  (0.081 s/rep, ETA 0.1 h)
[      80s] 1000/4000 reps  (0.080 s/rep, ETA 0.1 h)
[      93s] 1200/4000 reps  (0.078 s/rep, ETA 0.1 h)
[     107s] 1400/4000 reps  (0.076 s/rep, ETA 0.1 h)
[     121s] 1600/4000 reps  (0.076 s/rep, ETA 0.1 h)
[     134s] 1800/4000 reps  (0.074 s/rep, ETA 0.0 h)
[     144s] 2000/4000 reps  (0.072 s/rep, ETA 0.0 h)
[     157s] 2200/4000 reps  (0.072 s/rep, ETA 0.0 h)
[     170s] 2400/4000 reps  (0.071 s/rep, ETA 0.0 h)
[     182s] 2600/4000 reps  (0.070 s/rep, ETA 0.0 h)
[     195s] 2800/4000 reps  (0.070 s/rep, ETA 0.0 h)
[     206s] 3000/4000 reps  (0.069 s/rep, ETA 0.0 h)
[     219s] 3200/4000 reps  (0.068 s/rep, ETA 0.0 h)
[     235s] 3400/4000 reps  (0.069 s/rep, ETA 0.0 h)
[     250s] 3600/4000 reps  (0.069 s/rep, ETA 0.0 h)
[     264s] 3800/4000 reps  (0.070 s/rep, ETA 0.0 h)
[     277s] 4000/4000 reps  (0.069 s/rep, ETA 0.0 h)
done: 4000 reps in 277.3s (0.069 s/rep)
[66542 s] reps done through 884000 of 1228158
1228158 reps loaded; swap symmetry on (weighted rep sums)
4000 reps to do (884000 already in the output)
[      14s] 200/4000 reps  (0.069 s/rep, ETA 0.1 h)
[      28s] 400/4000 reps  (0.070 s/rep, ETA 0.1 h)
[      41s] 600/4000 reps  (0.068 s/rep, ETA 0.1 h)
[      54s] 800/4000 reps  (0.067 s/rep, ETA 0.1 h)
[      65s] 1000/4000 reps  (0.065 s/rep, ETA 0.1 h)
[      78s] 1200/4000 reps  (0.065 s/rep, ETA 0.1 h)
[      92s] 1400/4000 reps  (0.066 s/rep, ETA 0.0 h)
[     105s] 1600/4000 reps  (0.065 s/rep, ETA 0.0 h)
[     117s] 1800/4000 reps  (0.065 s/rep, ETA 0.0 h)
[     128s] 2000/4000 reps  (0.064 s/rep, ETA 0.0 h)
[     140s] 2200/4000 reps  (0.064 s/rep, ETA 0.0 h)
[     153s] 2400/4000 reps  (0.064 s/rep, ETA 0.0 h)
[     164s] 2600/4000 reps  (0.063 s/rep, ETA 0.0 h)
[     175s] 2800/4000 reps  (0.062 s/rep, ETA 0.0 h)
[     184s] 3000/4000 reps  (0.061 s/rep, ETA 0.0 h)
[     193s] 3200/4000 reps  (0.060 s/rep, ETA 0.0 h)
[     203s] 3400/4000 reps  (0.060 s/rep, ETA 0.0 h)
[     213s] 3600/4000 reps  (0.059 s/rep, ETA 0.0 h)
[     223s] 3800/4000 reps  (0.059 s/rep, ETA 0.0 h)
[     237s] 4000/4000 reps  (0.059 s/rep, ETA 0.0 h)
done: 4000 reps in 237.0s (0.059 s/rep)
[66779 s] reps done through 888000 of 1228158
1228158 reps loaded; swap symmetry on (weighted rep sums)
4000 reps to do (888000 already in the output)
[      12s] 200/4000 reps  (0.060 s/rep, ETA 0.1 h)
[      24s] 400/4000 reps  (0.059 s/rep, ETA 0.1 h)
[      36s] 600/4000 reps  (0.060 s/rep, ETA 0.1 h)
[      47s] 800/4000 reps  (0.059 s/rep, ETA 0.1 h)
[      58s] 1000/4000 reps  (0.058 s/rep, ETA 0.0 h)
[      67s] 1200/4000 reps  (0.056 s/rep, ETA 0.0 h)
[      77s] 1400/4000 reps  (0.055 s/rep, ETA 0.0 h)
[      87s] 1600/4000 reps  (0.054 s/rep, ETA 0.0 h)
[      95s] 1800/4000 reps  (0.053 s/rep, ETA 0.0 h)
[     104s] 2000/4000 reps  (0.052 s/rep, ETA 0.0 h)
[     116s] 2200/4000 reps  (0.053 s/rep, ETA 0.0 h)
[     134s] 2400/4000 reps  (0.056 s/rep, ETA 0.0 h)
[     150s] 2600/4000 reps  (0.058 s/rep, ETA 0.0 h)
[     165s] 2800/4000 reps  (0.059 s/rep, ETA 0.0 h)
[     181s] 3000/4000 reps  (0.060 s/rep, ETA 0.0 h)
[     197s] 3200/4000 reps  (0.062 s/rep, ETA 0.0 h)
[     212s] 3400/4000 reps  (0.062 s/rep, ETA 0.0 h)
[     226s] 3600/4000 reps  (0.063 s/rep, ETA 0.0 h)
[     240s] 3800/4000 reps  (0.063 s/rep, ETA 0.0 h)
[     253s] 4000/4000 reps  (0.063 s/rep, ETA 0.0 h)
done: 4000 reps in 253.4s (0.063 s/rep)
[67034 s] reps done through 892000 of 1228158
1228158 reps loaded; swap symmetry on (weighted rep sums)
4000 reps to do (892000 already in the output)
[      14s] 200/4000 reps  (0.070 s/rep, ETA 0.1 h)
[      28s] 400/4000 reps  (0.071 s/rep, ETA 0.1 h)
[      42s] 600/4000 reps  (0.070 s/rep, ETA 0.1 h)
[      55s] 800/4000 reps  (0.069 s/rep, ETA 0.1 h)
[      67s] 1000/4000 reps  (0.067 s/rep, ETA 0.1 h)
[      79s] 1200/4000 reps  (0.066 s/rep, ETA 0.1 h)
[      93s] 1400/4000 reps  (0.066 s/rep, ETA 0.0 h)
[     106s] 1600/4000 reps  (0.066 s/rep, ETA 0.0 h)
[     119s] 1800/4000 reps  (0.066 s/rep, ETA 0.0 h)
[     131s] 2000/4000 reps  (0.066 s/rep, ETA 0.0 h)
[     142s] 2200/4000 reps  (0.065 s/rep, ETA 0.0 h)
[     155s] 2400/4000 reps  (0.065 s/rep, ETA 0.0 h)
[     167s] 2600/4000 reps  (0.064 s/rep, ETA 0.0 h)
[     178s] 2800/4000 reps  (0.064 s/rep, ETA 0.0 h)
[     188s] 3000/4000 reps  (0.063 s/rep, ETA 0.0 h)
[     198s] 3200/4000 reps  (0.062 s/rep, ETA 0.0 h)
[     214s] 3400/4000 reps  (0.063 s/rep, ETA 0.0 h)
[     229s] 3600/4000 reps  (0.064 s/rep, ETA 0.0 h)
[     243s] 3800/4000 reps  (0.064 s/rep, ETA 0.0 h)
[     258s] 4000/4000 reps  (0.064 s/rep, ETA 0.0 h)
done: 4000 reps in 257.5s (0.064 s/rep)
[67292 s] reps done through 896000 of 1228158
1228158 reps loaded; swap symmetry on (weighted rep sums)
4000 reps to do (896000 already in the output)
[      14s] 200/4000 reps  (0.072 s/rep, ETA 0.1 h)
[      27s] 400/4000 reps  (0.069 s/rep, ETA 0.1 h)
[      41s] 600/4000 reps  (0.069 s/rep, ETA 0.1 h)
[      54s] 800/4000 reps  (0.067 s/rep, ETA 0.1 h)
[      65s] 1000/4000 reps  (0.065 s/rep, ETA 0.1 h)
[      77s] 1200/4000 reps  (0.064 s/rep, ETA 0.1 h)
[      90s] 1400/4000 reps  (0.064 s/rep, ETA 0.0 h)
[     102s] 1600/4000 reps  (0.064 s/rep, ETA 0.0 h)
[     114s] 1800/4000 reps  (0.064 s/rep, ETA 0.0 h)
[     126s] 2000/4000 reps  (0.063 s/rep, ETA 0.0 h)
[     137s] 2200/4000 reps  (0.062 s/rep, ETA 0.0 h)
[     147s] 2400/4000 reps  (0.061 s/rep, ETA 0.0 h)
[     157s] 2600/4000 reps  (0.060 s/rep, ETA 0.0 h)
[     170s] 2800/4000 reps  (0.061 s/rep, ETA 0.0 h)
[     182s] 3000/4000 reps  (0.061 s/rep, ETA 0.0 h)
[     194s] 3200/4000 reps  (0.061 s/rep, ETA 0.0 h)
[     204s] 3400/4000 reps  (0.060 s/rep, ETA 0.0 h)
[     214s] 3600/4000 reps  (0.059 s/rep, ETA 0.0 h)
[     224s] 3800/4000 reps  (0.059 s/rep, ETA 0.0 h)
[     234s] 4000/4000 reps  (0.059 s/rep, ETA 0.0 h)
done: 4000 reps in 234.3s (0.059 s/rep)
[67526 s] reps done through 900000 of 1228158
1228158 reps loaded; swap symmetry on (weighted rep sums)
4000 reps to do (900000 already in the output)
[       9s] 200/4000 reps  (0.046 s/rep, ETA 0.0 h)
[      17s] 400/4000 reps  (0.043 s/rep, ETA 0.0 h)
[      30s] 600/4000 reps  (0.050 s/rep, ETA 0.0 h)
[      41s] 800/4000 reps  (0.051 s/rep, ETA 0.0 h)
[      53s] 1000/4000 reps  (0.053 s/rep, ETA 0.0 h)
[      68s] 1200/4000 reps  (0.057 s/rep, ETA 0.0 h)
[      82s] 1400/4000 reps  (0.058 s/rep, ETA 0.0 h)
[      97s] 1600/4000 reps  (0.060 s/rep, ETA 0.0 h)
[     110s] 1800/4000 reps  (0.061 s/rep, ETA 0.0 h)
[     122s] 2000/4000 reps  (0.061 s/rep, ETA 0.0 h)
[     136s] 2200/4000 reps  (0.062 s/rep, ETA 0.0 h)
[     149s] 2400/4000 reps  (0.062 s/rep, ETA 0.0 h)
[     162s] 2600/4000 reps  (0.062 s/rep, ETA 0.0 h)
[     175s] 2800/4000 reps  (0.062 s/rep, ETA 0.0 h)
[     187s] 3000/4000 reps  (0.062 s/rep, ETA 0.0 h)
[     200s] 3200/4000 reps  (0.062 s/rep, ETA 0.0 h)
[     212s] 3400/4000 reps  (0.062 s/rep, ETA 0.0 h)
[     223s] 3600/4000 reps  (0.062 s/rep, ETA 0.0 h)
[     235s] 3800/4000 reps  (0.062 s/rep, ETA 0.0 h)
[     246s] 4000/4000 reps  (0.061 s/rep, ETA 0.0 h)
done: 4000 reps in 245.5s (0.061 s/rep)
[67772 s] reps done through 904000 of 1228158
1228158 reps loaded; swap symmetry on (weighted rep sums)
4000 reps to do (904000 already in the output)
[       9s] 200/4000 reps  (0.046 s/rep, ETA 0.0 h)
[      22s] 400/4000 reps  (0.055 s/rep, ETA 0.1 h)
[      34s] 600/4000 reps  (0.056 s/rep, ETA 0.1 h)
[      45s] 800/4000 reps  (0.057 s/rep, ETA 0.1 h)
[      55s] 1000/4000 reps  (0.055 s/rep, ETA 0.0 h)
[      67s] 1200/4000 reps  (0.056 s/rep, ETA 0.0 h)
[      78s] 1400/4000 reps  (0.056 s/rep, ETA 0.0 h)
[      88s] 1600/4000 reps  (0.055 s/rep, ETA 0.0 h)
[      99s] 1800/4000 reps  (0.055 s/rep, ETA 0.0 h)
[     108s] 2000/4000 reps  (0.054 s/rep, ETA 0.0 h)
[     116s] 2200/4000 reps  (0.053 s/rep, ETA 0.0 h)
[     127s] 2400/4000 reps  (0.053 s/rep, ETA 0.0 h)
[     136s] 2600/4000 reps  (0.052 s/rep, ETA 0.0 h)
[     145s] 2800/4000 reps  (0.052 s/rep, ETA 0.0 h)
[     159s] 3000/4000 reps  (0.053 s/rep, ETA 0.0 h)
[     171s] 3200/4000 reps  (0.054 s/rep, ETA 0.0 h)
[     184s] 3400/4000 reps  (0.054 s/rep, ETA 0.0 h)
[     197s] 3600/4000 reps  (0.055 s/rep, ETA 0.0 h)
[     208s] 3800/4000 reps  (0.055 s/rep, ETA 0.0 h)
[     217s] 4000/4000 reps  (0.054 s/rep, ETA 0.0 h)
done: 4000 reps in 217.4s (0.054 s/rep)
[67991 s] reps done through 908000 of 1228158
1228158 reps loaded; swap symmetry on (weighted rep sums)
4000 reps to do (908000 already in the output)
[      13s] 200/4000 reps  (0.063 s/rep, ETA 0.1 h)
[      24s] 400/4000 reps  (0.060 s/rep, ETA 0.1 h)
[      36s] 600/4000 reps  (0.060 s/rep, ETA 0.1 h)
[      46s] 800/4000 reps  (0.058 s/rep, ETA 0.1 h)
[      57s] 1000/4000 reps  (0.057 s/rep, ETA 0.0 h)
[      68s] 1200/4000 reps  (0.057 s/rep, ETA 0.0 h)
[      78s] 1400/4000 reps  (0.056 s/rep, ETA 0.0 h)
[      88s] 1600/4000 reps  (0.055 s/rep, ETA 0.0 h)
[      98s] 1800/4000 reps  (0.054 s/rep, ETA 0.0 h)
[     107s] 2000/4000 reps  (0.053 s/rep, ETA 0.0 h)
[     115s] 2200/4000 reps  (0.052 s/rep, ETA 0.0 h)
[     125s] 2400/4000 reps  (0.052 s/rep, ETA 0.0 h)
[     134s] 2600/4000 reps  (0.052 s/rep, ETA 0.0 h)
[     144s] 2800/4000 reps  (0.052 s/rep, ETA 0.0 h)
[     152s] 3000/4000 reps  (0.051 s/rep, ETA 0.0 h)
[     162s] 3200/4000 reps  (0.051 s/rep, ETA 0.0 h)
[     172s] 3400/4000 reps  (0.050 s/rep, ETA 0.0 h)
[     180s] 3600/4000 reps  (0.050 s/rep, ETA 0.0 h)
[     189s] 3800/4000 reps  (0.050 s/rep, ETA 0.0 h)
[     197s] 4000/4000 reps  (0.049 s/rep, ETA 0.0 h)
done: 4000 reps in 197.4s (0.049 s/rep)
[68189 s] reps done through 912000 of 1228158
1228158 reps loaded; swap symmetry on (weighted rep sums)
4000 reps to do (912000 already in the output)
[       7s] 200/4000 reps  (0.035 s/rep, ETA 0.0 h)
[      15s] 400/4000 reps  (0.037 s/rep, ETA 0.0 h)
[      29s] 600/4000 reps  (0.048 s/rep, ETA 0.0 h)
[      40s] 800/4000 reps  (0.050 s/rep, ETA 0.0 h)
[      56s] 1000/4000 reps  (0.056 s/rep, ETA 0.0 h)
[      74s] 1200/4000 reps  (0.062 s/rep, ETA 0.0 h)
[      90s] 1400/4000 reps  (0.065 s/rep, ETA 0.0 h)
[     106s] 1600/4000 reps  (0.067 s/rep, ETA 0.0 h)
[     123s] 1800/4000 reps  (0.068 s/rep, ETA 0.0 h)
[     137s] 2000/4000 reps  (0.069 s/rep, ETA 0.0 h)
[     151s] 2200/4000 reps  (0.069 s/rep, ETA 0.0 h)
[     167s] 2400/4000 reps  (0.070 s/rep, ETA 0.0 h)
[     183s] 2600/4000 reps  (0.070 s/rep, ETA 0.0 h)
[     198s] 2800/4000 reps  (0.071 s/rep, ETA 0.0 h)
[     213s] 3000/4000 reps  (0.071 s/rep, ETA 0.0 h)
[     228s] 3200/4000 reps  (0.071 s/rep, ETA 0.0 h)
[     241s] 3400/4000 reps  (0.071 s/rep, ETA 0.0 h)
[     256s] 3600/4000 reps  (0.071 s/rep, ETA 0.0 h)
[     270s] 3800/4000 reps  (0.071 s/rep, ETA 0.0 h)
[     284s] 4000/4000 reps  (0.071 s/rep, ETA 0.0 h)
done: 4000 reps in 283.5s (0.071 s/rep)
[68473 s] reps done through 916000 of 1228158
1228158 reps loaded; swap symmetry on (weighted rep sums)
4000 reps to do (916000 already in the output)
[      14s] 200/4000 reps  (0.071 s/rep, ETA 0.1 h)
[      27s] 400/4000 reps  (0.067 s/rep, ETA 0.1 h)
[      39s] 600/4000 reps  (0.064 s/rep, ETA 0.1 h)
[      52s] 800/4000 reps  (0.065 s/rep, ETA 0.1 h)
[      66s] 1000/4000 reps  (0.066 s/rep, ETA 0.1 h)
[      80s] 1200/4000 reps  (0.067 s/rep, ETA 0.1 h)
[      92s] 1400/4000 reps  (0.066 s/rep, ETA 0.0 h)
[     106s] 1600/4000 reps  (0.066 s/rep, ETA 0.0 h)
[     119s] 1800/4000 reps  (0.066 s/rep, ETA 0.0 h)
[     132s] 2000/4000 reps  (0.066 s/rep, ETA 0.0 h)
[     144s] 2200/4000 reps  (0.065 s/rep, ETA 0.0 h)
[     157s] 2400/4000 reps  (0.065 s/rep, ETA 0.0 h)
[     168s] 2600/4000 reps  (0.065 s/rep, ETA 0.0 h)
[     178s] 2800/4000 reps  (0.064 s/rep, ETA 0.0 h)
[     190s] 3000/4000 reps  (0.063 s/rep, ETA 0.0 h)
[     201s] 3200/4000 reps  (0.063 s/rep, ETA 0.0 h)
[     210s] 3400/4000 reps  (0.062 s/rep, ETA 0.0 h)
[     227s] 3600/4000 reps  (0.063 s/rep, ETA 0.0 h)
[     243s] 3800/4000 reps  (0.064 s/rep, ETA 0.0 h)
[     258s] 4000/4000 reps  (0.065 s/rep, ETA 0.0 h)
done: 4000 reps in 258.1s (0.065 s/rep)
[68732 s] reps done through 920000 of 1228158
1228158 reps loaded; swap symmetry on (weighted rep sums)
4000 reps to do (920000 already in the output)
[      14s] 200/4000 reps  (0.069 s/rep, ETA 0.1 h)
[      29s] 400/4000 reps  (0.073 s/rep, ETA 0.1 h)
[      44s] 600/4000 reps  (0.073 s/rep, ETA 0.1 h)
[      57s] 800/4000 reps  (0.071 s/rep, ETA 0.1 h)
[      70s] 1000/4000 reps  (0.070 s/rep, ETA 0.1 h)
[      84s] 1200/4000 reps  (0.070 s/rep, ETA 0.1 h)
[      98s] 1400/4000 reps  (0.070 s/rep, ETA 0.1 h)
[     112s] 1600/4000 reps  (0.070 s/rep, ETA 0.0 h)
[     127s] 1800/4000 reps  (0.070 s/rep, ETA 0.0 h)
[     141s] 2000/4000 reps  (0.070 s/rep, ETA 0.0 h)
[     154s] 2200/4000 reps  (0.070 s/rep, ETA 0.0 h)
[     167s] 2400/4000 reps  (0.070 s/rep, ETA 0.0 h)
[     180s] 2600/4000 reps  (0.069 s/rep, ETA 0.0 h)
[     194s] 2800/4000 reps  (0.069 s/rep, ETA 0.0 h)
[     207s] 3000/4000 reps  (0.069 s/rep, ETA 0.0 h)
[     219s] 3200/4000 reps  (0.068 s/rep, ETA 0.0 h)
[     231s] 3400/4000 reps  (0.068 s/rep, ETA 0.0 h)
[     244s] 3600/4000 reps  (0.068 s/rep, ETA 0.0 h)
[     255s] 3800/4000 reps  (0.067 s/rep, ETA 0.0 h)
[     266s] 4000/4000 reps  (0.066 s/rep, ETA 0.0 h)
done: 4000 reps in 265.7s (0.066 s/rep)
[68998 s] reps done through 924000 of 1228158
1228158 reps loaded; swap symmetry on (weighted rep sums)
4000 reps to do (924000 already in the output)
[      10s] 200/4000 reps  (0.051 s/rep, ETA 0.1 h)
[      23s] 400/4000 reps  (0.058 s/rep, ETA 0.1 h)
[      35s] 600/4000 reps  (0.058 s/rep, ETA 0.1 h)
[      46s] 800/4000 reps  (0.058 s/rep, ETA 0.1 h)
[      57s] 1000/4000 reps  (0.057 s/rep, ETA 0.0 h)
[      71s] 1200/4000 reps  (0.059 s/rep, ETA 0.0 h)
[      83s] 1400/4000 reps  (0.059 s/rep, ETA 0.0 h)
[      94s] 1600/4000 reps  (0.059 s/rep, ETA 0.0 h)
[     103s] 1800/4000 reps  (0.057 s/rep, ETA 0.0 h)
[     115s] 2000/4000 reps  (0.058 s/rep, ETA 0.0 h)
[     126s] 2200/4000 reps  (0.057 s/rep, ETA 0.0 h)
[     136s] 2400/4000 reps  (0.057 s/rep, ETA 0.0 h)
[     145s] 2600/4000 reps  (0.056 s/rep, ETA 0.0 h)
[     154s] 2800/4000 reps  (0.055 s/rep, ETA 0.0 h)
[     165s] 3000/4000 reps  (0.055 s/rep, ETA 0.0 h)
[     175s] 3200/4000 reps  (0.055 s/rep, ETA 0.0 h)
[     185s] 3400/4000 reps  (0.054 s/rep, ETA 0.0 h)
[     200s] 3600/4000 reps  (0.056 s/rep, ETA 0.0 h)
[     216s] 3800/4000 reps  (0.057 s/rep, ETA 0.0 h)
[     232s] 4000/4000 reps  (0.058 s/rep, ETA 0.0 h)
done: 4000 reps in 231.5s (0.058 s/rep)
[69230 s] reps done through 928000 of 1228158
1228158 reps loaded; swap symmetry on (weighted rep sums)
4000 reps to do (928000 already in the output)
[      16s] 200/4000 reps  (0.078 s/rep, ETA 0.1 h)
[      31s] 400/4000 reps  (0.077 s/rep, ETA 0.1 h)
[      45s] 600/4000 reps  (0.074 s/rep, ETA 0.1 h)
[      59s] 800/4000 reps  (0.074 s/rep, ETA 0.1 h)
[      74s] 1000/4000 reps  (0.074 s/rep, ETA 0.1 h)
[      88s] 1200/4000 reps  (0.073 s/rep, ETA 0.1 h)
[     101s] 1400/4000 reps  (0.072 s/rep, ETA 0.1 h)
[     114s] 1600/4000 reps  (0.071 s/rep, ETA 0.0 h)
[     127s] 1800/4000 reps  (0.071 s/rep, ETA 0.0 h)
[     138s] 2000/4000 reps  (0.069 s/rep, ETA 0.0 h)
[     152s] 2200/4000 reps  (0.069 s/rep, ETA 0.0 h)
[     166s] 2400/4000 reps  (0.069 s/rep, ETA 0.0 h)
[     180s] 2600/4000 reps  (0.069 s/rep, ETA 0.0 h)
[     194s] 2800/4000 reps  (0.069 s/rep, ETA 0.0 h)
[     207s] 3000/4000 reps  (0.069 s/rep, ETA 0.0 h)
[     219s] 3200/4000 reps  (0.069 s/rep, ETA 0.0 h)
[     231s] 3400/4000 reps  (0.068 s/rep, ETA 0.0 h)
[     245s] 3600/4000 reps  (0.068 s/rep, ETA 0.0 h)
[     257s] 3800/4000 reps  (0.068 s/rep, ETA 0.0 h)
[     268s] 4000/4000 reps  (0.067 s/rep, ETA 0.0 h)
done: 4000 reps in 267.8s (0.067 s/rep)
[69499 s] reps done through 932000 of 1228158
1228158 reps loaded; swap symmetry on (weighted rep sums)
4000 reps to do (932000 already in the output)
[      13s] 200/4000 reps  (0.063 s/rep, ETA 0.1 h)
[      24s] 400/4000 reps  (0.059 s/rep, ETA 0.1 h)
[      34s] 600/4000 reps  (0.057 s/rep, ETA 0.1 h)
[      44s] 800/4000 reps  (0.055 s/rep, ETA 0.0 h)
[      59s] 1000/4000 reps  (0.059 s/rep, ETA 0.0 h)
[      73s] 1200/4000 reps  (0.061 s/rep, ETA 0.0 h)
[      86s] 1400/4000 reps  (0.062 s/rep, ETA 0.0 h)
[     100s] 1600/4000 reps  (0.062 s/rep, ETA 0.0 h)
[     112s] 1800/4000 reps  (0.062 s/rep, ETA 0.0 h)
[     124s] 2000/4000 reps  (0.062 s/rep, ETA 0.0 h)
[     137s] 2200/4000 reps  (0.062 s/rep, ETA 0.0 h)
[     149s] 2400/4000 reps  (0.062 s/rep, ETA 0.0 h)
[     162s] 2600/4000 reps  (0.062 s/rep, ETA 0.0 h)
[     173s] 2800/4000 reps  (0.062 s/rep, ETA 0.0 h)
[     185s] 3000/4000 reps  (0.062 s/rep, ETA 0.0 h)
[     196s] 3200/4000 reps  (0.061 s/rep, ETA 0.0 h)
[     206s] 3400/4000 reps  (0.060 s/rep, ETA 0.0 h)
[     216s] 3600/4000 reps  (0.060 s/rep, ETA 0.0 h)
[     229s] 3800/4000 reps  (0.060 s/rep, ETA 0.0 h)
[     240s] 4000/4000 reps  (0.060 s/rep, ETA 0.0 h)
done: 4000 reps in 239.7s (0.060 s/rep)
[69739 s] reps done through 936000 of 1228158
1228158 reps loaded; swap symmetry on (weighted rep sums)
4000 reps to do (936000 already in the output)
[      11s] 200/4000 reps  (0.056 s/rep, ETA 0.1 h)
[      22s] 400/4000 reps  (0.054 s/rep, ETA 0.1 h)
[      31s] 600/4000 reps  (0.052 s/rep, ETA 0.0 h)
[      45s] 800/4000 reps  (0.056 s/rep, ETA 0.0 h)
[      57s] 1000/4000 reps  (0.057 s/rep, ETA 0.0 h)
[      68s] 1200/4000 reps  (0.057 s/rep, ETA 0.0 h)
[      81s] 1400/4000 reps  (0.058 s/rep, ETA 0.0 h)
[      92s] 1600/4000 reps  (0.057 s/rep, ETA 0.0 h)
[     102s] 1800/4000 reps  (0.057 s/rep, ETA 0.0 h)
[     112s] 2000/4000 reps  (0.056 s/rep, ETA 0.0 h)
[     124s] 2200/4000 reps  (0.056 s/rep, ETA 0.0 h)
[     135s] 2400/4000 reps  (0.056 s/rep, ETA 0.0 h)
[     145s] 2600/4000 reps  (0.056 s/rep, ETA 0.0 h)
[     155s] 2800/4000 reps  (0.055 s/rep, ETA 0.0 h)
[     164s] 3000/4000 reps  (0.055 s/rep, ETA 0.0 h)
[     173s] 3200/4000 reps  (0.054 s/rep, ETA 0.0 h)
[     181s] 3400/4000 reps  (0.053 s/rep, ETA 0.0 h)
[     189s] 3600/4000 reps  (0.053 s/rep, ETA 0.0 h)
[     197s] 3800/4000 reps  (0.052 s/rep, ETA 0.0 h)
[     207s] 4000/4000 reps  (0.052 s/rep, ETA 0.0 h)
done: 4000 reps in 206.9s (0.052 s/rep)
[69947 s] reps done through 940000 of 1228158
1228158 reps loaded; swap symmetry on (weighted rep sums)
4000 reps to do (940000 already in the output)
[      15s] 200/4000 reps  (0.073 s/rep, ETA 0.1 h)
[      28s] 400/4000 reps  (0.071 s/rep, ETA 0.1 h)
[      42s] 600/4000 reps  (0.070 s/rep, ETA 0.1 h)
[      55s] 800/4000 reps  (0.069 s/rep, ETA 0.1 h)
[      69s] 1000/4000 reps  (0.069 s/rep, ETA 0.1 h)
[      81s] 1200/4000 reps  (0.067 s/rep, ETA 0.1 h)
[      94s] 1400/4000 reps  (0.067 s/rep, ETA 0.0 h)
[     107s] 1600/4000 reps  (0.067 s/rep, ETA 0.0 h)
[     120s] 1800/4000 reps  (0.066 s/rep, ETA 0.0 h)
[     131s] 2000/4000 reps  (0.066 s/rep, ETA 0.0 h)
[     144s] 2200/4000 reps  (0.065 s/rep, ETA 0.0 h)
[     155s] 2400/4000 reps  (0.065 s/rep, ETA 0.0 h)
[     166s] 2600/4000 reps  (0.064 s/rep, ETA 0.0 h)
[     176s] 2800/4000 reps  (0.063 s/rep, ETA 0.0 h)
[     188s] 3000/4000 reps  (0.063 s/rep, ETA 0.0 h)
[     201s] 3200/4000 reps  (0.063 s/rep, ETA 0.0 h)
[     212s] 3400/4000 reps  (0.062 s/rep, ETA 0.0 h)
[     225s] 3600/4000 reps  (0.062 s/rep, ETA 0.0 h)
[     236s] 3800/4000 reps  (0.062 s/rep, ETA 0.0 h)
[     248s] 4000/4000 reps  (0.062 s/rep, ETA 0.0 h)
done: 4000 reps in 247.8s (0.062 s/rep)
[70195 s] reps done through 944000 of 1228158
1228158 reps loaded; swap symmetry on (weighted rep sums)
4000 reps to do (944000 already in the output)
[      10s] 200/4000 reps  (0.050 s/rep, ETA 0.1 h)
[      21s] 400/4000 reps  (0.053 s/rep, ETA 0.1 h)
[      32s] 600/4000 reps  (0.054 s/rep, ETA 0.1 h)
[      43s] 800/4000 reps  (0.054 s/rep, ETA 0.0 h)
[      53s] 1000/4000 reps  (0.053 s/rep, ETA 0.0 h)
[      64s] 1200/4000 reps  (0.053 s/rep, ETA 0.0 h)
[      74s] 1400/4000 reps  (0.053 s/rep, ETA 0.0 h)
[      83s] 1600/4000 reps  (0.052 s/rep, ETA 0.0 h)
[      92s] 1800/4000 reps  (0.051 s/rep, ETA 0.0 h)
[     101s] 2000/4000 reps  (0.051 s/rep, ETA 0.0 h)
[     114s] 2200/4000 reps  (0.052 s/rep, ETA 0.0 h)
[     127s] 2400/4000 reps  (0.053 s/rep, ETA 0.0 h)
[     138s] 2600/4000 reps  (0.053 s/rep, ETA 0.0 h)
[     150s] 2800/4000 reps  (0.054 s/rep, ETA 0.0 h)
[     162s] 3000/4000 reps  (0.054 s/rep, ETA 0.0 h)
[     172s] 3200/4000 reps  (0.054 s/rep, ETA 0.0 h)
[     182s] 3400/4000 reps  (0.054 s/rep, ETA 0.0 h)
[     195s] 3600/4000 reps  (0.054 s/rep, ETA 0.0 h)
[     206s] 3800/4000 reps  (0.054 s/rep, ETA 0.0 h)
[     217s] 4000/4000 reps  (0.054 s/rep, ETA 0.0 h)
done: 4000 reps in 217.0s (0.054 s/rep)
[70413 s] reps done through 948000 of 1228158
1228158 reps loaded; swap symmetry on (weighted rep sums)
4000 reps to do (948000 already in the output)
[      10s] 200/4000 reps  (0.048 s/rep, ETA 0.1 h)
[      20s] 400/4000 reps  (0.050 s/rep, ETA 0.1 h)
[      29s] 600/4000 reps  (0.049 s/rep, ETA 0.0 h)
[      39s] 800/4000 reps  (0.048 s/rep, ETA 0.0 h)
[      46s] 1000/4000 reps  (0.046 s/rep, ETA 0.0 h)
[      56s] 1200/4000 reps  (0.046 s/rep, ETA 0.0 h)
[      65s] 1400/4000 reps  (0.046 s/rep, ETA 0.0 h)
[      74s] 1600/4000 reps  (0.046 s/rep, ETA 0.0 h)
[      82s] 1800/4000 reps  (0.046 s/rep, ETA 0.0 h)
[      93s] 2000/4000 reps  (0.046 s/rep, ETA 0.0 h)
[     103s] 2200/4000 reps  (0.047 s/rep, ETA 0.0 h)
[     113s] 2400/4000 reps  (0.047 s/rep, ETA 0.0 h)
[     123s] 2600/4000 reps  (0.047 s/rep, ETA 0.0 h)
[     133s] 2800/4000 reps  (0.047 s/rep, ETA 0.0 h)
[     143s] 3000/4000 reps  (0.048 s/rep, ETA 0.0 h)
[     150s] 3200/4000 reps  (0.047 s/rep, ETA 0.0 h)
[     160s] 3400/4000 reps  (0.047 s/rep, ETA 0.0 h)
[     169s] 3600/4000 reps  (0.047 s/rep, ETA 0.0 h)
[     179s] 3800/4000 reps  (0.047 s/rep, ETA 0.0 h)
[     186s] 4000/4000 reps  (0.047 s/rep, ETA 0.0 h)
done: 4000 reps in 186.5s (0.047 s/rep)
[70600 s] reps done through 952000 of 1228158
1228158 reps loaded; swap symmetry on (weighted rep sums)
4000 reps to do (952000 already in the output)
[       8s] 200/4000 reps  (0.041 s/rep, ETA 0.0 h)
[      16s] 400/4000 reps  (0.041 s/rep, ETA 0.0 h)
[      24s] 600/4000 reps  (0.040 s/rep, ETA 0.0 h)
[      31s] 800/4000 reps  (0.038 s/rep, ETA 0.0 h)
[      36s] 1000/4000 reps  (0.036 s/rep, ETA 0.0 h)
[      44s] 1200/4000 reps  (0.037 s/rep, ETA 0.0 h)
[      59s] 1400/4000 reps  (0.042 s/rep, ETA 0.0 h)
[      73s] 1600/4000 reps  (0.045 s/rep, ETA 0.0 h)
[      86s] 1800/4000 reps  (0.048 s/rep, ETA 0.0 h)
[      99s] 2000/4000 reps  (0.049 s/rep, ETA 0.0 h)
[     112s] 2200/4000 reps  (0.051 s/rep, ETA 0.0 h)
[     125s] 2400/4000 reps  (0.052 s/rep, ETA 0.0 h)
[     136s] 2600/4000 reps  (0.052 s/rep, ETA 0.0 h)
[     146s] 2800/4000 reps  (0.052 s/rep, ETA 0.0 h)
[     158s] 3000/4000 reps  (0.053 s/rep, ETA 0.0 h)
[     171s] 3200/4000 reps  (0.053 s/rep, ETA 0.0 h)
[     182s] 3400/4000 reps  (0.054 s/rep, ETA 0.0 h)
[     195s] 3600/4000 reps  (0.054 s/rep, ETA 0.0 h)
[     206s] 3800/4000 reps  (0.054 s/rep, ETA 0.0 h)
[     216s] 4000/4000 reps  (0.054 s/rep, ETA 0.0 h)
done: 4000 reps in 216.4s (0.054 s/rep)
[70817 s] reps done through 956000 of 1228158
1228158 reps loaded; swap symmetry on (weighted rep sums)
4000 reps to do (956000 already in the output)
[      10s] 200/4000 reps  (0.051 s/rep, ETA 0.1 h)
[      23s] 400/4000 reps  (0.057 s/rep, ETA 0.1 h)
[      34s] 600/4000 reps  (0.057 s/rep, ETA 0.1 h)
[      44s] 800/4000 reps  (0.056 s/rep, ETA 0.0 h)
[      55s] 1000/4000 reps  (0.055 s/rep, ETA 0.0 h)
[      65s] 1200/4000 reps  (0.054 s/rep, ETA 0.0 h)
[      75s] 1400/4000 reps  (0.053 s/rep, ETA 0.0 h)
[      83s] 1600/4000 reps  (0.052 s/rep, ETA 0.0 h)
[      91s] 1800/4000 reps  (0.050 s/rep, ETA 0.0 h)
[      99s] 2000/4000 reps  (0.050 s/rep, ETA 0.0 h)
[     110s] 2200/4000 reps  (0.050 s/rep, ETA 0.0 h)
[     120s] 2400/4000 reps  (0.050 s/rep, ETA 0.0 h)
[     129s] 2600/4000 reps  (0.050 s/rep, ETA 0.0 h)
[     137s] 2800/4000 reps  (0.049 s/rep, ETA 0.0 h)
[     147s] 3000/4000 reps  (0.049 s/rep, ETA 0.0 h)
[     156s] 3200/4000 reps  (0.049 s/rep, ETA 0.0 h)
[     163s] 3400/4000 reps  (0.048 s/rep, ETA 0.0 h)
[     170s] 3600/4000 reps  (0.047 s/rep, ETA 0.0 h)
[     175s] 3800/4000 reps  (0.046 s/rep, ETA 0.0 h)
[     189s] 4000/4000 reps  (0.047 s/rep, ETA 0.0 h)
done: 4000 reps in 188.7s (0.047 s/rep)
[71007 s] reps done through 960000 of 1228158
1228158 reps loaded; swap symmetry on (weighted rep sums)
4000 reps to do (960000 already in the output)
[      13s] 200/4000 reps  (0.064 s/rep, ETA 0.1 h)
[      24s] 400/4000 reps  (0.061 s/rep, ETA 0.1 h)
[      35s] 600/4000 reps  (0.058 s/rep, ETA 0.1 h)
[      47s] 800/4000 reps  (0.058 s/rep, ETA 0.1 h)
[      58s] 1000/4000 reps  (0.058 s/rep, ETA 0.0 h)
[      67s] 1200/4000 reps  (0.056 s/rep, ETA 0.0 h)
[      76s] 1400/4000 reps  (0.054 s/rep, ETA 0.0 h)
[      86s] 1600/4000 reps  (0.054 s/rep, ETA 0.0 h)
[      97s] 1800/4000 reps  (0.054 s/rep, ETA 0.0 h)
[     107s] 2000/4000 reps  (0.053 s/rep, ETA 0.0 h)
[     117s] 2200/4000 reps  (0.053 s/rep, ETA 0.0 h)
[     127s] 2400/4000 reps  (0.053 s/rep, ETA 0.0 h)
[     137s] 2600/4000 reps  (0.053 s/rep, ETA 0.0 h)
[     146s] 2800/4000 reps  (0.052 s/rep, ETA 0.0 h)
[     155s] 3000/4000 reps  (0.052 s/rep, ETA 0.0 h)
[     165s] 3200/4000 reps  (0.052 s/rep, ETA 0.0 h)
[     175s] 3400/4000 reps  (0.051 s/rep, ETA 0.0 h)
[     183s] 3600/4000 reps  (0.051 s/rep, ETA 0.0 h)
[     191s] 3800/4000 reps  (0.050 s/rep, ETA 0.0 h)
[     200s] 4000/4000 reps  (0.050 s/rep, ETA 0.0 h)
done: 4000 reps in 200.1s (0.050 s/rep)
[71208 s] reps done through 964000 of 1228158
1228158 reps loaded; swap symmetry on (weighted rep sums)
4000 reps to do (964000 already in the output)
[       8s] 200/4000 reps  (0.039 s/rep, ETA 0.0 h)
[      15s] 400/4000 reps  (0.038 s/rep, ETA 0.0 h)
[      21s] 600/4000 reps  (0.035 s/rep, ETA 0.0 h)
[      29s] 800/4000 reps  (0.036 s/rep, ETA 0.0 h)
[      38s] 1000/4000 reps  (0.038 s/rep, ETA 0.0 h)
[      46s] 1200/4000 reps  (0.039 s/rep, ETA 0.0 h)
[      54s] 1400/4000 reps  (0.038 s/rep, ETA 0.0 h)
[      60s] 1600/4000 reps  (0.037 s/rep, ETA 0.0 h)
[      68s] 1800/4000 reps  (0.038 s/rep, ETA 0.0 h)
[      75s] 2000/4000 reps  (0.038 s/rep, ETA 0.0 h)
[      82s] 2200/4000 reps  (0.037 s/rep, ETA 0.0 h)
[      88s] 2400/4000 reps  (0.036 s/rep, ETA 0.0 h)
[      92s] 2600/4000 reps  (0.036 s/rep, ETA 0.0 h)
[     109s] 2800/4000 reps  (0.039 s/rep, ETA 0.0 h)
[     123s] 3000/4000 reps  (0.041 s/rep, ETA 0.0 h)
[     137s] 3200/4000 reps  (0.043 s/rep, ETA 0.0 h)
[     151s] 3400/4000 reps  (0.044 s/rep, ETA 0.0 h)
[     164s] 3600/4000 reps  (0.045 s/rep, ETA 0.0 h)
[     176s] 3800/4000 reps  (0.046 s/rep, ETA 0.0 h)
[     190s] 4000/4000 reps  (0.047 s/rep, ETA 0.0 h)
done: 4000 reps in 189.7s (0.047 s/rep)
[71398 s] reps done through 968000 of 1228158
1228158 reps loaded; swap symmetry on (weighted rep sums)
4000 reps to do (968000 already in the output)
[      13s] 200/4000 reps  (0.063 s/rep, ETA 0.1 h)
[      25s] 400/4000 reps  (0.062 s/rep, ETA 0.1 h)
[      36s] 600/4000 reps  (0.060 s/rep, ETA 0.1 h)
[      48s] 800/4000 reps  (0.060 s/rep, ETA 0.1 h)
[      58s] 1000/4000 reps  (0.058 s/rep, ETA 0.0 h)
[      72s] 1200/4000 reps  (0.060 s/rep, ETA 0.0 h)
[      85s] 1400/4000 reps  (0.061 s/rep, ETA 0.0 h)
[      97s] 1600/4000 reps  (0.061 s/rep, ETA 0.0 h)
[     108s] 1800/4000 reps  (0.060 s/rep, ETA 0.0 h)
[     120s] 2000/4000 reps  (0.060 s/rep, ETA 0.0 h)
[     132s] 2200/4000 reps  (0.060 s/rep, ETA 0.0 h)
[     143s] 2400/4000 reps  (0.059 s/rep, ETA 0.0 h)
[     153s] 2600/4000 reps  (0.059 s/rep, ETA 0.0 h)
[     164s] 2800/4000 reps  (0.059 s/rep, ETA 0.0 h)
[     175s] 3000/4000 reps  (0.058 s/rep, ETA 0.0 h)
[     184s] 3200/4000 reps  (0.058 s/rep, ETA 0.0 h)
[     193s] 3400/4000 reps  (0.057 s/rep, ETA 0.0 h)
[     202s] 3600/4000 reps  (0.056 s/rep, ETA 0.0 h)
[     212s] 3800/4000 reps  (0.056 s/rep, ETA 0.0 h)
[     219s] 4000/4000 reps  (0.055 s/rep, ETA 0.0 h)
done: 4000 reps in 219.3s (0.055 s/rep)
[71618 s] reps done through 972000 of 1228158
1228158 reps loaded; swap symmetry on (weighted rep sums)
4000 reps to do (972000 already in the output)
[      15s] 200/4000 reps  (0.073 s/rep, ETA 0.1 h)
[      29s] 400/4000 reps  (0.073 s/rep, ETA 0.1 h)
[      43s] 600/4000 reps  (0.072 s/rep, ETA 0.1 h)
[      56s] 800/4000 reps  (0.070 s/rep, ETA 0.1 h)
[      71s] 1000/4000 reps  (0.071 s/rep, ETA 0.1 h)
[      85s] 1200/4000 reps  (0.071 s/rep, ETA 0.1 h)
[      99s] 1400/4000 reps  (0.070 s/rep, ETA 0.1 h)
[     111s] 1600/4000 reps  (0.070 s/rep, ETA 0.0 h)
[     124s] 1800/4000 reps  (0.069 s/rep, ETA 0.0 h)
[     135s] 2000/4000 reps  (0.068 s/rep, ETA 0.0 h)
[     151s] 2200/4000 reps  (0.069 s/rep, ETA 0.0 h)
[     166s] 2400/4000 reps  (0.069 s/rep, ETA 0.0 h)
[     180s] 2600/4000 reps  (0.069 s/rep, ETA 0.0 h)
[     194s] 2800/4000 reps  (0.069 s/rep, ETA 0.0 h)
[     208s] 3000/4000 reps  (0.069 s/rep, ETA 0.0 h)
[     221s] 3200/4000 reps  (0.069 s/rep, ETA 0.0 h)
[     235s] 3400/4000 reps  (0.069 s/rep, ETA 0.0 h)
[     247s] 3600/4000 reps  (0.069 s/rep, ETA 0.0 h)
[     258s] 3800/4000 reps  (0.068 s/rep, ETA 0.0 h)
[     273s] 4000/4000 reps  (0.068 s/rep, ETA 0.0 h)
done: 4000 reps in 273.1s (0.068 s/rep)
[71892 s] reps done through 976000 of 1228158
1228158 reps loaded; swap symmetry on (weighted rep sums)
4000 reps to do (976000 already in the output)
[      13s] 200/4000 reps  (0.065 s/rep, ETA 0.1 h)
[      26s] 400/4000 reps  (0.064 s/rep, ETA 0.1 h)
[      37s] 600/4000 reps  (0.061 s/rep, ETA 0.1 h)
[      50s] 800/4000 reps  (0.063 s/rep, ETA 0.1 h)
[      62s] 1000/4000 reps  (0.062 s/rep, ETA 0.1 h)
[      74s] 1200/4000 reps  (0.061 s/rep, ETA 0.0 h)
[      85s] 1400/4000 reps  (0.060 s/rep, ETA 0.0 h)
[      95s] 1600/4000 reps  (0.059 s/rep, ETA 0.0 h)
[     105s] 1800/4000 reps  (0.058 s/rep, ETA 0.0 h)
[     119s] 2000/4000 reps  (0.059 s/rep, ETA 0.0 h)
[     132s] 2200/4000 reps  (0.060 s/rep, ETA 0.0 h)
[     144s] 2400/4000 reps  (0.060 s/rep, ETA 0.0 h)
[     158s] 2600/4000 reps  (0.061 s/rep, ETA 0.0 h)
[     171s] 2800/4000 reps  (0.061 s/rep, ETA 0.0 h)
[     185s] 3000/4000 reps  (0.062 s/rep, ETA 0.0 h)
[     197s] 3200/4000 reps  (0.061 s/rep, ETA 0.0 h)
[     210s] 3400/4000 reps  (0.062 s/rep, ETA 0.0 h)
[     222s] 3600/4000 reps  (0.062 s/rep, ETA 0.0 h)
[     234s] 3800/4000 reps  (0.061 s/rep, ETA 0.0 h)
[     245s] 4000/4000 reps  (0.061 s/rep, ETA 0.0 h)
done: 4000 reps in 244.9s (0.061 s/rep)
[72138 s] reps done through 980000 of 1228158
1228158 reps loaded; swap symmetry on (weighted rep sums)
4000 reps to do (980000 already in the output)
[      10s] 200/4000 reps  (0.049 s/rep, ETA 0.1 h)
[      21s] 400/4000 reps  (0.054 s/rep, ETA 0.1 h)
[      33s] 600/4000 reps  (0.055 s/rep, ETA 0.1 h)
[      44s] 800/4000 reps  (0.056 s/rep, ETA 0.0 h)
[      56s] 1000/4000 reps  (0.056 s/rep, ETA 0.0 h)
[      66s] 1200/4000 reps  (0.055 s/rep, ETA 0.0 h)
[      75s] 1400/4000 reps  (0.054 s/rep, ETA 0.0 h)
[      89s] 1600/4000 reps  (0.055 s/rep, ETA 0.0 h)
[     101s] 1800/4000 reps  (0.056 s/rep, ETA 0.0 h)
[     112s] 2000/4000 reps  (0.056 s/rep, ETA 0.0 h)
[     125s] 2200/4000 reps  (0.057 s/rep, ETA 0.0 h)
[     137s] 2400/4000 reps  (0.057 s/rep, ETA 0.0 h)
[     148s] 2600/4000 reps  (0.057 s/rep, ETA 0.0 h)
[     159s] 2800/4000 reps  (0.057 s/rep, ETA 0.0 h)
[     169s] 3000/4000 reps  (0.056 s/rep, ETA 0.0 h)
[     180s] 3200/4000 reps  (0.056 s/rep, ETA 0.0 h)
[     191s] 3400/4000 reps  (0.056 s/rep, ETA 0.0 h)
[     202s] 3600/4000 reps  (0.056 s/rep, ETA 0.0 h)
[     212s] 3800/4000 reps  (0.056 s/rep, ETA 0.0 h)
[     222s] 4000/4000 reps  (0.055 s/rep, ETA 0.0 h)
done: 4000 reps in 221.8s (0.055 s/rep)
[72361 s] reps done through 984000 of 1228158
1228158 reps loaded; swap symmetry on (weighted rep sums)
4000 reps to do (984000 already in the output)
[      11s] 200/4000 reps  (0.057 s/rep, ETA 0.1 h)
[      22s] 400/4000 reps  (0.055 s/rep, ETA 0.1 h)
[      31s] 600/4000 reps  (0.052 s/rep, ETA 0.0 h)
[      42s] 800/4000 reps  (0.052 s/rep, ETA 0.0 h)
[      51s] 1000/4000 reps  (0.051 s/rep, ETA 0.0 h)
[      58s] 1200/4000 reps  (0.049 s/rep, ETA 0.0 h)
[      69s] 1400/4000 reps  (0.049 s/rep, ETA 0.0 h)
[      82s] 1600/4000 reps  (0.051 s/rep, ETA 0.0 h)
[      94s] 1800/4000 reps  (0.052 s/rep, ETA 0.0 h)
[     107s] 2000/4000 reps  (0.054 s/rep, ETA 0.0 h)
[     121s] 2200/4000 reps  (0.055 s/rep, ETA 0.0 h)
[     135s] 2400/4000 reps  (0.056 s/rep, ETA 0.0 h)
[     148s] 2600/4000 reps  (0.057 s/rep, ETA 0.0 h)
[     160s] 2800/4000 reps  (0.057 s/rep, ETA 0.0 h)
[     173s] 3000/4000 reps  (0.058 s/rep, ETA 0.0 h)
[     186s] 3200/4000 reps  (0.058 s/rep, ETA 0.0 h)
[     198s] 3400/4000 reps  (0.058 s/rep, ETA 0.0 h)
[     210s] 3600/4000 reps  (0.058 s/rep, ETA 0.0 h)
[     221s] 3800/4000 reps  (0.058 s/rep, ETA 0.0 h)
[     231s] 4000/4000 reps  (0.058 s/rep, ETA 0.0 h)
done: 4000 reps in 231.0s (0.058 s/rep)
[72592 s] reps done through 988000 of 1228158
1228158 reps loaded; swap symmetry on (weighted rep sums)
4000 reps to do (988000 already in the output)
[      12s] 200/4000 reps  (0.058 s/rep, ETA 0.1 h)
[      23s] 400/4000 reps  (0.058 s/rep, ETA 0.1 h)
[      34s] 600/4000 reps  (0.057 s/rep, ETA 0.1 h)
[      45s] 800/4000 reps  (0.056 s/rep, ETA 0.0 h)
[      54s] 1000/4000 reps  (0.054 s/rep, ETA 0.0 h)
[      67s] 1200/4000 reps  (0.056 s/rep, ETA 0.0 h)
[      78s] 1400/4000 reps  (0.056 s/rep, ETA 0.0 h)
[      91s] 1600/4000 reps  (0.057 s/rep, ETA 0.0 h)
[     103s] 1800/4000 reps  (0.057 s/rep, ETA 0.0 h)
[     114s] 2000/4000 reps  (0.057 s/rep, ETA 0.0 h)
[     125s] 2200/4000 reps  (0.057 s/rep, ETA 0.0 h)
[     134s] 2400/4000 reps  (0.056 s/rep, ETA 0.0 h)
[     145s] 2600/4000 reps  (0.056 s/rep, ETA 0.0 h)
[     157s] 2800/4000 reps  (0.056 s/rep, ETA 0.0 h)
[     169s] 3000/4000 reps  (0.056 s/rep, ETA 0.0 h)
[     180s] 3200/4000 reps  (0.056 s/rep, ETA 0.0 h)
[     190s] 3400/4000 reps  (0.056 s/rep, ETA 0.0 h)
[     200s] 3600/4000 reps  (0.056 s/rep, ETA 0.0 h)
[     211s] 3800/4000 reps  (0.056 s/rep, ETA 0.0 h)
[     223s] 4000/4000 reps  (0.056 s/rep, ETA 0.0 h)
done: 4000 reps in 222.7s (0.056 s/rep)
[72816 s] reps done through 992000 of 1228158
1228158 reps loaded; swap symmetry on (weighted rep sums)
4000 reps to do (992000 already in the output)
[       9s] 200/4000 reps  (0.046 s/rep, ETA 0.0 h)
[      20s] 400/4000 reps  (0.049 s/rep, ETA 0.0 h)
[      29s] 600/4000 reps  (0.048 s/rep, ETA 0.0 h)
[      38s] 800/4000 reps  (0.047 s/rep, ETA 0.0 h)
[      45s] 1000/4000 reps  (0.045 s/rep, ETA 0.0 h)
[      56s] 1200/4000 reps  (0.047 s/rep, ETA 0.0 h)
[      68s] 1400/4000 reps  (0.048 s/rep, ETA 0.0 h)
[      78s] 1600/4000 reps  (0.048 s/rep, ETA 0.0 h)
[      89s] 1800/4000 reps  (0.050 s/rep, ETA 0.0 h)
[     102s] 2000/4000 reps  (0.051 s/rep, ETA 0.0 h)
[     113s] 2200/4000 reps  (0.051 s/rep, ETA 0.0 h)
[     123s] 2400/4000 reps  (0.051 s/rep, ETA 0.0 h)
[     136s] 2600/4000 reps  (0.052 s/rep, ETA 0.0 h)
[     147s] 2800/4000 reps  (0.053 s/rep, ETA 0.0 h)
[     158s] 3000/4000 reps  (0.053 s/rep, ETA 0.0 h)
[     168s] 3200/4000 reps  (0.053 s/rep, ETA 0.0 h)
[     178s] 3400/4000 reps  (0.052 s/rep, ETA 0.0 h)
[     188s] 3600/4000 reps  (0.052 s/rep, ETA 0.0 h)
[     196s] 3800/4000 reps  (0.052 s/rep, ETA 0.0 h)
[     205s] 4000/4000 reps  (0.051 s/rep, ETA 0.0 h)
done: 4000 reps in 204.6s (0.051 s/rep)
[73021 s] reps done through 996000 of 1228158
1228158 reps loaded; swap symmetry on (weighted rep sums)
4000 reps to do (996000 already in the output)
[      10s] 200/4000 reps  (0.049 s/rep, ETA 0.1 h)
[      19s] 400/4000 reps  (0.046 s/rep, ETA 0.0 h)
[      26s] 600/4000 reps  (0.044 s/rep, ETA 0.0 h)
[      35s] 800/4000 reps  (0.044 s/rep, ETA 0.0 h)
[      46s] 1000/4000 reps  (0.046 s/rep, ETA 0.0 h)
[      55s] 1200/4000 reps  (0.046 s/rep, ETA 0.0 h)
[      65s] 1400/4000 reps  (0.046 s/rep, ETA 0.0 h)
[      74s] 1600/4000 reps  (0.046 s/rep, ETA 0.0 h)
[      82s] 1800/4000 reps  (0.046 s/rep, ETA 0.0 h)
[      93s] 2000/4000 reps  (0.046 s/rep, ETA 0.0 h)
[     102s] 2200/4000 reps  (0.046 s/rep, ETA 0.0 h)
[     112s] 2400/4000 reps  (0.047 s/rep, ETA 0.0 h)
[     121s] 2600/4000 reps  (0.047 s/rep, ETA 0.0 h)
[     129s] 2800/4000 reps  (0.046 s/rep, ETA 0.0 h)
[     138s] 3000/4000 reps  (0.046 s/rep, ETA 0.0 h)
[     148s] 3200/4000 reps  (0.046 s/rep, ETA 0.0 h)
[     157s] 3400/4000 reps  (0.046 s/rep, ETA 0.0 h)
[     165s] 3600/4000 reps  (0.046 s/rep, ETA 0.0 h)
[     173s] 3800/4000 reps  (0.046 s/rep, ETA 0.0 h)
[     182s] 4000/4000 reps  (0.045 s/rep, ETA 0.0 h)
done: 4000 reps in 181.9s (0.045 s/rep)
[73203 s] reps done through 1000000 of 1228158
1228158 reps loaded; swap symmetry on (weighted rep sums)
4000 reps to do (1000000 already in the output)
[       7s] 200/4000 reps  (0.036 s/rep, ETA 0.0 h)
[      14s] 400/4000 reps  (0.035 s/rep, ETA 0.0 h)
[      20s] 600/4000 reps  (0.033 s/rep, ETA 0.0 h)
[      31s] 800/4000 reps  (0.038 s/rep, ETA 0.0 h)
[      41s] 1000/4000 reps  (0.041 s/rep, ETA 0.0 h)
[      53s] 1200/4000 reps  (0.044 s/rep, ETA 0.0 h)
[      63s] 1400/4000 reps  (0.045 s/rep, ETA 0.0 h)
[      76s] 1600/4000 reps  (0.048 s/rep, ETA 0.0 h)
[      87s] 1800/4000 reps  (0.048 s/rep, ETA 0.0 h)
[      99s] 2000/4000 reps  (0.050 s/rep, ETA 0.0 h)
[     110s] 2200/4000 reps  (0.050 s/rep, ETA 0.0 h)
[     120s] 2400/4000 reps  (0.050 s/rep, ETA 0.0 h)
[     130s] 2600/4000 reps  (0.050 s/rep, ETA 0.0 h)
[     139s] 2800/4000 reps  (0.050 s/rep, ETA 0.0 h)
[     148s] 3000/4000 reps  (0.049 s/rep, ETA 0.0 h)
[     156s] 3200/4000 reps  (0.049 s/rep, ETA 0.0 h)
[     165s] 3400/4000 reps  (0.048 s/rep, ETA 0.0 h)
[     174s] 3600/4000 reps  (0.048 s/rep, ETA 0.0 h)
[     184s] 3800/4000 reps  (0.048 s/rep, ETA 0.0 h)
[     193s] 4000/4000 reps  (0.048 s/rep, ETA 0.0 h)
done: 4000 reps in 193.4s (0.048 s/rep)
[73398 s] reps done through 1004000 of 1228158
1228158 reps loaded; swap symmetry on (weighted rep sums)
4000 reps to do (1004000 already in the output)
[       9s] 200/4000 reps  (0.047 s/rep, ETA 0.0 h)
[      18s] 400/4000 reps  (0.045 s/rep, ETA 0.0 h)
[      25s] 600/4000 reps  (0.042 s/rep, ETA 0.0 h)
[      33s] 800/4000 reps  (0.041 s/rep, ETA 0.0 h)
[      40s] 1000/4000 reps  (0.040 s/rep, ETA 0.0 h)
[      47s] 1200/4000 reps  (0.040 s/rep, ETA 0.0 h)
[      55s] 1400/4000 reps  (0.040 s/rep, ETA 0.0 h)
[      64s] 1600/4000 reps  (0.040 s/rep, ETA 0.0 h)
[      75s] 1800/4000 reps  (0.042 s/rep, ETA 0.0 h)
[      84s] 2000/4000 reps  (0.042 s/rep, ETA 0.0 h)
[      94s] 2200/4000 reps  (0.043 s/rep, ETA 0.0 h)
[     104s] 2400/4000 reps  (0.043 s/rep, ETA 0.0 h)
[     111s] 2600/4000 reps  (0.043 s/rep, ETA 0.0 h)
[     120s] 2800/4000 reps  (0.043 s/rep, ETA 0.0 h)
[     127s] 3000/4000 reps  (0.042 s/rep, ETA 0.0 h)
[     134s] 3200/4000 reps  (0.042 s/rep, ETA 0.0 h)
[     139s] 3400/4000 reps  (0.041 s/rep, ETA 0.0 h)
[     148s] 3600/4000 reps  (0.041 s/rep, ETA 0.0 h)
[     156s] 3800/4000 reps  (0.041 s/rep, ETA 0.0 h)
[     164s] 4000/4000 reps  (0.041 s/rep, ETA 0.0 h)
done: 4000 reps in 163.6s (0.041 s/rep)
[73562 s] reps done through 1008000 of 1228158
1228158 reps loaded; swap symmetry on (weighted rep sums)
4000 reps to do (1008000 already in the output)
[       8s] 200/4000 reps  (0.041 s/rep, ETA 0.0 h)
[      15s] 400/4000 reps  (0.038 s/rep, ETA 0.0 h)
[      21s] 600/4000 reps  (0.035 s/rep, ETA 0.0 h)
[      28s] 800/4000 reps  (0.035 s/rep, ETA 0.0 h)
[      34s] 1000/4000 reps  (0.034 s/rep, ETA 0.0 h)
[      38s] 1200/4000 reps  (0.032 s/rep, ETA 0.0 h)
[      48s] 1400/4000 reps  (0.035 s/rep, ETA 0.0 h)
[      60s] 1600/4000 reps  (0.038 s/rep, ETA 0.0 h)
[      70s] 1800/4000 reps  (0.039 s/rep, ETA 0.0 h)
[      81s] 2000/4000 reps  (0.041 s/rep, ETA 0.0 h)
[      91s] 2200/4000 reps  (0.041 s/rep, ETA 0.0 h)
[      99s] 2400/4000 reps  (0.041 s/rep, ETA 0.0 h)
[     108s] 2600/4000 reps  (0.042 s/rep, ETA 0.0 h)
[     119s] 2800/4000 reps  (0.042 s/rep, ETA 0.0 h)
[     128s] 3000/4000 reps  (0.043 s/rep, ETA 0.0 h)
[     138s] 3200/4000 reps  (0.043 s/rep, ETA 0.0 h)
[     146s] 3400/4000 reps  (0.043 s/rep, ETA 0.0 h)
[     155s] 3600/4000 reps  (0.043 s/rep, ETA 0.0 h)
[     163s] 3800/4000 reps  (0.043 s/rep, ETA 0.0 h)
[     171s] 4000/4000 reps  (0.043 s/rep, ETA 0.0 h)
done: 4000 reps in 171.2s (0.043 s/rep)
[73733 s] reps done through 1012000 of 1228158
1228158 reps loaded; swap symmetry on (weighted rep sums)
4000 reps to do (1012000 already in the output)
[       9s] 200/4000 reps  (0.043 s/rep, ETA 0.0 h)
[      16s] 400/4000 reps  (0.039 s/rep, ETA 0.0 h)
[      24s] 600/4000 reps  (0.040 s/rep, ETA 0.0 h)
[      31s] 800/4000 reps  (0.039 s/rep, ETA 0.0 h)
[      38s] 1000/4000 reps  (0.038 s/rep, ETA 0.0 h)
[      44s] 1200/4000 reps  (0.037 s/rep, ETA 0.0 h)
[      52s] 1400/4000 reps  (0.037 s/rep, ETA 0.0 h)
[      59s] 1600/4000 reps  (0.037 s/rep, ETA 0.0 h)
[      65s] 1800/4000 reps  (0.036 s/rep, ETA 0.0 h)
[      71s] 2000/4000 reps  (0.036 s/rep, ETA 0.0 h)
[      76s] 2200/4000 reps  (0.035 s/rep, ETA 0.0 h)
[      82s] 2400/4000 reps  (0.034 s/rep, ETA 0.0 h)
[      89s] 2600/4000 reps  (0.034 s/rep, ETA 0.0 h)
[      94s] 2800/4000 reps  (0.034 s/rep, ETA 0.0 h)
[      99s] 3000/4000 reps  (0.033 s/rep, ETA 0.0 h)
[     104s] 3200/4000 reps  (0.033 s/rep, ETA 0.0 h)
[     115s] 3400/4000 reps  (0.034 s/rep, ETA 0.0 h)
[     125s] 3600/4000 reps  (0.035 s/rep, ETA 0.0 h)
[     134s] 3800/4000 reps  (0.035 s/rep, ETA 0.0 h)
[     143s] 4000/4000 reps  (0.036 s/rep, ETA 0.0 h)
done: 4000 reps in 142.8s (0.036 s/rep)
[73877 s] reps done through 1016000 of 1228158
1228158 reps loaded; swap symmetry on (weighted rep sums)
4000 reps to do (1016000 already in the output)
[       8s] 200/4000 reps  (0.039 s/rep, ETA 0.0 h)
[      15s] 400/4000 reps  (0.039 s/rep, ETA 0.0 h)
[      24s] 600/4000 reps  (0.040 s/rep, ETA 0.0 h)
[      32s] 800/4000 reps  (0.040 s/rep, ETA 0.0 h)
[      39s] 1000/4000 reps  (0.039 s/rep, ETA 0.0 h)
[      46s] 1200/4000 reps  (0.039 s/rep, ETA 0.0 h)
[      53s] 1400/4000 reps  (0.038 s/rep, ETA 0.0 h)
[      64s] 1600/4000 reps  (0.040 s/rep, ETA 0.0 h)
[      79s] 1800/4000 reps  (0.044 s/rep, ETA 0.0 h)
[      92s] 2000/4000 reps  (0.046 s/rep, ETA 0.0 h)
[     107s] 2200/4000 reps  (0.049 s/rep, ETA 0.0 h)
[     119s] 2400/4000 reps  (0.049 s/rep, ETA 0.0 h)
[     131s] 2600/4000 reps  (0.050 s/rep, ETA 0.0 h)
[     140s] 2800/4000 reps  (0.050 s/rep, ETA 0.0 h)
[     155s] 3000/4000 reps  (0.052 s/rep, ETA 0.0 h)
[     168s] 3200/4000 reps  (0.052 s/rep, ETA 0.0 h)
[     180s] 3400/4000 reps  (0.053 s/rep, ETA 0.0 h)
[     191s] 3600/4000 reps  (0.053 s/rep, ETA 0.0 h)
[     203s] 3800/4000 reps  (0.053 s/rep, ETA 0.0 h)
[     212s] 4000/4000 reps  (0.053 s/rep, ETA 0.0 h)
done: 4000 reps in 212.0s (0.053 s/rep)
[74090 s] reps done through 1020000 of 1228158
1228158 reps loaded; swap symmetry on (weighted rep sums)
4000 reps to do (1020000 already in the output)
[      10s] 200/4000 reps  (0.048 s/rep, ETA 0.1 h)
[      19s] 400/4000 reps  (0.047 s/rep, ETA 0.0 h)
[      30s] 600/4000 reps  (0.049 s/rep, ETA 0.0 h)
[      42s] 800/4000 reps  (0.053 s/rep, ETA 0.0 h)
[      54s] 1000/4000 reps  (0.054 s/rep, ETA 0.0 h)
[      65s] 1200/4000 reps  (0.054 s/rep, ETA 0.0 h)
[      75s] 1400/4000 reps  (0.054 s/rep, ETA 0.0 h)
[      85s] 1600/4000 reps  (0.053 s/rep, ETA 0.0 h)
[      94s] 1800/4000 reps  (0.052 s/rep, ETA 0.0 h)
[     105s] 2000/4000 reps  (0.052 s/rep, ETA 0.0 h)
[     117s] 2200/4000 reps  (0.053 s/rep, ETA 0.0 h)
[     127s] 2400/4000 reps  (0.053 s/rep, ETA 0.0 h)
[     138s] 2600/4000 reps  (0.053 s/rep, ETA 0.0 h)
[     147s] 2800/4000 reps  (0.053 s/rep, ETA 0.0 h)
[     158s] 3000/4000 reps  (0.053 s/rep, ETA 0.0 h)
[     167s] 3200/4000 reps  (0.052 s/rep, ETA 0.0 h)
[     175s] 3400/4000 reps  (0.051 s/rep, ETA 0.0 h)
[     182s] 3600/4000 reps  (0.050 s/rep, ETA 0.0 h)
[     190s] 3800/4000 reps  (0.050 s/rep, ETA 0.0 h)
[     201s] 4000/4000 reps  (0.050 s/rep, ETA 0.0 h)
done: 4000 reps in 200.6s (0.050 s/rep)
[74291 s] reps done through 1024000 of 1228158
1228158 reps loaded; swap symmetry on (weighted rep sums)
4000 reps to do (1024000 already in the output)
[      12s] 200/4000 reps  (0.061 s/rep, ETA 0.1 h)
[      23s] 400/4000 reps  (0.058 s/rep, ETA 0.1 h)
[      34s] 600/4000 reps  (0.057 s/rep, ETA 0.1 h)
[      44s] 800/4000 reps  (0.055 s/rep, ETA 0.0 h)
[      54s] 1000/4000 reps  (0.054 s/rep, ETA 0.0 h)
[      62s] 1200/4000 reps  (0.052 s/rep, ETA 0.0 h)
[      73s] 1400/4000 reps  (0.052 s/rep, ETA 0.0 h)
[      85s] 1600/4000 reps  (0.053 s/rep, ETA 0.0 h)
[      96s] 1800/4000 reps  (0.053 s/rep, ETA 0.0 h)
[     107s] 2000/4000 reps  (0.053 s/rep, ETA 0.0 h)
[     117s] 2200/4000 reps  (0.053 s/rep, ETA 0.0 h)
[     126s] 2400/4000 reps  (0.053 s/rep, ETA 0.0 h)
[     135s] 2600/4000 reps  (0.052 s/rep, ETA 0.0 h)
[     145s] 2800/4000 reps  (0.052 s/rep, ETA 0.0 h)
[     157s] 3000/4000 reps  (0.052 s/rep, ETA 0.0 h)
[     168s] 3200/4000 reps  (0.052 s/rep, ETA 0.0 h)
[     179s] 3400/4000 reps  (0.053 s/rep, ETA 0.0 h)
[     189s] 3600/4000 reps  (0.052 s/rep, ETA 0.0 h)
[     199s] 3800/4000 reps  (0.052 s/rep, ETA 0.0 h)
[     207s] 4000/4000 reps  (0.052 s/rep, ETA 0.0 h)
done: 4000 reps in 207.1s (0.052 s/rep)
[74499 s] reps done through 1028000 of 1228158
1228158 reps loaded; swap symmetry on (weighted rep sums)
4000 reps to do (1028000 already in the output)
[       9s] 200/4000 reps  (0.047 s/rep, ETA 0.0 h)
[      20s] 400/4000 reps  (0.049 s/rep, ETA 0.0 h)
[      28s] 600/4000 reps  (0.047 s/rep, ETA 0.0 h)
[      38s] 800/4000 reps  (0.047 s/rep, ETA 0.0 h)
[      46s] 1000/4000 reps  (0.046 s/rep, ETA 0.0 h)
[      54s] 1200/4000 reps  (0.045 s/rep, ETA 0.0 h)
[      61s] 1400/4000 reps  (0.044 s/rep, ETA 0.0 h)
[      66s] 1600/4000 reps  (0.042 s/rep, ETA 0.0 h)
[      74s] 1800/4000 reps  (0.041 s/rep, ETA 0.0 h)
[      85s] 2000/4000 reps  (0.043 s/rep, ETA 0.0 h)
[      94s] 2200/4000 reps  (0.043 s/rep, ETA 0.0 h)
[     104s] 2400/4000 reps  (0.043 s/rep, ETA 0.0 h)
[     112s] 2600/4000 reps  (0.043 s/rep, ETA 0.0 h)
[     120s] 2800/4000 reps  (0.043 s/rep, ETA 0.0 h)
[     127s] 3000/4000 reps  (0.042 s/rep, ETA 0.0 h)
[     134s] 3200/4000 reps  (0.042 s/rep, ETA 0.0 h)
[     144s] 3400/4000 reps  (0.042 s/rep, ETA 0.0 h)
[     154s] 3600/4000 reps  (0.043 s/rep, ETA 0.0 h)
[     163s] 3800/4000 reps  (0.043 s/rep, ETA 0.0 h)
[     172s] 4000/4000 reps  (0.043 s/rep, ETA 0.0 h)
done: 4000 reps in 172.1s (0.043 s/rep)
[74671 s] reps done through 1032000 of 1228158
1228158 reps loaded; swap symmetry on (weighted rep sums)
4000 reps to do (1032000 already in the output)
[       7s] 200/4000 reps  (0.035 s/rep, ETA 0.0 h)
[      16s] 400/4000 reps  (0.039 s/rep, ETA 0.0 h)
[      22s] 600/4000 reps  (0.037 s/rep, ETA 0.0 h)
[      31s] 800/4000 reps  (0.039 s/rep, ETA 0.0 h)
[      42s] 1000/4000 reps  (0.042 s/rep, ETA 0.0 h)
[      51s] 1200/4000 reps  (0.042 s/rep, ETA 0.0 h)
[      60s] 1400/4000 reps  (0.043 s/rep, ETA 0.0 h)
[      68s] 1600/4000 reps  (0.042 s/rep, ETA 0.0 h)
[      76s] 1800/4000 reps  (0.042 s/rep, ETA 0.0 h)
[      83s] 2000/4000 reps  (0.042 s/rep, ETA 0.0 h)
[      90s] 2200/4000 reps  (0.041 s/rep, ETA 0.0 h)
[      98s] 2400/4000 reps  (0.041 s/rep, ETA 0.0 h)
[     106s] 2600/4000 reps  (0.041 s/rep, ETA 0.0 h)
[     114s] 2800/4000 reps  (0.041 s/rep, ETA 0.0 h)
[     121s] 3000/4000 reps  (0.040 s/rep, ETA 0.0 h)
[     127s] 3200/4000 reps  (0.040 s/rep, ETA 0.0 h)
[     133s] 3400/4000 reps  (0.039 s/rep, ETA 0.0 h)
[     139s] 3600/4000 reps  (0.039 s/rep, ETA 0.0 h)
[     143s] 3800/4000 reps  (0.038 s/rep, ETA 0.0 h)
[     154s] 4000/4000 reps  (0.038 s/rep, ETA 0.0 h)
done: 4000 reps in 153.7s (0.038 s/rep)
[74826 s] reps done through 1036000 of 1228158
1228158 reps loaded; swap symmetry on (weighted rep sums)
4000 reps to do (1036000 already in the output)
[      10s] 200/4000 reps  (0.049 s/rep, ETA 0.1 h)
[      19s] 400/4000 reps  (0.048 s/rep, ETA 0.0 h)
[      28s] 600/4000 reps  (0.047 s/rep, ETA 0.0 h)
[      37s] 800/4000 reps  (0.046 s/rep, ETA 0.0 h)
[      45s] 1000/4000 reps  (0.045 s/rep, ETA 0.0 h)
[      52s] 1200/4000 reps  (0.043 s/rep, ETA 0.0 h)
[      59s] 1400/4000 reps  (0.042 s/rep, ETA 0.0 h)
[      69s] 1600/4000 reps  (0.043 s/rep, ETA 0.0 h)
[      78s] 1800/4000 reps  (0.043 s/rep, ETA 0.0 h)
[      86s] 2000/4000 reps  (0.043 s/rep, ETA 0.0 h)
[      93s] 2200/4000 reps  (0.042 s/rep, ETA 0.0 h)
[     101s] 2400/4000 reps  (0.042 s/rep, ETA 0.0 h)
[     109s] 2600/4000 reps  (0.042 s/rep, ETA 0.0 h)
[     115s] 2800/4000 reps  (0.041 s/rep, ETA 0.0 h)
[     121s] 3000/4000 reps  (0.040 s/rep, ETA 0.0 h)
[     127s] 3200/4000 reps  (0.040 s/rep, ETA 0.0 h)
[     136s] 3400/4000 reps  (0.040 s/rep, ETA 0.0 h)
[     143s] 3600/4000 reps  (0.040 s/rep, ETA 0.0 h)
[     151s] 3800/4000 reps  (0.040 s/rep, ETA 0.0 h)
[     158s] 4000/4000 reps  (0.039 s/rep, ETA 0.0 h)
done: 4000 reps in 158.0s (0.039 s/rep)
[74984 s] reps done through 1040000 of 1228158
1228158 reps loaded; swap symmetry on (weighted rep sums)
4000 reps to do (1040000 already in the output)
[       5s] 200/4000 reps  (0.027 s/rep, ETA 0.0 h)
[      12s] 400/4000 reps  (0.031 s/rep, ETA 0.0 h)
[      17s] 600/4000 reps  (0.029 s/rep, ETA 0.0 h)
[      24s] 800/4000 reps  (0.030 s/rep, ETA 0.0 h)
[      32s] 1000/4000 reps  (0.032 s/rep, ETA 0.0 h)
[      39s] 1200/4000 reps  (0.032 s/rep, ETA 0.0 h)
[      45s] 1400/4000 reps  (0.032 s/rep, ETA 0.0 h)
[      50s] 1600/4000 reps  (0.031 s/rep, ETA 0.0 h)
[      57s] 1800/4000 reps  (0.032 s/rep, ETA 0.0 h)
[      62s] 2000/4000 reps  (0.031 s/rep, ETA 0.0 h)
[      66s] 2200/4000 reps  (0.030 s/rep, ETA 0.0 h)
[      71s] 2400/4000 reps  (0.030 s/rep, ETA 0.0 h)
[      80s] 2600/4000 reps  (0.031 s/rep, ETA 0.0 h)
[      93s] 2800/4000 reps  (0.033 s/rep, ETA 0.0 h)
[     105s] 3000/4000 reps  (0.035 s/rep, ETA 0.0 h)
[     115s] 3200/4000 reps  (0.036 s/rep, ETA 0.0 h)
[     128s] 3400/4000 reps  (0.038 s/rep, ETA 0.0 h)
[     140s] 3600/4000 reps  (0.039 s/rep, ETA 0.0 h)
[     151s] 3800/4000 reps  (0.040 s/rep, ETA 0.0 h)
[     164s] 4000/4000 reps  (0.041 s/rep, ETA 0.0 h)
done: 4000 reps in 163.9s (0.041 s/rep)
[75149 s] reps done through 1044000 of 1228158
1228158 reps loaded; swap symmetry on (weighted rep sums)
4000 reps to do (1044000 already in the output)
[      11s] 200/4000 reps  (0.055 s/rep, ETA 0.1 h)
[      22s] 400/4000 reps  (0.055 s/rep, ETA 0.1 h)
[      32s] 600/4000 reps  (0.053 s/rep, ETA 0.0 h)
[      43s] 800/4000 reps  (0.053 s/rep, ETA 0.0 h)
[      55s] 1000/4000 reps  (0.055 s/rep, ETA 0.0 h)
[      67s] 1200/4000 reps  (0.056 s/rep, ETA 0.0 h)
[      79s] 1400/4000 reps  (0.056 s/rep, ETA 0.0 h)
[      90s] 1600/4000 reps  (0.056 s/rep, ETA 0.0 h)
[     101s] 1800/4000 reps  (0.056 s/rep, ETA 0.0 h)
[     111s] 2000/4000 reps  (0.055 s/rep, ETA 0.0 h)
[     120s] 2200/4000 reps  (0.055 s/rep, ETA 0.0 h)
[     132s] 2400/4000 reps  (0.055 s/rep, ETA 0.0 h)
[     142s] 2600/4000 reps  (0.055 s/rep, ETA 0.0 h)
[     152s] 2800/4000 reps  (0.054 s/rep, ETA 0.0 h)
[     163s] 3000/4000 reps  (0.054 s/rep, ETA 0.0 h)
[     172s] 3200/4000 reps  (0.054 s/rep, ETA 0.0 h)
[     182s] 3400/4000 reps  (0.053 s/rep, ETA 0.0 h)
[     190s] 3600/4000 reps  (0.053 s/rep, ETA 0.0 h)
[     197s] 3800/4000 reps  (0.052 s/rep, ETA 0.0 h)
[     207s] 4000/4000 reps  (0.052 s/rep, ETA 0.0 h)
done: 4000 reps in 207.1s (0.052 s/rep)
[75357 s] reps done through 1048000 of 1228158
1228158 reps loaded; swap symmetry on (weighted rep sums)
4000 reps to do (1048000 already in the output)
[      10s] 200/4000 reps  (0.048 s/rep, ETA 0.1 h)
[      20s] 400/4000 reps  (0.050 s/rep, ETA 0.0 h)
[      31s] 600/4000 reps  (0.051 s/rep, ETA 0.0 h)
[      39s] 800/4000 reps  (0.049 s/rep, ETA 0.0 h)
[      49s] 1000/4000 reps  (0.049 s/rep, ETA 0.0 h)
[      57s] 1200/4000 reps  (0.048 s/rep, ETA 0.0 h)
[      64s] 1400/4000 reps  (0.046 s/rep, ETA 0.0 h)
[      74s] 1600/4000 reps  (0.046 s/rep, ETA 0.0 h)
[      83s] 1800/4000 reps  (0.046 s/rep, ETA 0.0 h)
[      90s] 2000/4000 reps  (0.045 s/rep, ETA 0.0 h)
[      98s] 2200/4000 reps  (0.044 s/rep, ETA 0.0 h)
[     104s] 2400/4000 reps  (0.043 s/rep, ETA 0.0 h)
[     116s] 2600/4000 reps  (0.045 s/rep, ETA 0.0 h)
[     127s] 2800/4000 reps  (0.045 s/rep, ETA 0.0 h)
[     141s] 3000/4000 reps  (0.047 s/rep, ETA 0.0 h)
[     152s] 3200/4000 reps  (0.048 s/rep, ETA 0.0 h)
[     164s] 3400/4000 reps  (0.048 s/rep, ETA 0.0 h)
[     175s] 3600/4000 reps  (0.049 s/rep, ETA 0.0 h)
[     185s] 3800/4000 reps  (0.049 s/rep, ETA 0.0 h)
[     194s] 4000/4000 reps  (0.049 s/rep, ETA 0.0 h)
done: 4000 reps in 194.4s (0.049 s/rep)
[75552 s] reps done through 1052000 of 1228158
1228158 reps loaded; swap symmetry on (weighted rep sums)
4000 reps to do (1052000 already in the output)
[      12s] 200/4000 reps  (0.061 s/rep, ETA 0.1 h)
[      24s] 400/4000 reps  (0.059 s/rep, ETA 0.1 h)
[      35s] 600/4000 reps  (0.059 s/rep, ETA 0.1 h)
[      47s] 800/4000 reps  (0.058 s/rep, ETA 0.1 h)
[      57s] 1000/4000 reps  (0.057 s/rep, ETA 0.0 h)
[      66s] 1200/4000 reps  (0.055 s/rep, ETA 0.0 h)
[      76s] 1400/4000 reps  (0.055 s/rep, ETA 0.0 h)
[      88s] 1600/4000 reps  (0.055 s/rep, ETA 0.0 h)
[      98s] 1800/4000 reps  (0.055 s/rep, ETA 0.0 h)
[     108s] 2000/4000 reps  (0.054 s/rep, ETA 0.0 h)
[     118s] 2200/4000 reps  (0.054 s/rep, ETA 0.0 h)
[     129s] 2400/4000 reps  (0.054 s/rep, ETA 0.0 h)
[     138s] 2600/4000 reps  (0.053 s/rep, ETA 0.0 h)
[     148s] 2800/4000 reps  (0.053 s/rep, ETA 0.0 h)
[     156s] 3000/4000 reps  (0.052 s/rep, ETA 0.0 h)
[     164s] 3200/4000 reps  (0.051 s/rep, ETA 0.0 h)
[     173s] 3400/4000 reps  (0.051 s/rep, ETA 0.0 h)
[     182s] 3600/4000 reps  (0.051 s/rep, ETA 0.0 h)
[     192s] 3800/4000 reps  (0.051 s/rep, ETA 0.0 h)
[     202s] 4000/4000 reps  (0.051 s/rep, ETA 0.0 h)
done: 4000 reps in 202.5s (0.051 s/rep)
[75755 s] reps done through 1056000 of 1228158
1228158 reps loaded; swap symmetry on (weighted rep sums)
4000 reps to do (1056000 already in the output)
[       9s] 200/4000 reps  (0.047 s/rep, ETA 0.0 h)
[      18s] 400/4000 reps  (0.045 s/rep, ETA 0.0 h)
[      27s] 600/4000 reps  (0.045 s/rep, ETA 0.0 h)
[      34s] 800/4000 reps  (0.042 s/rep, ETA 0.0 h)
[      45s] 1000/4000 reps  (0.045 s/rep, ETA 0.0 h)
[      54s] 1200/4000 reps  (0.045 s/rep, ETA 0.0 h)
[      64s] 1400/4000 reps  (0.046 s/rep, ETA 0.0 h)
[      73s] 1600/4000 reps  (0.046 s/rep, ETA 0.0 h)
[      82s] 1800/4000 reps  (0.045 s/rep, ETA 0.0 h)
[      89s] 2000/4000 reps  (0.045 s/rep, ETA 0.0 h)
[      98s] 2200/4000 reps  (0.044 s/rep, ETA 0.0 h)
[     108s] 2400/4000 reps  (0.045 s/rep, ETA 0.0 h)
[     117s] 2600/4000 reps  (0.045 s/rep, ETA 0.0 h)
[     125s] 2800/4000 reps  (0.045 s/rep, ETA 0.0 h)
[     132s] 3000/4000 reps  (0.044 s/rep, ETA 0.0 h)
[     142s] 3200/4000 reps  (0.044 s/rep, ETA 0.0 h)
[     151s] 3400/4000 reps  (0.044 s/rep, ETA 0.0 h)
[     158s] 3600/4000 reps  (0.044 s/rep, ETA 0.0 h)
[     166s] 3800/4000 reps  (0.044 s/rep, ETA 0.0 h)
[     173s] 4000/4000 reps  (0.043 s/rep, ETA 0.0 h)
done: 4000 reps in 172.9s (0.043 s/rep)
[75929 s] reps done through 1060000 of 1228158
1228158 reps loaded; swap symmetry on (weighted rep sums)
4000 reps to do (1060000 already in the output)
[       7s] 200/4000 reps  (0.033 s/rep, ETA 0.0 h)
[      12s] 400/4000 reps  (0.031 s/rep, ETA 0.0 h)
[      22s] 600/4000 reps  (0.036 s/rep, ETA 0.0 h)
[      32s] 800/4000 reps  (0.040 s/rep, ETA 0.0 h)
[      43s] 1000/4000 reps  (0.043 s/rep, ETA 0.0 h)
[      52s] 1200/4000 reps  (0.043 s/rep, ETA 0.0 h)
[      61s] 1400/4000 reps  (0.043 s/rep, ETA 0.0 h)
[      69s] 1600/4000 reps  (0.043 s/rep, ETA 0.0 h)
[      77s] 1800/4000 reps  (0.043 s/rep, ETA 0.0 h)
[      87s] 2000/4000 reps  (0.043 s/rep, ETA 0.0 h)
[      95s] 2200/4000 reps  (0.043 s/rep, ETA 0.0 h)
[     105s] 2400/4000 reps  (0.044 s/rep, ETA 0.0 h)
[     113s] 2600/4000 reps  (0.044 s/rep, ETA 0.0 h)
[     121s] 2800/4000 reps  (0.043 s/rep, ETA 0.0 h)
[     130s] 3000/4000 reps  (0.043 s/rep, ETA 0.0 h)
[     140s] 3200/4000 reps  (0.044 s/rep, ETA 0.0 h)
[     149s] 3400/4000 reps  (0.044 s/rep, ETA 0.0 h)
[     157s] 3600/4000 reps  (0.044 s/rep, ETA 0.0 h)
[     164s] 3800/4000 reps  (0.043 s/rep, ETA 0.0 h)
[     175s] 4000/4000 reps  (0.044 s/rep, ETA 0.0 h)
done: 4000 reps in 174.8s (0.044 s/rep)
[76104 s] reps done through 1064000 of 1228158
1228158 reps loaded; swap symmetry on (weighted rep sums)
4000 reps to do (1064000 already in the output)
[       9s] 200/4000 reps  (0.044 s/rep, ETA 0.0 h)
[      17s] 400/4000 reps  (0.042 s/rep, ETA 0.0 h)
[      24s] 600/4000 reps  (0.041 s/rep, ETA 0.0 h)
[      32s] 800/4000 reps  (0.040 s/rep, ETA 0.0 h)
[      39s] 1000/4000 reps  (0.039 s/rep, ETA 0.0 h)
[      45s] 1200/4000 reps  (0.038 s/rep, ETA 0.0 h)
[      51s] 1400/4000 reps  (0.036 s/rep, ETA 0.0 h)
[      60s] 1600/4000 reps  (0.038 s/rep, ETA 0.0 h)
[      67s] 1800/4000 reps  (0.037 s/rep, ETA 0.0 h)
[      74s] 2000/4000 reps  (0.037 s/rep, ETA 0.0 h)
[      81s] 2200/4000 reps  (0.037 s/rep, ETA 0.0 h)
[      86s] 2400/4000 reps  (0.036 s/rep, ETA 0.0 h)
[      94s] 2600/4000 reps  (0.036 s/rep, ETA 0.0 h)
[     101s] 2800/4000 reps  (0.036 s/rep, ETA 0.0 h)
[     108s] 3000/4000 reps  (0.036 s/rep, ETA 0.0 h)
[     113s] 3200/4000 reps  (0.035 s/rep, ETA 0.0 h)
[     122s] 3400/4000 reps  (0.036 s/rep, ETA 0.0 h)
[     129s] 3600/4000 reps  (0.036 s/rep, ETA 0.0 h)
[     137s] 3800/4000 reps  (0.036 s/rep, ETA 0.0 h)
[     143s] 4000/4000 reps  (0.036 s/rep, ETA 0.0 h)
done: 4000 reps in 143.3s (0.036 s/rep)
[76248 s] reps done through 1068000 of 1228158
1228158 reps loaded; swap symmetry on (weighted rep sums)
4000 reps to do (1068000 already in the output)
[       6s] 200/4000 reps  (0.030 s/rep, ETA 0.0 h)
[      14s] 400/4000 reps  (0.035 s/rep, ETA 0.0 h)
[      21s] 600/4000 reps  (0.035 s/rep, ETA 0.0 h)
[      27s] 800/4000 reps  (0.034 s/rep, ETA 0.0 h)
[      33s] 1000/4000 reps  (0.033 s/rep, ETA 0.0 h)
[      39s] 1200/4000 reps  (0.033 s/rep, ETA 0.0 h)
[      45s] 1400/4000 reps  (0.032 s/rep, ETA 0.0 h)
[      49s] 1600/4000 reps  (0.031 s/rep, ETA 0.0 h)
[      55s] 1800/4000 reps  (0.031 s/rep, ETA 0.0 h)
[      64s] 2000/4000 reps  (0.032 s/rep, ETA 0.0 h)
[      74s] 2200/4000 reps  (0.034 s/rep, ETA 0.0 h)
[      82s] 2400/4000 reps  (0.034 s/rep, ETA 0.0 h)
[      92s] 2600/4000 reps  (0.035 s/rep, ETA 0.0 h)
[     101s] 2800/4000 reps  (0.036 s/rep, ETA 0.0 h)
[     111s] 3000/4000 reps  (0.037 s/rep, ETA 0.0 h)
[     118s] 3200/4000 reps  (0.037 s/rep, ETA 0.0 h)
[     126s] 3400/4000 reps  (0.037 s/rep, ETA 0.0 h)
[     132s] 3600/4000 reps  (0.037 s/rep, ETA 0.0 h)
[     139s] 3800/4000 reps  (0.037 s/rep, ETA 0.0 h)
[     146s] 4000/4000 reps  (0.036 s/rep, ETA 0.0 h)
done: 4000 reps in 145.8s (0.036 s/rep)
[76394 s] reps done through 1072000 of 1228158
1228158 reps loaded; swap symmetry on (weighted rep sums)
4000 reps to do (1072000 already in the output)
[       5s] 200/4000 reps  (0.027 s/rep, ETA 0.0 h)
[      12s] 400/4000 reps  (0.030 s/rep, ETA 0.0 h)
[      19s] 600/4000 reps  (0.031 s/rep, ETA 0.0 h)
[      28s] 800/4000 reps  (0.034 s/rep, ETA 0.0 h)
[      35s] 1000/4000 reps  (0.035 s/rep, ETA 0.0 h)
[      43s] 1200/4000 reps  (0.036 s/rep, ETA 0.0 h)
[      50s] 1400/4000 reps  (0.036 s/rep, ETA 0.0 h)
[      57s] 1600/4000 reps  (0.036 s/rep, ETA 0.0 h)
[      63s] 1800/4000 reps  (0.035 s/rep, ETA 0.0 h)
[      71s] 2000/4000 reps  (0.036 s/rep, ETA 0.0 h)
[      78s] 2200/4000 reps  (0.036 s/rep, ETA 0.0 h)
[      84s] 2400/4000 reps  (0.035 s/rep, ETA 0.0 h)
[      90s] 2600/4000 reps  (0.035 s/rep, ETA 0.0 h)
[      96s] 2800/4000 reps  (0.034 s/rep, ETA 0.0 h)
[     102s] 3000/4000 reps  (0.034 s/rep, ETA 0.0 h)
[     106s] 3200/4000 reps  (0.033 s/rep, ETA 0.0 h)
[     110s] 3400/4000 reps  (0.032 s/rep, ETA 0.0 h)
[     116s] 3600/4000 reps  (0.032 s/rep, ETA 0.0 h)
[     122s] 3800/4000 reps  (0.032 s/rep, ETA 0.0 h)
[     128s] 4000/4000 reps  (0.032 s/rep, ETA 0.0 h)
done: 4000 reps in 128.1s (0.032 s/rep)
[76523 s] reps done through 1076000 of 1228158
1228158 reps loaded; swap symmetry on (weighted rep sums)
4000 reps to do (1076000 already in the output)
[       5s] 200/4000 reps  (0.026 s/rep, ETA 0.0 h)
[      10s] 400/4000 reps  (0.024 s/rep, ETA 0.0 h)
[      14s] 600/4000 reps  (0.024 s/rep, ETA 0.0 h)
[      18s] 800/4000 reps  (0.023 s/rep, ETA 0.0 h)
[      24s] 1000/4000 reps  (0.024 s/rep, ETA 0.0 h)
[      36s] 1200/4000 reps  (0.030 s/rep, ETA 0.0 h)
[      46s] 1400/4000 reps  (0.033 s/rep, ETA 0.0 h)
[      57s] 1600/4000 reps  (0.035 s/rep, ETA 0.0 h)
[      66s] 1800/4000 reps  (0.037 s/rep, ETA 0.0 h)
[      74s] 2000/4000 reps  (0.037 s/rep, ETA 0.0 h)
[      84s] 2200/4000 reps  (0.038 s/rep, ETA 0.0 h)
[      95s] 2400/4000 reps  (0.040 s/rep, ETA 0.0 h)
[     104s] 2600/4000 reps  (0.040 s/rep, ETA 0.0 h)
[     113s] 2800/4000 reps  (0.040 s/rep, ETA 0.0 h)
[     122s] 3000/4000 reps  (0.041 s/rep, ETA 0.0 h)
[     131s] 3200/4000 reps  (0.041 s/rep, ETA 0.0 h)
[     140s] 3400/4000 reps  (0.041 s/rep, ETA 0.0 h)
[     148s] 3600/4000 reps  (0.041 s/rep, ETA 0.0 h)
[     158s] 3800/4000 reps  (0.042 s/rep, ETA 0.0 h)
[     167s] 4000/4000 reps  (0.042 s/rep, ETA 0.0 h)
done: 4000 reps in 166.6s (0.042 s/rep)
[76690 s] reps done through 1080000 of 1228158
1228158 reps loaded; swap symmetry on (weighted rep sums)
4000 reps to do (1080000 already in the output)
[       7s] 200/4000 reps  (0.036 s/rep, ETA 0.0 h)
[      15s] 400/4000 reps  (0.038 s/rep, ETA 0.0 h)
[      22s] 600/4000 reps  (0.037 s/rep, ETA 0.0 h)
[      28s] 800/4000 reps  (0.036 s/rep, ETA 0.0 h)
[      35s] 1000/4000 reps  (0.035 s/rep, ETA 0.0 h)
[      44s] 1200/4000 reps  (0.036 s/rep, ETA 0.0 h)
[      51s] 1400/4000 reps  (0.037 s/rep, ETA 0.0 h)
[      58s] 1600/4000 reps  (0.036 s/rep, ETA 0.0 h)
[      66s] 1800/4000 reps  (0.036 s/rep, ETA 0.0 h)
[      72s] 2000/4000 reps  (0.036 s/rep, ETA 0.0 h)
[      79s] 2200/4000 reps  (0.036 s/rep, ETA 0.0 h)
[      86s] 2400/4000 reps  (0.036 s/rep, ETA 0.0 h)
[      91s] 2600/4000 reps  (0.035 s/rep, ETA 0.0 h)
[      96s] 2800/4000 reps  (0.034 s/rep, ETA 0.0 h)
[     105s] 3000/4000 reps  (0.035 s/rep, ETA 0.0 h)
[     114s] 3200/4000 reps  (0.036 s/rep, ETA 0.0 h)
[     121s] 3400/4000 reps  (0.036 s/rep, ETA 0.0 h)
[     129s] 3600/4000 reps  (0.036 s/rep, ETA 0.0 h)
[     137s] 3800/4000 reps  (0.036 s/rep, ETA 0.0 h)
[     144s] 4000/4000 reps  (0.036 s/rep, ETA 0.0 h)
done: 4000 reps in 144.4s (0.036 s/rep)
[76835 s] reps done through 1084000 of 1228158
1228158 reps loaded; swap symmetry on (weighted rep sums)
4000 reps to do (1084000 already in the output)
[       7s] 200/4000 reps  (0.037 s/rep, ETA 0.0 h)
[      14s] 400/4000 reps  (0.035 s/rep, ETA 0.0 h)
[      20s] 600/4000 reps  (0.033 s/rep, ETA 0.0 h)
[      26s] 800/4000 reps  (0.033 s/rep, ETA 0.0 h)
[      31s] 1000/4000 reps  (0.031 s/rep, ETA 0.0 h)
[      37s] 1200/4000 reps  (0.031 s/rep, ETA 0.0 h)
[      42s] 1400/4000 reps  (0.030 s/rep, ETA 0.0 h)
[      46s] 1600/4000 reps  (0.029 s/rep, ETA 0.0 h)
[      51s] 1800/4000 reps  (0.028 s/rep, ETA 0.0 h)
[      57s] 2000/4000 reps  (0.029 s/rep, ETA 0.0 h)
[      67s] 2200/4000 reps  (0.031 s/rep, ETA 0.0 h)
[      75s] 2400/4000 reps  (0.031 s/rep, ETA 0.0 h)
[      84s] 2600/4000 reps  (0.032 s/rep, ETA 0.0 h)
[      92s] 2800/4000 reps  (0.033 s/rep, ETA 0.0 h)
[      98s] 3000/4000 reps  (0.033 s/rep, ETA 0.0 h)
[     107s] 3200/4000 reps  (0.033 s/rep, ETA 0.0 h)
[     115s] 3400/4000 reps  (0.034 s/rep, ETA 0.0 h)
[     123s] 3600/4000 reps  (0.034 s/rep, ETA 0.0 h)
[     132s] 3800/4000 reps  (0.035 s/rep, ETA 0.0 h)
[     140s] 4000/4000 reps  (0.035 s/rep, ETA 0.0 h)
done: 4000 reps in 140.2s (0.035 s/rep)
[76976 s] reps done through 1088000 of 1228158
1228158 reps loaded; swap symmetry on (weighted rep sums)
4000 reps to do (1088000 already in the output)
[       7s] 200/4000 reps  (0.037 s/rep, ETA 0.0 h)
[      14s] 400/4000 reps  (0.035 s/rep, ETA 0.0 h)
[      20s] 600/4000 reps  (0.034 s/rep, ETA 0.0 h)
[      26s] 800/4000 reps  (0.032 s/rep, ETA 0.0 h)
[      33s] 1000/4000 reps  (0.033 s/rep, ETA 0.0 h)
[      39s] 1200/4000 reps  (0.033 s/rep, ETA 0.0 h)
[      46s] 1400/4000 reps  (0.033 s/rep, ETA 0.0 h)
[      53s] 1600/4000 reps  (0.033 s/rep, ETA 0.0 h)
[      58s] 1800/4000 reps  (0.032 s/rep, ETA 0.0 h)
[      64s] 2000/4000 reps  (0.032 s/rep, ETA 0.0 h)
[      68s] 2200/4000 reps  (0.031 s/rep, ETA 0.0 h)
[      72s] 2400/4000 reps  (0.030 s/rep, ETA 0.0 h)
[      79s] 2600/4000 reps  (0.030 s/rep, ETA 0.0 h)
[      86s] 2800/4000 reps  (0.031 s/rep, ETA 0.0 h)
[      92s] 3000/4000 reps  (0.031 s/rep, ETA 0.0 h)
[      98s] 3200/4000 reps  (0.031 s/rep, ETA 0.0 h)
[     101s] 3400/4000 reps  (0.030 s/rep, ETA 0.0 h)
[     107s] 3600/4000 reps  (0.030 s/rep, ETA 0.0 h)
[     112s] 3800/4000 reps  (0.030 s/rep, ETA 0.0 h)
[     116s] 4000/4000 reps  (0.029 s/rep, ETA 0.0 h)
done: 4000 reps in 116.4s (0.029 s/rep)
[77093 s] reps done through 1092000 of 1228158
1228158 reps loaded; swap symmetry on (weighted rep sums)
4000 reps to do (1092000 already in the output)
[       3s] 200/4000 reps  (0.017 s/rep, ETA 0.0 h)
[      10s] 400/4000 reps  (0.024 s/rep, ETA 0.0 h)
[      19s] 600/4000 reps  (0.031 s/rep, ETA 0.0 h)
[      25s] 800/4000 reps  (0.031 s/rep, ETA 0.0 h)
[      31s] 1000/4000 reps  (0.031 s/rep, ETA 0.0 h)
[      38s] 1200/4000 reps  (0.032 s/rep, ETA 0.0 h)
[      44s] 1400/4000 reps  (0.031 s/rep, ETA 0.0 h)
[      48s] 1600/4000 reps  (0.030 s/rep, ETA 0.0 h)
[      54s] 1800/4000 reps  (0.030 s/rep, ETA 0.0 h)
[      59s] 2000/4000 reps  (0.030 s/rep, ETA 0.0 h)
[      65s] 2200/4000 reps  (0.030 s/rep, ETA 0.0 h)
[      70s] 2400/4000 reps  (0.029 s/rep, ETA 0.0 h)
[      74s] 2600/4000 reps  (0.028 s/rep, ETA 0.0 h)
[      78s] 2800/4000 reps  (0.028 s/rep, ETA 0.0 h)
[      81s] 3000/4000 reps  (0.027 s/rep, ETA 0.0 h)
[      85s] 3200/4000 reps  (0.026 s/rep, ETA 0.0 h)
[      87s] 3400/4000 reps  (0.026 s/rep, ETA 0.0 h)
[      90s] 3600/4000 reps  (0.025 s/rep, ETA 0.0 h)
[      93s] 3800/4000 reps  (0.025 s/rep, ETA 0.0 h)
[     101s] 4000/4000 reps  (0.025 s/rep, ETA 0.0 h)
done: 4000 reps in 100.9s (0.025 s/rep)
[77194 s] reps done through 1096000 of 1228158
1228158 reps loaded; swap symmetry on (weighted rep sums)
4000 reps to do (1096000 already in the output)
[       5s] 200/4000 reps  (0.027 s/rep, ETA 0.0 h)
[      10s] 400/4000 reps  (0.024 s/rep, ETA 0.0 h)
[      13s] 600/4000 reps  (0.022 s/rep, ETA 0.0 h)
[      16s] 800/4000 reps  (0.020 s/rep, ETA 0.0 h)
[      25s] 1000/4000 reps  (0.025 s/rep, ETA 0.0 h)
[      41s] 1200/4000 reps  (0.034 s/rep, ETA 0.0 h)
[      54s] 1400/4000 reps  (0.038 s/rep, ETA 0.0 h)
[      69s] 1600/4000 reps  (0.043 s/rep, ETA 0.0 h)
[      83s] 1800/4000 reps  (0.046 s/rep, ETA 0.0 h)
[      97s] 2000/4000 reps  (0.048 s/rep, ETA 0.0 h)
[     109s] 2200/4000 reps  (0.049 s/rep, ETA 0.0 h)
[     119s] 2400/4000 reps  (0.050 s/rep, ETA 0.0 h)
[     129s] 2600/4000 reps  (0.050 s/rep, ETA 0.0 h)
[     144s] 2800/4000 reps  (0.051 s/rep, ETA 0.0 h)
[     157s] 3000/4000 reps  (0.052 s/rep, ETA 0.0 h)
[     171s] 3200/4000 reps  (0.053 s/rep, ETA 0.0 h)
[     184s] 3400/4000 reps  (0.054 s/rep, ETA 0.0 h)
[     196s] 3600/4000 reps  (0.054 s/rep, ETA 0.0 h)
[     209s] 3800/4000 reps  (0.055 s/rep, ETA 0.0 h)
[     222s] 4000/4000 reps  (0.055 s/rep, ETA 0.0 h)
done: 4000 reps in 221.6s (0.055 s/rep)
[77416 s] reps done through 1100000 of 1228158
1228158 reps loaded; swap symmetry on (weighted rep sums)
4000 reps to do (1100000 already in the output)
[      11s] 200/4000 reps  (0.056 s/rep, ETA 0.1 h)
[      23s] 400/4000 reps  (0.057 s/rep, ETA 0.1 h)
[      32s] 600/4000 reps  (0.053 s/rep, ETA 0.1 h)
[      41s] 800/4000 reps  (0.052 s/rep, ETA 0.0 h)
[      50s] 1000/4000 reps  (0.050 s/rep, ETA 0.0 h)
[      64s] 1200/4000 reps  (0.053 s/rep, ETA 0.0 h)
[      76s] 1400/4000 reps  (0.054 s/rep, ETA 0.0 h)
[      88s] 1600/4000 reps  (0.055 s/rep, ETA 0.0 h)
[     100s] 1800/4000 reps  (0.055 s/rep, ETA 0.0 h)
[     111s] 2000/4000 reps  (0.056 s/rep, ETA 0.0 h)
[     121s] 2200/4000 reps  (0.055 s/rep, ETA 0.0 h)
[     129s] 2400/4000 reps  (0.054 s/rep, ETA 0.0 h)
[     142s] 2600/4000 reps  (0.054 s/rep, ETA 0.0 h)
[     153s] 2800/4000 reps  (0.055 s/rep, ETA 0.0 h)
[     164s] 3000/4000 reps  (0.055 s/rep, ETA 0.0 h)
[     174s] 3200/4000 reps  (0.054 s/rep, ETA 0.0 h)
[     183s] 3400/4000 reps  (0.054 s/rep, ETA 0.0 h)
[     193s] 3600/4000 reps  (0.054 s/rep, ETA 0.0 h)
[     200s] 3800/4000 reps  (0.053 s/rep, ETA 0.0 h)
[     209s] 4000/4000 reps  (0.052 s/rep, ETA 0.0 h)
done: 4000 reps in 208.6s (0.052 s/rep)
[77626 s] reps done through 1104000 of 1228158
1228158 reps loaded; swap symmetry on (weighted rep sums)
4000 reps to do (1104000 already in the output)
[       6s] 200/4000 reps  (0.031 s/rep, ETA 0.0 h)
[      19s] 400/4000 reps  (0.047 s/rep, ETA 0.0 h)
[      31s] 600/4000 reps  (0.052 s/rep, ETA 0.0 h)
[      43s] 800/4000 reps  (0.053 s/rep, ETA 0.0 h)
[      53s] 1000/4000 reps  (0.053 s/rep, ETA 0.0 h)
[      66s] 1200/4000 reps  (0.055 s/rep, ETA 0.0 h)
[      77s] 1400/4000 reps  (0.055 s/rep, ETA 0.0 h)
[      87s] 1600/4000 reps  (0.054 s/rep, ETA 0.0 h)
[      98s] 1800/4000 reps  (0.055 s/rep, ETA 0.0 h)
[     109s] 2000/4000 reps  (0.054 s/rep, ETA 0.0 h)
[     118s] 2200/4000 reps  (0.054 s/rep, ETA 0.0 h)
[     128s] 2400/4000 reps  (0.053 s/rep, ETA 0.0 h)
[     137s] 2600/4000 reps  (0.053 s/rep, ETA 0.0 h)
[     149s] 2800/4000 reps  (0.053 s/rep, ETA 0.0 h)
[     160s] 3000/4000 reps  (0.053 s/rep, ETA 0.0 h)
[     170s] 3200/4000 reps  (0.053 s/rep, ETA 0.0 h)
[     179s] 3400/4000 reps  (0.053 s/rep, ETA 0.0 h)
[     188s] 3600/4000 reps  (0.052 s/rep, ETA 0.0 h)
[     196s] 3800/4000 reps  (0.052 s/rep, ETA 0.0 h)
[     208s] 4000/4000 reps  (0.052 s/rep, ETA 0.0 h)
done: 4000 reps in 207.8s (0.052 s/rep)
[77834 s] reps done through 1108000 of 1228158
1228158 reps loaded; swap symmetry on (weighted rep sums)
4000 reps to do (1108000 already in the output)
[      11s] 200/4000 reps  (0.057 s/rep, ETA 0.1 h)
[      23s] 400/4000 reps  (0.058 s/rep, ETA 0.1 h)
[      34s] 600/4000 reps  (0.057 s/rep, ETA 0.1 h)
[      45s] 800/4000 reps  (0.056 s/rep, ETA 0.0 h)
[      56s] 1000/4000 reps  (0.056 s/rep, ETA 0.0 h)
[      66s] 1200/4000 reps  (0.055 s/rep, ETA 0.0 h)
[      75s] 1400/4000 reps  (0.053 s/rep, ETA 0.0 h)
[      84s] 1600/4000 reps  (0.053 s/rep, ETA 0.0 h)
[      95s] 1800/4000 reps  (0.053 s/rep, ETA 0.0 h)
[     104s] 2000/4000 reps  (0.052 s/rep, ETA 0.0 h)
[     113s] 2200/4000 reps  (0.051 s/rep, ETA 0.0 h)
[     120s] 2400/4000 reps  (0.050 s/rep, ETA 0.0 h)
[     128s] 2600/4000 reps  (0.049 s/rep, ETA 0.0 h)
[     134s] 2800/4000 reps  (0.048 s/rep, ETA 0.0 h)
[     144s] 3000/4000 reps  (0.048 s/rep, ETA 0.0 h)
[     152s] 3200/4000 reps  (0.047 s/rep, ETA 0.0 h)
[     158s] 3400/4000 reps  (0.046 s/rep, ETA 0.0 h)
[     167s] 3600/4000 reps  (0.046 s/rep, ETA 0.0 h)
[     174s] 3800/4000 reps  (0.046 s/rep, ETA 0.0 h)
[     181s] 4000/4000 reps  (0.045 s/rep, ETA 0.0 h)
done: 4000 reps in 181.2s (0.045 s/rep)
[78016 s] reps done through 1112000 of 1228158
1228158 reps loaded; swap symmetry on (weighted rep sums)
4000 reps to do (1112000 already in the output)
[       5s] 200/4000 reps  (0.026 s/rep, ETA 0.0 h)
[      18s] 400/4000 reps  (0.045 s/rep, ETA 0.0 h)
[      29s] 600/4000 reps  (0.048 s/rep, ETA 0.0 h)
[      39s] 800/4000 reps  (0.049 s/rep, ETA 0.0 h)
[      52s] 1000/4000 reps  (0.052 s/rep, ETA 0.0 h)
[      62s] 1200/4000 reps  (0.052 s/rep, ETA 0.0 h)
[      70s] 1400/4000 reps  (0.050 s/rep, ETA 0.0 h)
[      80s] 1600/4000 reps  (0.050 s/rep, ETA 0.0 h)
[      89s] 1800/4000 reps  (0.049 s/rep, ETA 0.0 h)
[      96s] 2000/4000 reps  (0.048 s/rep, ETA 0.0 h)
[     103s] 2200/4000 reps  (0.047 s/rep, ETA 0.0 h)
[     109s] 2400/4000 reps  (0.046 s/rep, ETA 0.0 h)
[     118s] 2600/4000 reps  (0.045 s/rep, ETA 0.0 h)
[     123s] 2800/4000 reps  (0.044 s/rep, ETA 0.0 h)
[     130s] 3000/4000 reps  (0.043 s/rep, ETA 0.0 h)
[     140s] 3200/4000 reps  (0.044 s/rep, ETA 0.0 h)
[     148s] 3400/4000 reps  (0.044 s/rep, ETA 0.0 h)
[     156s] 3600/4000 reps  (0.043 s/rep, ETA 0.0 h)
[     165s] 3800/4000 reps  (0.044 s/rep, ETA 0.0 h)
[     173s] 4000/4000 reps  (0.043 s/rep, ETA 0.0 h)
done: 4000 reps in 172.9s (0.043 s/rep)
[78189 s] reps done through 1116000 of 1228158
1228158 reps loaded; swap symmetry on (weighted rep sums)
4000 reps to do (1116000 already in the output)
[       7s] 200/4000 reps  (0.033 s/rep, ETA 0.0 h)
[      13s] 400/4000 reps  (0.033 s/rep, ETA 0.0 h)
[      21s] 600/4000 reps  (0.035 s/rep, ETA 0.0 h)
[      28s] 800/4000 reps  (0.035 s/rep, ETA 0.0 h)
[      33s] 1000/4000 reps  (0.033 s/rep, ETA 0.0 h)
[      39s] 1200/4000 reps  (0.032 s/rep, ETA 0.0 h)
[      44s] 1400/4000 reps  (0.031 s/rep, ETA 0.0 h)
[      50s] 1600/4000 reps  (0.031 s/rep, ETA 0.0 h)
[      55s] 1800/4000 reps  (0.030 s/rep, ETA 0.0 h)
[      58s] 2000/4000 reps  (0.029 s/rep, ETA 0.0 h)
[      73s] 2200/4000 reps  (0.033 s/rep, ETA 0.0 h)
[      86s] 2400/4000 reps  (0.036 s/rep, ETA 0.0 h)
[     102s] 2600/4000 reps  (0.039 s/rep, ETA 0.0 h)
[     115s] 2800/4000 reps  (0.041 s/rep, ETA 0.0 h)
[     128s] 3000/4000 reps  (0.043 s/rep, ETA 0.0 h)
[     142s] 3200/4000 reps  (0.044 s/rep, ETA 0.0 h)
[     155s] 3400/4000 reps  (0.046 s/rep, ETA 0.0 h)
[     166s] 3600/4000 reps  (0.046 s/rep, ETA 0.0 h)
[     177s] 3800/4000 reps  (0.047 s/rep, ETA 0.0 h)
[     193s] 4000/4000 reps  (0.048 s/rep, ETA 0.0 h)
done: 4000 reps in 193.0s (0.048 s/rep)
[78383 s] reps done through 1120000 of 1228158
1228158 reps loaded; swap symmetry on (weighted rep sums)
4000 reps to do (1120000 already in the output)
[      15s] 200/4000 reps  (0.077 s/rep, ETA 0.1 h)
[      28s] 400/4000 reps  (0.071 s/rep, ETA 0.1 h)
[      40s] 600/4000 reps  (0.066 s/rep, ETA 0.1 h)
[      50s] 800/4000 reps  (0.063 s/rep, ETA 0.1 h)
[      63s] 1000/4000 reps  (0.063 s/rep, ETA 0.1 h)
[      75s] 1200/4000 reps  (0.062 s/rep, ETA 0.0 h)
[      87s] 1400/4000 reps  (0.062 s/rep, ETA 0.0 h)
[      98s] 1600/4000 reps  (0.061 s/rep, ETA 0.0 h)
[     110s] 1800/4000 reps  (0.061 s/rep, ETA 0.0 h)
[     123s] 2000/4000 reps  (0.061 s/rep, ETA 0.0 h)
[     134s] 2200/4000 reps  (0.061 s/rep, ETA 0.0 h)
[     146s] 2400/4000 reps  (0.061 s/rep, ETA 0.0 h)
[     158s] 2600/4000 reps  (0.061 s/rep, ETA 0.0 h)
[     171s] 2800/4000 reps  (0.061 s/rep, ETA 0.0 h)
[     181s] 3000/4000 reps  (0.060 s/rep, ETA 0.0 h)
[     191s] 3200/4000 reps  (0.060 s/rep, ETA 0.0 h)
[     200s] 3400/4000 reps  (0.059 s/rep, ETA 0.0 h)
[     211s] 3600/4000 reps  (0.059 s/rep, ETA 0.0 h)
[     220s] 3800/4000 reps  (0.058 s/rep, ETA 0.0 h)
[     229s] 4000/4000 reps  (0.057 s/rep, ETA 0.0 h)
done: 4000 reps in 229.0s (0.057 s/rep)
[78613 s] reps done through 1124000 of 1228158
1228158 reps loaded; swap symmetry on (weighted rep sums)
4000 reps to do (1124000 already in the output)
[      13s] 200/4000 reps  (0.067 s/rep, ETA 0.1 h)
[      27s] 400/4000 reps  (0.068 s/rep, ETA 0.1 h)
[      40s] 600/4000 reps  (0.066 s/rep, ETA 0.1 h)
[      50s] 800/4000 reps  (0.063 s/rep, ETA 0.1 h)
[      61s] 1000/4000 reps  (0.061 s/rep, ETA 0.1 h)
[      72s] 1200/4000 reps  (0.060 s/rep, ETA 0.0 h)
[      83s] 1400/4000 reps  (0.059 s/rep, ETA 0.0 h)
[      93s] 1600/4000 reps  (0.058 s/rep, ETA 0.0 h)
[     104s] 1800/4000 reps  (0.058 s/rep, ETA 0.0 h)
[     115s] 2000/4000 reps  (0.058 s/rep, ETA 0.0 h)
[     125s] 2200/4000 reps  (0.057 s/rep, ETA 0.0 h)
[     135s] 2400/4000 reps  (0.056 s/rep, ETA 0.0 h)
[     145s] 2600/4000 reps  (0.056 s/rep, ETA 0.0 h)
[     155s] 2800/4000 reps  (0.055 s/rep, ETA 0.0 h)
[     162s] 3000/4000 reps  (0.054 s/rep, ETA 0.0 h)
[     173s] 3200/4000 reps  (0.054 s/rep, ETA 0.0 h)
[     184s] 3400/4000 reps  (0.054 s/rep, ETA 0.0 h)
[     194s] 3600/4000 reps  (0.054 s/rep, ETA 0.0 h)
[     203s] 3800/4000 reps  (0.054 s/rep, ETA 0.0 h)
[     213s] 4000/4000 reps  (0.053 s/rep, ETA 0.0 h)
done: 4000 reps in 213.3s (0.053 s/rep)
[78827 s] reps done through 1128000 of 1228158
1228158 reps loaded; swap symmetry on (weighted rep sums)
4000 reps to do (1128000 already in the output)
[      10s] 200/4000 reps  (0.048 s/rep, ETA 0.1 h)
[      20s] 400/4000 reps  (0.049 s/rep, ETA 0.0 h)
[      29s] 600/4000 reps  (0.049 s/rep, ETA 0.0 h)
[      37s] 800/4000 reps  (0.047 s/rep, ETA 0.0 h)
[      46s] 1000/4000 reps  (0.046 s/rep, ETA 0.0 h)
[      55s] 1200/4000 reps  (0.046 s/rep, ETA 0.0 h)
[      64s] 1400/4000 reps  (0.046 s/rep, ETA 0.0 h)
[      72s] 1600/4000 reps  (0.045 s/rep, ETA 0.0 h)
[      80s] 1800/4000 reps  (0.044 s/rep, ETA 0.0 h)
[      89s] 2000/4000 reps  (0.044 s/rep, ETA 0.0 h)
[      96s] 2200/4000 reps  (0.043 s/rep, ETA 0.0 h)
[     105s] 2400/4000 reps  (0.044 s/rep, ETA 0.0 h)
[     113s] 2600/4000 reps  (0.044 s/rep, ETA 0.0 h)
[     121s] 2800/4000 reps  (0.043 s/rep, ETA 0.0 h)
[     128s] 3000/4000 reps  (0.043 s/rep, ETA 0.0 h)
[     135s] 3200/4000 reps  (0.042 s/rep, ETA 0.0 h)
[     147s] 3400/4000 reps  (0.043 s/rep, ETA 0.0 h)
[     161s] 3600/4000 reps  (0.045 s/rep, ETA 0.0 h)
[     172s] 3800/4000 reps  (0.045 s/rep, ETA 0.0 h)
[     182s] 4000/4000 reps  (0.045 s/rep, ETA 0.0 h)
done: 4000 reps in 182.0s (0.045 s/rep)
[79010 s] reps done through 1132000 of 1228158
1228158 reps loaded; swap symmetry on (weighted rep sums)
4000 reps to do (1132000 already in the output)
[      12s] 200/4000 reps  (0.058 s/rep, ETA 0.1 h)
[      21s] 400/4000 reps  (0.052 s/rep, ETA 0.1 h)
[      31s] 600/4000 reps  (0.051 s/rep, ETA 0.0 h)
[      41s] 800/4000 reps  (0.051 s/rep, ETA 0.0 h)
[      51s] 1000/4000 reps  (0.051 s/rep, ETA 0.0 h)
[      60s] 1200/4000 reps  (0.050 s/rep, ETA 0.0 h)
[      68s] 1400/4000 reps  (0.049 s/rep, ETA 0.0 h)
[      78s] 1600/4000 reps  (0.049 s/rep, ETA 0.0 h)
[      86s] 1800/4000 reps  (0.048 s/rep, ETA 0.0 h)
[      92s] 2000/4000 reps  (0.046 s/rep, ETA 0.0 h)
[     106s] 2200/4000 reps  (0.048 s/rep, ETA 0.0 h)
[     118s] 2400/4000 reps  (0.049 s/rep, ETA 0.0 h)
[     130s] 2600/4000 reps  (0.050 s/rep, ETA 0.0 h)
[     140s] 2800/4000 reps  (0.050 s/rep, ETA 0.0 h)
[     152s] 3000/4000 reps  (0.051 s/rep, ETA 0.0 h)
[     164s] 3200/4000 reps  (0.051 s/rep, ETA 0.0 h)
[     175s] 3400/4000 reps  (0.051 s/rep, ETA 0.0 h)
[     186s] 3600/4000 reps  (0.052 s/rep, ETA 0.0 h)
[     197s] 3800/4000 reps  (0.052 s/rep, ETA 0.0 h)
[     206s] 4000/4000 reps  (0.052 s/rep, ETA 0.0 h)
done: 4000 reps in 206.4s (0.052 s/rep)
[79217 s] reps done through 1136000 of 1228158
1228158 reps loaded; swap symmetry on (weighted rep sums)
4000 reps to do (1136000 already in the output)
[      12s] 200/4000 reps  (0.058 s/rep, ETA 0.1 h)
[      23s] 400/4000 reps  (0.057 s/rep, ETA 0.1 h)
[      34s] 600/4000 reps  (0.056 s/rep, ETA 0.1 h)
[      43s] 800/4000 reps  (0.053 s/rep, ETA 0.0 h)
[      53s] 1000/4000 reps  (0.053 s/rep, ETA 0.0 h)
[      62s] 1200/4000 reps  (0.052 s/rep, ETA 0.0 h)
[      72s] 1400/4000 reps  (0.051 s/rep, ETA 0.0 h)
[      79s] 1600/4000 reps  (0.050 s/rep, ETA 0.0 h)
[      89s] 1800/4000 reps  (0.049 s/rep, ETA 0.0 h)
[     100s] 2000/4000 reps  (0.050 s/rep, ETA 0.0 h)
[     110s] 2200/4000 reps  (0.050 s/rep, ETA 0.0 h)
[     120s] 2400/4000 reps  (0.050 s/rep, ETA 0.0 h)
[     129s] 2600/4000 reps  (0.050 s/rep, ETA 0.0 h)
[     139s] 2800/4000 reps  (0.050 s/rep, ETA 0.0 h)
[     150s] 3000/4000 reps  (0.050 s/rep, ETA 0.0 h)
[     160s] 3200/4000 reps  (0.050 s/rep, ETA 0.0 h)
[     169s] 3400/4000 reps  (0.050 s/rep, ETA 0.0 h)
[     180s] 3600/4000 reps  (0.050 s/rep, ETA 0.0 h)
[     192s] 3800/4000 reps  (0.050 s/rep, ETA 0.0 h)
[     202s] 4000/4000 reps  (0.051 s/rep, ETA 0.0 h)
done: 4000 reps in 202.4s (0.051 s/rep)
[79420 s] reps done through 1140000 of 1228158
1228158 reps loaded; swap symmetry on (weighted rep sums)
4000 reps to do (1140000 already in the output)
[      10s] 200/4000 reps  (0.051 s/rep, ETA 0.1 h)
[      19s] 400/4000 reps  (0.048 s/rep, ETA 0.0 h)
[      29s] 600/4000 reps  (0.048 s/rep, ETA 0.0 h)
[      39s] 800/4000 reps  (0.049 s/rep, ETA 0.0 h)
[      48s] 1000/4000 reps  (0.048 s/rep, ETA 0.0 h)
[      57s] 1200/4000 reps  (0.048 s/rep, ETA 0.0 h)
[      66s] 1400/4000 reps  (0.047 s/rep, ETA 0.0 h)
[      73s] 1600/4000 reps  (0.046 s/rep, ETA 0.0 h)
[      81s] 1800/4000 reps  (0.045 s/rep, ETA 0.0 h)
[      90s] 2000/4000 reps  (0.045 s/rep, ETA 0.0 h)
[      98s] 2200/4000 reps  (0.045 s/rep, ETA 0.0 h)
[     107s] 2400/4000 reps  (0.045 s/rep, ETA 0.0 h)
[     115s] 2600/4000 reps  (0.044 s/rep, ETA 0.0 h)
[     122s] 2800/4000 reps  (0.044 s/rep, ETA 0.0 h)
[     131s] 3000/4000 reps  (0.044 s/rep, ETA 0.0 h)
[     140s] 3200/4000 reps  (0.044 s/rep, ETA 0.0 h)
[     149s] 3400/4000 reps  (0.044 s/rep, ETA 0.0 h)
[     158s] 3600/4000 reps  (0.044 s/rep, ETA 0.0 h)
[     165s] 3800/4000 reps  (0.044 s/rep, ETA 0.0 h)
[     176s] 4000/4000 reps  (0.044 s/rep, ETA 0.0 h)
done: 4000 reps in 175.5s (0.044 s/rep)
[79596 s] reps done through 1144000 of 1228158
1228158 reps loaded; swap symmetry on (weighted rep sums)
4000 reps to do (1144000 already in the output)
[      10s] 200/4000 reps  (0.051 s/rep, ETA 0.1 h)
[      19s] 400/4000 reps  (0.047 s/rep, ETA 0.0 h)
[      28s] 600/4000 reps  (0.047 s/rep, ETA 0.0 h)
[      37s] 800/4000 reps  (0.046 s/rep, ETA 0.0 h)
[      44s] 1000/4000 reps  (0.044 s/rep, ETA 0.0 h)
[      52s] 1200/4000 reps  (0.043 s/rep, ETA 0.0 h)
[      60s] 1400/4000 reps  (0.043 s/rep, ETA 0.0 h)
[      69s] 1600/4000 reps  (0.043 s/rep, ETA 0.0 h)
[      77s] 1800/4000 reps  (0.043 s/rep, ETA 0.0 h)
[      85s] 2000/4000 reps  (0.042 s/rep, ETA 0.0 h)
[      93s] 2200/4000 reps  (0.042 s/rep, ETA 0.0 h)
[     100s] 2400/4000 reps  (0.042 s/rep, ETA 0.0 h)
[     107s] 2600/4000 reps  (0.041 s/rep, ETA 0.0 h)
[     113s] 2800/4000 reps  (0.040 s/rep, ETA 0.0 h)
[     119s] 3000/4000 reps  (0.040 s/rep, ETA 0.0 h)
[     128s] 3200/4000 reps  (0.040 s/rep, ETA 0.0 h)
[     138s] 3400/4000 reps  (0.040 s/rep, ETA 0.0 h)
[     147s] 3600/4000 reps  (0.041 s/rep, ETA 0.0 h)
[     154s] 3800/4000 reps  (0.041 s/rep, ETA 0.0 h)
[     165s] 4000/4000 reps  (0.041 s/rep, ETA 0.0 h)
done: 4000 reps in 164.7s (0.041 s/rep)
[79761 s] reps done through 1148000 of 1228158
1228158 reps loaded; swap symmetry on (weighted rep sums)
4000 reps to do (1148000 already in the output)
[       9s] 200/4000 reps  (0.047 s/rep, ETA 0.0 h)
[      19s] 400/4000 reps  (0.047 s/rep, ETA 0.0 h)
[      26s] 600/4000 reps  (0.043 s/rep, ETA 0.0 h)
[      35s] 800/4000 reps  (0.044 s/rep, ETA 0.0 h)
[      43s] 1000/4000 reps  (0.043 s/rep, ETA 0.0 h)
[      51s] 1200/4000 reps  (0.042 s/rep, ETA 0.0 h)
[      58s] 1400/4000 reps  (0.041 s/rep, ETA 0.0 h)
[      63s] 1600/4000 reps  (0.039 s/rep, ETA 0.0 h)
[      70s] 1800/4000 reps  (0.039 s/rep, ETA 0.0 h)
[      77s] 2000/4000 reps  (0.038 s/rep, ETA 0.0 h)
[      84s] 2200/4000 reps  (0.038 s/rep, ETA 0.0 h)
[      90s] 2400/4000 reps  (0.038 s/rep, ETA 0.0 h)
[      97s] 2600/4000 reps  (0.037 s/rep, ETA 0.0 h)
[     105s] 2800/4000 reps  (0.038 s/rep, ETA 0.0 h)
[     113s] 3000/4000 reps  (0.038 s/rep, ETA 0.0 h)
[     121s] 3200/4000 reps  (0.038 s/rep, ETA 0.0 h)
[     127s] 3400/4000 reps  (0.037 s/rep, ETA 0.0 h)
[     134s] 3600/4000 reps  (0.037 s/rep, ETA 0.0 h)
[     141s] 3800/4000 reps  (0.037 s/rep, ETA 0.0 h)
[     148s] 4000/4000 reps  (0.037 s/rep, ETA 0.0 h)
done: 4000 reps in 147.6s (0.037 s/rep)
[79910 s] reps done through 1152000 of 1228158
1228158 reps loaded; swap symmetry on (weighted rep sums)
4000 reps to do (1152000 already in the output)
[       6s] 200/4000 reps  (0.032 s/rep, ETA 0.0 h)
[      13s] 400/4000 reps  (0.032 s/rep, ETA 0.0 h)
[      18s] 600/4000 reps  (0.030 s/rep, ETA 0.0 h)
[      23s] 800/4000 reps  (0.028 s/rep, ETA 0.0 h)
[      32s] 1000/4000 reps  (0.032 s/rep, ETA 0.0 h)
[      43s] 1200/4000 reps  (0.035 s/rep, ETA 0.0 h)
[      51s] 1400/4000 reps  (0.037 s/rep, ETA 0.0 h)
[      59s] 1600/4000 reps  (0.037 s/rep, ETA 0.0 h)
[      67s] 1800/4000 reps  (0.037 s/rep, ETA 0.0 h)
[      75s] 2000/4000 reps  (0.038 s/rep, ETA 0.0 h)
[      82s] 2200/4000 reps  (0.037 s/rep, ETA 0.0 h)
[      88s] 2400/4000 reps  (0.037 s/rep, ETA 0.0 h)
[      97s] 2600/4000 reps  (0.037 s/rep, ETA 0.0 h)
[     106s] 2800/4000 reps  (0.038 s/rep, ETA 0.0 h)
[     115s] 3000/4000 reps  (0.038 s/rep, ETA 0.0 h)
[     123s] 3200/4000 reps  (0.038 s/rep, ETA 0.0 h)
[     131s] 3400/4000 reps  (0.039 s/rep, ETA 0.0 h)
[     139s] 3600/4000 reps  (0.038 s/rep, ETA 0.0 h)
[     147s] 3800/4000 reps  (0.039 s/rep, ETA 0.0 h)
[     157s] 4000/4000 reps  (0.039 s/rep, ETA 0.0 h)
done: 4000 reps in 157.2s (0.039 s/rep)
[80068 s] reps done through 1156000 of 1228158
1228158 reps loaded; swap symmetry on (weighted rep sums)
4000 reps to do (1156000 already in the output)
[       8s] 200/4000 reps  (0.040 s/rep, ETA 0.0 h)
[      16s] 400/4000 reps  (0.040 s/rep, ETA 0.0 h)
[      24s] 600/4000 reps  (0.040 s/rep, ETA 0.0 h)
[      33s] 800/4000 reps  (0.041 s/rep, ETA 0.0 h)
[      41s] 1000/4000 reps  (0.041 s/rep, ETA 0.0 h)
[      48s] 1200/4000 reps  (0.040 s/rep, ETA 0.0 h)
[      56s] 1400/4000 reps  (0.040 s/rep, ETA 0.0 h)
[      64s] 1600/4000 reps  (0.040 s/rep, ETA 0.0 h)
[      72s] 1800/4000 reps  (0.040 s/rep, ETA 0.0 h)
[      79s] 2000/4000 reps  (0.040 s/rep, ETA 0.0 h)
[      87s] 2200/4000 reps  (0.040 s/rep, ETA 0.0 h)
[      94s] 2400/4000 reps  (0.039 s/rep, ETA 0.0 h)
[     100s] 2600/4000 reps  (0.038 s/rep, ETA 0.0 h)
[     105s] 2800/4000 reps  (0.037 s/rep, ETA 0.0 h)
[     112s] 3000/4000 reps  (0.037 s/rep, ETA 0.0 h)
[     120s] 3200/4000 reps  (0.037 s/rep, ETA 0.0 h)
[     128s] 3400/4000 reps  (0.038 s/rep, ETA 0.0 h)
[     135s] 3600/4000 reps  (0.037 s/rep, ETA 0.0 h)
[     142s] 3800/4000 reps  (0.037 s/rep, ETA 0.0 h)
[     149s] 4000/4000 reps  (0.037 s/rep, ETA 0.0 h)
done: 4000 reps in 148.7s (0.037 s/rep)
[80217 s] reps done through 1160000 of 1228158
1228158 reps loaded; swap symmetry on (weighted rep sums)
4000 reps to do (1160000 already in the output)
[       8s] 200/4000 reps  (0.039 s/rep, ETA 0.0 h)
[      15s] 400/4000 reps  (0.037 s/rep, ETA 0.0 h)
[      22s] 600/4000 reps  (0.037 s/rep, ETA 0.0 h)
[      29s] 800/4000 reps  (0.036 s/rep, ETA 0.0 h)
[      35s] 1000/4000 reps  (0.035 s/rep, ETA 0.0 h)
[      40s] 1200/4000 reps  (0.033 s/rep, ETA 0.0 h)
[      45s] 1400/4000 reps  (0.032 s/rep, ETA 0.0 h)
[      53s] 1600/4000 reps  (0.033 s/rep, ETA 0.0 h)
[      59s] 1800/4000 reps  (0.033 s/rep, ETA 0.0 h)
[      66s] 2000/4000 reps  (0.033 s/rep, ETA 0.0 h)
[      71s] 2200/4000 reps  (0.032 s/rep, ETA 0.0 h)
[      78s] 2400/4000 reps  (0.032 s/rep, ETA 0.0 h)
[      84s] 2600/4000 reps  (0.032 s/rep, ETA 0.0 h)
[      89s] 2800/4000 reps  (0.032 s/rep, ETA 0.0 h)
[      95s] 3000/4000 reps  (0.032 s/rep, ETA 0.0 h)
[     101s] 3200/4000 reps  (0.031 s/rep, ETA 0.0 h)
[     107s] 3400/4000 reps  (0.032 s/rep, ETA 0.0 h)
[     113s] 3600/4000 reps  (0.031 s/rep, ETA 0.0 h)
[     119s] 3800/4000 reps  (0.031 s/rep, ETA 0.0 h)
[     124s] 4000/4000 reps  (0.031 s/rep, ETA 0.0 h)
done: 4000 reps in 123.5s (0.031 s/rep)
[80341 s] reps done through 1164000 of 1228158
1228158 reps loaded; swap symmetry on (weighted rep sums)
4000 reps to do (1164000 already in the output)
[       4s] 200/4000 reps  (0.021 s/rep, ETA 0.0 h)
[      10s] 400/4000 reps  (0.024 s/rep, ETA 0.0 h)
[      18s] 600/4000 reps  (0.030 s/rep, ETA 0.0 h)
[      26s] 800/4000 reps  (0.032 s/rep, ETA 0.0 h)
[      33s] 1000/4000 reps  (0.033 s/rep, ETA 0.0 h)
[      41s] 1200/4000 reps  (0.034 s/rep, ETA 0.0 h)
[      48s] 1400/4000 reps  (0.034 s/rep, ETA 0.0 h)
[      53s] 1600/4000 reps  (0.033 s/rep, ETA 0.0 h)
[      59s] 1800/4000 reps  (0.033 s/rep, ETA 0.0 h)
[      66s] 2000/4000 reps  (0.033 s/rep, ETA 0.0 h)
[      71s] 2200/4000 reps  (0.032 s/rep, ETA 0.0 h)
[      78s] 2400/4000 reps  (0.032 s/rep, ETA 0.0 h)
[      84s] 2600/4000 reps  (0.032 s/rep, ETA 0.0 h)
[      91s] 2800/4000 reps  (0.032 s/rep, ETA 0.0 h)
[      96s] 3000/4000 reps  (0.032 s/rep, ETA 0.0 h)
[     101s] 3200/4000 reps  (0.032 s/rep, ETA 0.0 h)
[     105s] 3400/4000 reps  (0.031 s/rep, ETA 0.0 h)
[     110s] 3600/4000 reps  (0.031 s/rep, ETA 0.0 h)
[     117s] 3800/4000 reps  (0.031 s/rep, ETA 0.0 h)
[     123s] 4000/4000 reps  (0.031 s/rep, ETA 0.0 h)
done: 4000 reps in 123.2s (0.031 s/rep)
[80464 s] reps done through 1168000 of 1228158
1228158 reps loaded; swap symmetry on (weighted rep sums)
4000 reps to do (1168000 already in the output)
[       6s] 200/4000 reps  (0.029 s/rep, ETA 0.0 h)
[      11s] 400/4000 reps  (0.027 s/rep, ETA 0.0 h)
[      15s] 600/4000 reps  (0.024 s/rep, ETA 0.0 h)
[      19s] 800/4000 reps  (0.023 s/rep, ETA 0.0 h)
[      24s] 1000/4000 reps  (0.024 s/rep, ETA 0.0 h)
[      29s] 1200/4000 reps  (0.024 s/rep, ETA 0.0 h)
[      34s] 1400/4000 reps  (0.024 s/rep, ETA 0.0 h)
[      38s] 1600/4000 reps  (0.024 s/rep, ETA 0.0 h)
[      42s] 1800/4000 reps  (0.023 s/rep, ETA 0.0 h)
[      44s] 2000/4000 reps  (0.022 s/rep, ETA 0.0 h)
[      52s] 2200/4000 reps  (0.024 s/rep, ETA 0.0 h)
[      57s] 2400/4000 reps  (0.024 s/rep, ETA 0.0 h)
[      63s] 2600/4000 reps  (0.024 s/rep, ETA 0.0 h)
[      68s] 2800/4000 reps  (0.024 s/rep, ETA 0.0 h)
[      73s] 3000/4000 reps  (0.024 s/rep, ETA 0.0 h)
[      77s] 3200/4000 reps  (0.024 s/rep, ETA 0.0 h)
[      83s] 3400/4000 reps  (0.024 s/rep, ETA 0.0 h)
[      87s] 3600/4000 reps  (0.024 s/rep, ETA 0.0 h)
[      90s] 3800/4000 reps  (0.024 s/rep, ETA 0.0 h)
[      94s] 4000/4000 reps  (0.023 s/rep, ETA 0.0 h)
done: 4000 reps in 93.7s (0.023 s/rep)
[80559 s] reps done through 1172000 of 1228158
1228158 reps loaded; swap symmetry on (weighted rep sums)
4000 reps to do (1172000 already in the output)
[       2s] 200/4000 reps  (0.011 s/rep, ETA 0.0 h)
[       9s] 400/4000 reps  (0.022 s/rep, ETA 0.0 h)
[      16s] 600/4000 reps  (0.027 s/rep, ETA 0.0 h)
[      22s] 800/4000 reps  (0.027 s/rep, ETA 0.0 h)
[      27s] 1000/4000 reps  (0.027 s/rep, ETA 0.0 h)
[      32s] 1200/4000 reps  (0.027 s/rep, ETA 0.0 h)
[      38s] 1400/4000 reps  (0.027 s/rep, ETA 0.0 h)
[      42s] 1600/4000 reps  (0.026 s/rep, ETA 0.0 h)
[      45s] 1800/4000 reps  (0.025 s/rep, ETA 0.0 h)
[      53s] 2000/4000 reps  (0.026 s/rep, ETA 0.0 h)
[      62s] 2200/4000 reps  (0.028 s/rep, ETA 0.0 h)
[      72s] 2400/4000 reps  (0.030 s/rep, ETA 0.0 h)
[      79s] 2600/4000 reps  (0.030 s/rep, ETA 0.0 h)
[      87s] 2800/4000 reps  (0.031 s/rep, ETA 0.0 h)
[      96s] 3000/4000 reps  (0.032 s/rep, ETA 0.0 h)
[     104s] 3200/4000 reps  (0.032 s/rep, ETA 0.0 h)
[     111s] 3400/4000 reps  (0.033 s/rep, ETA 0.0 h)
[     117s] 3600/4000 reps  (0.033 s/rep, ETA 0.0 h)
[     124s] 3800/4000 reps  (0.033 s/rep, ETA 0.0 h)
[     130s] 4000/4000 reps  (0.032 s/rep, ETA 0.0 h)
done: 4000 reps in 129.9s (0.032 s/rep)
[80690 s] reps done through 1176000 of 1228158
1228158 reps loaded; swap symmetry on (weighted rep sums)
4000 reps to do (1176000 already in the output)
[       9s] 200/4000 reps  (0.044 s/rep, ETA 0.0 h)
[      16s] 400/4000 reps  (0.041 s/rep, ETA 0.0 h)
[      24s] 600/4000 reps  (0.039 s/rep, ETA 0.0 h)
[      30s] 800/4000 reps  (0.038 s/rep, ETA 0.0 h)
[      38s] 1000/4000 reps  (0.038 s/rep, ETA 0.0 h)
[      44s] 1200/4000 reps  (0.037 s/rep, ETA 0.0 h)
[      51s] 1400/4000 reps  (0.036 s/rep, ETA 0.0 h)
[      58s] 1600/4000 reps  (0.036 s/rep, ETA 0.0 h)
[      63s] 1800/4000 reps  (0.035 s/rep, ETA 0.0 h)
[      69s] 2000/4000 reps  (0.035 s/rep, ETA 0.0 h)
[      74s] 2200/4000 reps  (0.034 s/rep, ETA 0.0 h)
[      78s] 2400/4000 reps  (0.033 s/rep, ETA 0.0 h)
[      86s] 2600/4000 reps  (0.033 s/rep, ETA 0.0 h)
[      94s] 2800/4000 reps  (0.033 s/rep, ETA 0.0 h)
[     102s] 3000/4000 reps  (0.034 s/rep, ETA 0.0 h)
[     108s] 3200/4000 reps  (0.034 s/rep, ETA 0.0 h)
[     115s] 3400/4000 reps  (0.034 s/rep, ETA 0.0 h)
[     121s] 3600/4000 reps  (0.034 s/rep, ETA 0.0 h)
[     128s] 3800/4000 reps  (0.034 s/rep, ETA 0.0 h)
[     134s] 4000/4000 reps  (0.033 s/rep, ETA 0.0 h)
done: 4000 reps in 133.6s (0.033 s/rep)
[80824 s] reps done through 1180000 of 1228158
1228158 reps loaded; swap symmetry on (weighted rep sums)
4000 reps to do (1180000 already in the output)
[       6s] 200/4000 reps  (0.028 s/rep, ETA 0.0 h)
[      14s] 400/4000 reps  (0.036 s/rep, ETA 0.0 h)
[      23s] 600/4000 reps  (0.038 s/rep, ETA 0.0 h)
[      30s] 800/4000 reps  (0.038 s/rep, ETA 0.0 h)
[      37s] 1000/4000 reps  (0.037 s/rep, ETA 0.0 h)
[      44s] 1200/4000 reps  (0.037 s/rep, ETA 0.0 h)
[      52s] 1400/4000 reps  (0.037 s/rep, ETA 0.0 h)
[      60s] 1600/4000 reps  (0.038 s/rep, ETA 0.0 h)
[      67s] 1800/4000 reps  (0.037 s/rep, ETA 0.0 h)
[      73s] 2000/4000 reps  (0.037 s/rep, ETA 0.0 h)
[      79s] 2200/4000 reps  (0.036 s/rep, ETA 0.0 h)
[      86s] 2400/4000 reps  (0.036 s/rep, ETA 0.0 h)
[      93s] 2600/4000 reps  (0.036 s/rep, ETA 0.0 h)
[     100s] 2800/4000 reps  (0.036 s/rep, ETA 0.0 h)
[     108s] 3000/4000 reps  (0.036 s/rep, ETA 0.0 h)
[     117s] 3200/4000 reps  (0.037 s/rep, ETA 0.0 h)
[     125s] 3400/4000 reps  (0.037 s/rep, ETA 0.0 h)
[     132s] 3600/4000 reps  (0.037 s/rep, ETA 0.0 h)
[     139s] 3800/4000 reps  (0.037 s/rep, ETA 0.0 h)
[     145s] 4000/4000 reps  (0.036 s/rep, ETA 0.0 h)
done: 4000 reps in 145.2s (0.036 s/rep)
[80969 s] reps done through 1184000 of 1228158
1228158 reps loaded; swap symmetry on (weighted rep sums)
4000 reps to do (1184000 already in the output)
[       7s] 200/4000 reps  (0.033 s/rep, ETA 0.0 h)
[      12s] 400/4000 reps  (0.031 s/rep, ETA 0.0 h)
[      17s] 600/4000 reps  (0.028 s/rep, ETA 0.0 h)
[      22s] 800/4000 reps  (0.028 s/rep, ETA 0.0 h)
[      28s] 1000/4000 reps  (0.028 s/rep, ETA 0.0 h)
[      34s] 1200/4000 reps  (0.028 s/rep, ETA 0.0 h)
[      42s] 1400/4000 reps  (0.030 s/rep, ETA 0.0 h)
[      48s] 1600/4000 reps  (0.030 s/rep, ETA 0.0 h)
[      55s] 1800/4000 reps  (0.030 s/rep, ETA 0.0 h)
[      61s] 2000/4000 reps  (0.030 s/rep, ETA 0.0 h)
[      66s] 2200/4000 reps  (0.030 s/rep, ETA 0.0 h)
[      72s] 2400/4000 reps  (0.030 s/rep, ETA 0.0 h)
[      77s] 2600/4000 reps  (0.030 s/rep, ETA 0.0 h)
[      82s] 2800/4000 reps  (0.029 s/rep, ETA 0.0 h)
[      87s] 3000/4000 reps  (0.029 s/rep, ETA 0.0 h)
[      92s] 3200/4000 reps  (0.029 s/rep, ETA 0.0 h)
[      95s] 3400/4000 reps  (0.028 s/rep, ETA 0.0 h)
[     101s] 3600/4000 reps  (0.028 s/rep, ETA 0.0 h)
[     107s] 3800/4000 reps  (0.028 s/rep, ETA 0.0 h)
[     114s] 4000/4000 reps  (0.029 s/rep, ETA 0.0 h)
done: 4000 reps in 114.5s (0.029 s/rep)
[81084 s] reps done through 1188000 of 1228158
1228158 reps loaded; swap symmetry on (weighted rep sums)
4000 reps to do (1188000 already in the output)
[       7s] 200/4000 reps  (0.037 s/rep, ETA 0.0 h)
[      14s] 400/4000 reps  (0.034 s/rep, ETA 0.0 h)
[      19s] 600/4000 reps  (0.032 s/rep, ETA 0.0 h)
[      25s] 800/4000 reps  (0.031 s/rep, ETA 0.0 h)
[      31s] 1000/4000 reps  (0.031 s/rep, ETA 0.0 h)
[      35s] 1200/4000 reps  (0.029 s/rep, ETA 0.0 h)
[      39s] 1400/4000 reps  (0.028 s/rep, ETA 0.0 h)
[      43s] 1600/4000 reps  (0.027 s/rep, ETA 0.0 h)
[      48s] 1800/4000 reps  (0.027 s/rep, ETA 0.0 h)
[      54s] 2000/4000 reps  (0.027 s/rep, ETA 0.0 h)
[      59s] 2200/4000 reps  (0.027 s/rep, ETA 0.0 h)
[      64s] 2400/4000 reps  (0.027 s/rep, ETA 0.0 h)
[      68s] 2600/4000 reps  (0.026 s/rep, ETA 0.0 h)
[      73s] 2800/4000 reps  (0.026 s/rep, ETA 0.0 h)
[      77s] 3000/4000 reps  (0.026 s/rep, ETA 0.0 h)
[      81s] 3200/4000 reps  (0.025 s/rep, ETA 0.0 h)
[      84s] 3400/4000 reps  (0.025 s/rep, ETA 0.0 h)
[      88s] 3600/4000 reps  (0.025 s/rep, ETA 0.0 h)
[      96s] 3800/4000 reps  (0.025 s/rep, ETA 0.0 h)
[     102s] 4000/4000 reps  (0.026 s/rep, ETA 0.0 h)
done: 4000 reps in 102.5s (0.026 s/rep)
[81187 s] reps done through 1192000 of 1228158
1228158 reps loaded; swap symmetry on (weighted rep sums)
4000 reps to do (1192000 already in the output)
[       6s] 200/4000 reps  (0.028 s/rep, ETA 0.0 h)
[      12s] 400/4000 reps  (0.029 s/rep, ETA 0.0 h)
[      17s] 600/4000 reps  (0.028 s/rep, ETA 0.0 h)
[      22s] 800/4000 reps  (0.027 s/rep, ETA 0.0 h)
[      29s] 1000/4000 reps  (0.029 s/rep, ETA 0.0 h)
[      36s] 1200/4000 reps  (0.030 s/rep, ETA 0.0 h)
[      43s] 1400/4000 reps  (0.030 s/rep, ETA 0.0 h)
[      49s] 1600/4000 reps  (0.030 s/rep, ETA 0.0 h)
[      55s] 1800/4000 reps  (0.030 s/rep, ETA 0.0 h)
[      60s] 2000/4000 reps  (0.030 s/rep, ETA 0.0 h)
[      66s] 2200/4000 reps  (0.030 s/rep, ETA 0.0 h)
[      72s] 2400/4000 reps  (0.030 s/rep, ETA 0.0 h)
[      77s] 2600/4000 reps  (0.030 s/rep, ETA 0.0 h)
[      83s] 2800/4000 reps  (0.030 s/rep, ETA 0.0 h)
[      89s] 3000/4000 reps  (0.030 s/rep, ETA 0.0 h)
[      94s] 3200/4000 reps  (0.029 s/rep, ETA 0.0 h)
[     100s] 3400/4000 reps  (0.029 s/rep, ETA 0.0 h)
[     105s] 3600/4000 reps  (0.029 s/rep, ETA 0.0 h)
[     109s] 3800/4000 reps  (0.029 s/rep, ETA 0.0 h)
[     114s] 4000/4000 reps  (0.029 s/rep, ETA 0.0 h)
done: 4000 reps in 114.2s (0.029 s/rep)
[81302 s] reps done through 1196000 of 1228158
1228158 reps loaded; swap symmetry on (weighted rep sums)
4000 reps to do (1196000 already in the output)
[       3s] 200/4000 reps  (0.017 s/rep, ETA 0.0 h)
[       9s] 400/4000 reps  (0.023 s/rep, ETA 0.0 h)
[      14s] 600/4000 reps  (0.023 s/rep, ETA 0.0 h)
[      20s] 800/4000 reps  (0.025 s/rep, ETA 0.0 h)
[      25s] 1000/4000 reps  (0.025 s/rep, ETA 0.0 h)
[      30s] 1200/4000 reps  (0.025 s/rep, ETA 0.0 h)
[      35s] 1400/4000 reps  (0.025 s/rep, ETA 0.0 h)
[      39s] 1600/4000 reps  (0.024 s/rep, ETA 0.0 h)
[      43s] 1800/4000 reps  (0.024 s/rep, ETA 0.0 h)
[      47s] 2000/4000 reps  (0.023 s/rep, ETA 0.0 h)
[      50s] 2200/4000 reps  (0.023 s/rep, ETA 0.0 h)
[      55s] 2400/4000 reps  (0.023 s/rep, ETA 0.0 h)
[      59s] 2600/4000 reps  (0.023 s/rep, ETA 0.0 h)
[      63s] 2800/4000 reps  (0.022 s/rep, ETA 0.0 h)
[      67s] 3000/4000 reps  (0.022 s/rep, ETA 0.0 h)
[      71s] 3200/4000 reps  (0.022 s/rep, ETA 0.0 h)
[      74s] 3400/4000 reps  (0.022 s/rep, ETA 0.0 h)
[      76s] 3600/4000 reps  (0.021 s/rep, ETA 0.0 h)
[      81s] 3800/4000 reps  (0.021 s/rep, ETA 0.0 h)
[      86s] 4000/4000 reps  (0.022 s/rep, ETA 0.0 h)
done: 4000 reps in 86.4s (0.022 s/rep)
[81389 s] reps done through 1200000 of 1228158
1228158 reps loaded; swap symmetry on (weighted rep sums)
4000 reps to do (1200000 already in the output)
[       6s] 200/4000 reps  (0.030 s/rep, ETA 0.0 h)
[      12s] 400/4000 reps  (0.031 s/rep, ETA 0.0 h)
[      17s] 600/4000 reps  (0.028 s/rep, ETA 0.0 h)
[      21s] 800/4000 reps  (0.027 s/rep, ETA 0.0 h)
[      25s] 1000/4000 reps  (0.025 s/rep, ETA 0.0 h)
[      28s] 1200/4000 reps  (0.024 s/rep, ETA 0.0 h)
[      33s] 1400/4000 reps  (0.024 s/rep, ETA 0.0 h)
[      38s] 1600/4000 reps  (0.024 s/rep, ETA 0.0 h)
[      42s] 1800/4000 reps  (0.023 s/rep, ETA 0.0 h)
[      45s] 2000/4000 reps  (0.022 s/rep, ETA 0.0 h)
[      47s] 2200/4000 reps  (0.021 s/rep, ETA 0.0 h)
[      51s] 2400/4000 reps  (0.021 s/rep, ETA 0.0 h)
[      56s] 2600/4000 reps  (0.022 s/rep, ETA 0.0 h)
[      61s] 2800/4000 reps  (0.022 s/rep, ETA 0.0 h)
[      65s] 3000/4000 reps  (0.022 s/rep, ETA 0.0 h)
[      68s] 3200/4000 reps  (0.021 s/rep, ETA 0.0 h)
[      70s] 3400/4000 reps  (0.021 s/rep, ETA 0.0 h)
[      73s] 3600/4000 reps  (0.020 s/rep, ETA 0.0 h)
[      77s] 3800/4000 reps  (0.020 s/rep, ETA 0.0 h)
[      80s] 4000/4000 reps  (0.020 s/rep, ETA 0.0 h)
done: 4000 reps in 79.9s (0.020 s/rep)
[81470 s] reps done through 1204000 of 1228158
1228158 reps loaded; swap symmetry on (weighted rep sums)
4000 reps to do (1204000 already in the output)
[       2s] 200/4000 reps  (0.011 s/rep, ETA 0.0 h)
[       4s] 400/4000 reps  (0.010 s/rep, ETA 0.0 h)
[       8s] 600/4000 reps  (0.014 s/rep, ETA 0.0 h)
[      13s] 800/4000 reps  (0.017 s/rep, ETA 0.0 h)
[      19s] 1000/4000 reps  (0.019 s/rep, ETA 0.0 h)
[      23s] 1200/4000 reps  (0.020 s/rep, ETA 0.0 h)
[      27s] 1400/4000 reps  (0.020 s/rep, ETA 0.0 h)
[      31s] 1600/4000 reps  (0.020 s/rep, ETA 0.0 h)
[      35s] 1800/4000 reps  (0.019 s/rep, ETA 0.0 h)
[      37s] 2000/4000 reps  (0.019 s/rep, ETA 0.0 h)
[      41s] 2200/4000 reps  (0.018 s/rep, ETA 0.0 h)
[      44s] 2400/4000 reps  (0.018 s/rep, ETA 0.0 h)
[      46s] 2600/4000 reps  (0.018 s/rep, ETA 0.0 h)
[      48s] 2800/4000 reps  (0.017 s/rep, ETA 0.0 h)
[      49s] 3000/4000 reps  (0.016 s/rep, ETA 0.0 h)
[      53s] 3200/4000 reps  (0.017 s/rep, ETA 0.0 h)
[      60s] 3400/4000 reps  (0.018 s/rep, ETA 0.0 h)
[      66s] 3600/4000 reps  (0.018 s/rep, ETA 0.0 h)
[      73s] 3800/4000 reps  (0.019 s/rep, ETA 0.0 h)
[      79s] 4000/4000 reps  (0.020 s/rep, ETA 0.0 h)
done: 4000 reps in 79.5s (0.020 s/rep)
[81550 s] reps done through 1208000 of 1228158
1228158 reps loaded; swap symmetry on (weighted rep sums)
4000 reps to do (1208000 already in the output)
[       7s] 200/4000 reps  (0.033 s/rep, ETA 0.0 h)
[      13s] 400/4000 reps  (0.032 s/rep, ETA 0.0 h)
[      18s] 600/4000 reps  (0.030 s/rep, ETA 0.0 h)
[      24s] 800/4000 reps  (0.030 s/rep, ETA 0.0 h)
[      29s] 1000/4000 reps  (0.029 s/rep, ETA 0.0 h)
[      34s] 1200/4000 reps  (0.028 s/rep, ETA 0.0 h)
[      38s] 1400/4000 reps  (0.027 s/rep, ETA 0.0 h)
[      43s] 1600/4000 reps  (0.027 s/rep, ETA 0.0 h)
[      49s] 1800/4000 reps  (0.027 s/rep, ETA 0.0 h)
[      54s] 2000/4000 reps  (0.027 s/rep, ETA 0.0 h)
[      59s] 2200/4000 reps  (0.027 s/rep, ETA 0.0 h)
[      64s] 2400/4000 reps  (0.027 s/rep, ETA 0.0 h)
[      68s] 2600/4000 reps  (0.026 s/rep, ETA 0.0 h)
[      72s] 2800/4000 reps  (0.026 s/rep, ETA 0.0 h)
[      76s] 3000/4000 reps  (0.025 s/rep, ETA 0.0 h)
[      81s] 3200/4000 reps  (0.025 s/rep, ETA 0.0 h)
[      86s] 3400/4000 reps  (0.025 s/rep, ETA 0.0 h)
[      90s] 3600/4000 reps  (0.025 s/rep, ETA 0.0 h)
[      93s] 3800/4000 reps  (0.024 s/rep, ETA 0.0 h)
[      97s] 4000/4000 reps  (0.024 s/rep, ETA 0.0 h)
done: 4000 reps in 96.7s (0.024 s/rep)
[81648 s] reps done through 1212000 of 1228158
1228158 reps loaded; swap symmetry on (weighted rep sums)
4000 reps to do (1212000 already in the output)
[       3s] 200/4000 reps  (0.017 s/rep, ETA 0.0 h)
[       6s] 400/4000 reps  (0.015 s/rep, ETA 0.0 h)
[      10s] 600/4000 reps  (0.017 s/rep, ETA 0.0 h)
[      15s] 800/4000 reps  (0.019 s/rep, ETA 0.0 h)
[      18s] 1000/4000 reps  (0.018 s/rep, ETA 0.0 h)
[      22s] 1200/4000 reps  (0.018 s/rep, ETA 0.0 h)
[      25s] 1400/4000 reps  (0.018 s/rep, ETA 0.0 h)
[      28s] 1600/4000 reps  (0.017 s/rep, ETA 0.0 h)
[      31s] 1800/4000 reps  (0.017 s/rep, ETA 0.0 h)
[      34s] 2000/4000 reps  (0.017 s/rep, ETA 0.0 h)
[      36s] 2200/4000 reps  (0.017 s/rep, ETA 0.0 h)
[      38s] 2400/4000 reps  (0.016 s/rep, ETA 0.0 h)
[      43s] 2600/4000 reps  (0.016 s/rep, ETA 0.0 h)
[      48s] 2800/4000 reps  (0.017 s/rep, ETA 0.0 h)
[      52s] 3000/4000 reps  (0.017 s/rep, ETA 0.0 h)
[      56s] 3200/4000 reps  (0.018 s/rep, ETA 0.0 h)
[      60s] 3400/4000 reps  (0.018 s/rep, ETA 0.0 h)
[      64s] 3600/4000 reps  (0.018 s/rep, ETA 0.0 h)
[      67s] 3800/4000 reps  (0.018 s/rep, ETA 0.0 h)
[      71s] 4000/4000 reps  (0.018 s/rep, ETA 0.0 h)
done: 4000 reps in 70.8s (0.018 s/rep)
[81719 s] reps done through 1216000 of 1228158
1228158 reps loaded; swap symmetry on (weighted rep sums)
4000 reps to do (1216000 already in the output)
[       5s] 200/4000 reps  (0.023 s/rep, ETA 0.0 h)
[       8s] 400/4000 reps  (0.021 s/rep, ETA 0.0 h)
[      11s] 600/4000 reps  (0.019 s/rep, ETA 0.0 h)
[      15s] 800/4000 reps  (0.018 s/rep, ETA 0.0 h)
[      18s] 1000/4000 reps  (0.018 s/rep, ETA 0.0 h)
[      21s] 1200/4000 reps  (0.018 s/rep, ETA 0.0 h)
[      24s] 1400/4000 reps  (0.017 s/rep, ETA 0.0 h)
[      26s] 1600/4000 reps  (0.016 s/rep, ETA 0.0 h)
[      28s] 1800/4000 reps  (0.016 s/rep, ETA 0.0 h)
[      32s] 2000/4000 reps  (0.016 s/rep, ETA 0.0 h)
[      38s] 2200/4000 reps  (0.017 s/rep, ETA 0.0 h)
[      43s] 2400/4000 reps  (0.018 s/rep, ETA 0.0 h)
[      47s] 2600/4000 reps  (0.018 s/rep, ETA 0.0 h)
[      50s] 2800/4000 reps  (0.018 s/rep, ETA 0.0 h)
[      54s] 3000/4000 reps  (0.018 s/rep, ETA 0.0 h)
[      57s] 3200/4000 reps  (0.018 s/rep, ETA 0.0 h)
[      60s] 3400/4000 reps  (0.018 s/rep, ETA 0.0 h)
[      64s] 3600/4000 reps  (0.018 s/rep, ETA 0.0 h)
[      67s] 3800/4000 reps  (0.018 s/rep, ETA 0.0 h)
[      70s] 4000/4000 reps  (0.018 s/rep, ETA 0.0 h)
done: 4000 reps in 70.4s (0.018 s/rep)
[81790 s] reps done through 1220000 of 1228158
1228158 reps loaded; swap symmetry on (weighted rep sums)
4000 reps to do (1220000 already in the output)
[       3s] 200/4000 reps  (0.015 s/rep, ETA 0.0 h)
[       5s] 400/4000 reps  (0.013 s/rep, ETA 0.0 h)
[       8s] 600/4000 reps  (0.013 s/rep, ETA 0.0 h)
[      11s] 800/4000 reps  (0.013 s/rep, ETA 0.0 h)
[      13s] 1000/4000 reps  (0.013 s/rep, ETA 0.0 h)
[      14s] 1200/4000 reps  (0.012 s/rep, ETA 0.0 h)
[      16s] 1400/4000 reps  (0.012 s/rep, ETA 0.0 h)
[      18s] 1600/4000 reps  (0.011 s/rep, ETA 0.0 h)
[      19s] 1800/4000 reps  (0.011 s/rep, ETA 0.0 h)
[      21s] 2000/4000 reps  (0.010 s/rep, ETA 0.0 h)
[      25s] 2200/4000 reps  (0.012 s/rep, ETA 0.0 h)
[      30s] 2400/4000 reps  (0.013 s/rep, ETA 0.0 h)
[      33s] 2600/4000 reps  (0.013 s/rep, ETA 0.0 h)
[      37s] 2800/4000 reps  (0.013 s/rep, ETA 0.0 h)
[      39s] 3000/4000 reps  (0.013 s/rep, ETA 0.0 h)
[      43s] 3200/4000 reps  (0.014 s/rep, ETA 0.0 h)
[      46s] 3400/4000 reps  (0.014 s/rep, ETA 0.0 h)
[      48s] 3600/4000 reps  (0.013 s/rep, ETA 0.0 h)
[      50s] 3800/4000 reps  (0.013 s/rep, ETA 0.0 h)
[      53s] 4000/4000 reps  (0.013 s/rep, ETA 0.0 h)
done: 4000 reps in 52.5s (0.013 s/rep)
[81844 s] reps done through 1224000 of 1228158
1228158 reps loaded; swap symmetry on (weighted rep sums)
4000 reps to do (1224000 already in the output)
[       3s] 200/4000 reps  (0.014 s/rep, ETA 0.0 h)
[       5s] 400/4000 reps  (0.013 s/rep, ETA 0.0 h)
[       7s] 600/4000 reps  (0.012 s/rep, ETA 0.0 h)
[       9s] 800/4000 reps  (0.011 s/rep, ETA 0.0 h)
[      11s] 1000/4000 reps  (0.011 s/rep, ETA 0.0 h)
[      13s] 1200/4000 reps  (0.010 s/rep, ETA 0.0 h)
[      14s] 1400/4000 reps  (0.010 s/rep, ETA 0.0 h)
[      15s] 1600/4000 reps  (0.009 s/rep, ETA 0.0 h)
[      17s] 1800/4000 reps  (0.009 s/rep, ETA 0.0 h)
[      18s] 2000/4000 reps  (0.009 s/rep, ETA 0.0 h)
[      19s] 2200/4000 reps  (0.009 s/rep, ETA 0.0 h)
[      20s] 2400/4000 reps  (0.008 s/rep, ETA 0.0 h)
[      23s] 2600/4000 reps  (0.009 s/rep, ETA 0.0 h)
[      25s] 2800/4000 reps  (0.009 s/rep, ETA 0.0 h)
[      27s] 3000/4000 reps  (0.009 s/rep, ETA 0.0 h)
[      29s] 3200/4000 reps  (0.009 s/rep, ETA 0.0 h)
[      30s] 3400/4000 reps  (0.009 s/rep, ETA 0.0 h)
[      31s] 3600/4000 reps  (0.009 s/rep, ETA 0.0 h)
[      32s] 3800/4000 reps  (0.008 s/rep, ETA 0.0 h)
[      33s] 4000/4000 reps  (0.008 s/rep, ETA 0.0 h)
done: 4000 reps in 33.2s (0.008 s/rep)
[81878 s] reps done through 1228000 of 1228158
1228158 reps loaded; swap symmetry on (weighted rep sums)
158 reps to do (1228000 already in the output)
[       0s] 158/158 reps  (0.003 s/rep, ETA 0.0 h)
done: 158 reps in 0.4s (0.003 s/rep)
[81879 s] reps done through 1228158 of 1228158
finished; run aggregate.py
