1 1
2 8
3 14
4 64
5 32
6 112
7 58
8 288
9 110
10 256
11 134
12 896
13 184
14 464
15 448
16 1056
17 308
18 880
19 382
20 2048
21 812
22 1072
23 554
24 4032
25 752
26 1472
27 974
28 3712
29 872
30 3584
31 994
32 4128
33 1876
34 2464
35 1856
36 7040
37 1408
38 3056
39 2576
40 9216
41 1724
42 6496
43 1894
44 8576
45 3520
46 4432
47 2258
48 14784
49 2746
50 6016
51 4312
52 11776
53 2864
54 7792
55 4288
56 16704
57 5348
58 6976
59 3542
60 28672
61 3784
62 7952
63 6380
64 16416
65 5888
66 15008
67 4558
68 19712
69 7756
70 14848
71 5114
72 31680
73 5404
74 11264
75 10528
76 24448
77 7772
78 20608
79 6322
80 33792
81 8750
82 13792
83 6974
84 51968
85 9856
86 15152
87 12208
88 38592
89 8012
90 28160
91 10672
92 35456
93 13916
94 18064
95 12224
96 57792
97 9508
98 21968
99 14740
100 48128
101 10304
102 34496
103 10714
104 52992
105 25984
106 22912
107 11558
108 62336
109 11992
110 34304
111 19712
112 61248
113 12884
114 42784
115 17728
116 55808
117 20240
118 28336
119 17864
120 129024
121 15974
122 30272
123 24136
124 63616
125 18752
126 51040
127 16258
128 65568
129 26516
130 47104
131 17294
132 120064
133 22156
134 36464
135 31168
136 88704
137 18908
138 62048
139 19462
140 118784
141 31612
142 40912
143 24656
144 116160
145 27904
146 43232
147 38444
148 90112
149 22352
150 84224
151 22954
152 110016
153 33880
154 62176
155 31808
156 164864
157 24808
158 50576
159 40096
160 132096
161 32132
162 70000
163 26734
164 110336
165 60032
166 55792
167 28058
168 233856
169 30760
170 78848
171 42020
172 121216
173 30104
174 97664
175 43616
176 141504
177 49588
178 64096
179 32222
180 225280
181 32944
182 85376
183 52976
184 159552
185 45056
186 111328
187 41272
188 144512
189 56492
190 97792
191 36674
192 229824
193 37444
194 76064
195 82432
196 175744
197 39008
198 117920
199 39802
200 216576
201 63812
202 82432
203 50576
204 275968
205 55168
206 85712
207 60940
208 194304
209 51188
210 207872
211 44734
212 183296
213 71596
214 92464
215 60608
216 280512
217 57652
218 95936
219 75656
220 274432
221 56672
222 157696
223 49954
224 239424
225 82720
226 103072
227 51758
228 342272
229 52672
230 141824
231 108808
232 251136
233 54524
234 161920
235 72256
236 226688
237 88508
238 142912
239 57362
240 473088
241 58324
242 127792
243 78734
244 242176
245 87872
246 193088
247 70288
248 286272
249 97636
250 150016
251 63254
252 408320
253 74236
254 130064
255 137984
256 262176
257 66308
258 212128
259 81664
260 376832
261 95920
262 138352
263 69434
264 540288
265 91648
266 177248
267 112168
268 291712
269 72632
270 249344
271 73714
272 325248
273 149408
274 151264
275 100768
276 496384
277 77008
278 155696
279 109340
280 534528
281 79244
282 252896
283 80374
284 327296
285 171136
286 197248
287 99992
288 454080
289 88436
290 223232
291 133112
292 345856
293 86144
294 307552
295 113344
296 405504
297 130516
298 178816
299 101936
300 673792
301 109852
302 183632
303 144256
304 403392
305 121088
306 271040
307 94558
308 497408
309 149996
310 254464
311 97034
312 741888
313 98284
314 198464
315 204160
316 404608
317 100808
318 320768
319 116848
320 525312
321 161812
322 257056
323 117656
324 560000
325 138368
326 213872
327 167888
328 496512
329 130964
330 480256
331 109894
332 446336
333 154880
334 224464
335 145856
336 857472
337 113908
338 246080
339 180376
340 630784
341 133196
342 336160
343 134458
344 545472
345 248192
346 240832
347 120758
348 781312
349 122152
350 348928
351 179216
352 553152
353 124964
354 396704
355 163648
356 512768
357 250096
358 257776
359 129242
360 1013760
361 137182
362 263552
363 223636
364 683008
365 172928
366 423808
367 135058
368 585024
369 189640
370 360448
371 166112
372 890624
373 139504
374 330176
375 262528
376 650304
377 160448
378 451936
379 144022
380 782336
381 227612
382 293392
383 147074
384 917952
385 248704
386 299552
387 208340
388 608512
389 151712
390 659456
391 170632
392 790848
393 242116
394 312064
395 202304
396 943360
397 158008
398 318416
399 310184
400 794112
401 161204
402 510496
403 182896
404 659456
405 280000
406 404608
407 188672
408 1241856
409 167692
410 441344
411 264712
412 685696
413 205436
414 487520
415 223168
416 759552
417 272468
418 409504
419 175982
420 1662976
421 177664
422 357872
423 248380
424 824832
425 231616
426 572768
427 219472
428 739712
429 345184
430 484864
431 186194
432 1028544
433 187924
434 461216
435 390656
436 767488
437 211628
438 605248
439 193162
440 1234944
441 302060
442 453376
443 196694
444 1261568
445 256384
446 399632
447 312928
448 952128
449 202052
450 661760
451 231016
452 824576
453 321356
454 414064
455 341504
456 1540224
457 209308
458 421376
459 299992
460 1134592
461 212984
462 870464
463 214834
464 920832
465 445312
466 436192
467 218558
468 1295360
469 264364
470 578048
471 347312
472 1020096
473 253796
474 708064
475 287264
476 1143296
477 315040
478 458896
479 229922
480 1849344
481 259072
482 466592
483 449848
484 1022336
485 304256
486 629872
487 237658
488 1089792
489 374276
490 702976
491 241574
492 1544704
493 268576
494 562304
495 471680
496 1049664
497 296612
498 781088
499 249502
500 1200128
501 392812
502 506032
503 253514
504 1837440
505 329728
506 593888
507 430640
508 1040512
509 259592
510 1103872
511 313432
512 1048608
513 372068
514 530464
515 342848
516 1697024
517 302572
518 653312
519 421456
520 1695744
521 271964
522 767360
523 274054
524 1106816
525 610624
526 555472
527 306152
528 1981056
529 292010
530 733184
531 389620
532 1417984
533 317216
534 897344
535 369856
536 1312704
537 451108
538 581056
539 367964
540 1994752
541 293224
542 589712
543 461216
544 1271424
545 383744
546 1195264
547 299758
548 1210112
549 416240
550 806144
551 333104
552 2233728
553 366676
554 616064
555 630784
556 1245568
557 310808
558 874720
559 348496
560 1959936
561 577808
562 633952
563 317534
564 2023168
565 412288
566 642992
567 507500
568 1472832
569 324332
570 1369088
571 326614
572 1577984
573 513436
574 799936
575 416608
576 1805760
577 333508
578 707488
579 524216
580 1785856
581 404492
582 1064896
583 383776
584 1556352
585 647680
586 689152
587 345158
588 2460416
589 379708
590 906752
591 546112
592 1486848
593 352244
594 1044128
595 571648
596 1430528
597 557228
598 815488
599 359402
600 3032064
601 361804
602 878816
603 501380
604 1469056
605 511168
606 1154048
607 369058
608 1576896
609 708064
610 968704
611 415472
612 2168320
613 376384
614 756464
615 772352
616 2238336
617 381308
618 1199968
619 383782
620 2035712
621 539596
622 776272
623 464696
624 2720256
625 468752
626 786272
627 716632
628 1587712
629 433664
630 1633280
631 398794
632 1820736
633 626276
634 806464
635 520256
636 2566144
637 505264
638 934784
639 562540
640 2098176
641 411524
642 1294496
643 414094
644 2056448
645 848512
646 941248
647 419258
648 2520000
649 474628
650 1106944
651 807128
652 1710976
653 427064
654 1343104
655 553408
656 1820544
657 594440
658 1047712
659 434942
660 3842048
661 437584
662 879152
663 793408
664 2008512
665 708992
666 1239040
667 483088
668 1795712
669 699356
670 1166848
671 507056
672 3351936
673 453604
674 911264
675 732448
676 1968640
677 459008
678 1443008
679 551464
680 2838528
681 724612
682 1065568
683 467174
684 2689280
685 605056
686 1075664
687 737408
688 2000064
689 526976
690 1985536
691 478174
692 1926656
693 854920
694 966064
695 622784
696 3515904
697 530992
698 977216
699 763336
700 2791424
701 492104
702 1433728
703 537856
704 2199744
705 1011584
706 999712
707 597632
708 3173632
709 503392
710 1309184
711 695420
712 2307456
713 550676
714 2000768
715 788992
716 2062208
717 803068
718 1033936
719 517682
720 3717120
721 621412
722 1097456
723 816536
724 2108416
725 655744
726 1789088
727 529258
728 3073536
729 708590
730 1383424
731 583352
732 3390464
733 538024
734 1080464
735 1230208
736 2286912
737 610772
738 1517120
739 546862
740 2883584
741 984032
742 1328896
743 552794
744 4007808
745 715264
746 1116032
747 767140
748 2641408
749 670364
750 2100224
751 564754
752 2384448
753 885556
754 1283584
755 734528
756 3615488
757 573808
758 1152176
759 1039304
760 3520512
761 579884
762 1820896
763 695536
764 2347136
765 1084160
766 1176592
767 651728
768 3670464
769 592132
770 1989632
771 928312
772 2396416
773 598304
774 1666720
775 747488
776 2738304
777 1143296
778 1213696
779 658568
780 5275648
781 685276
782 1365056
783 849328
784 2899776
785 793856
786 1936928
787 620158
788 2496512
789 972076
790 1618432
791 747272
792 4245120
793 696256
794 1264064
795 1283072
796 2547328
797 636008
798 2481472
799 695464
800 3104256
801 881320
802 1289632
803 724136
804 4083968
805 1028224
806 1463168
807 1016848
808 2967552
809 655292
810 2240000
811 658534
812 3236864
813 1031996
814 1509376
815 855488
816 4553472
817 723508
818 1341536
819 1173920
820 3530752
821 674864
822 2117696
823 678154
824 3085632
825 1410752
826 1643488
827 684758
828 3900160
829 688072
830 1785344
831 1078112
832 3020544
833 845768
834 2179744
835 897856
836 3276032
837 968156
838 1407856
839 704762
840 7483392
841 731672
842 1421312
843 1109416
844 2862976
845 984320
846 1987040
847 926492
848 3024384
849 1125236
850 1852928
851 780032
852 4582144
853 728464
854 1755776
855 1344640
856 3328704
857 735308
858 2761472
859 738742
860 3878912
861 1399888
862 1489552
863 745634
864 4020672
865 963328
866 1503392
867 1238104
868 3689728
869 847148
870 3125248
871 838672
872 3453696
873 1045880
874 1693024
875 1087616
876 4841984
877 770008
878 1545296
879 1206016
880 4528128
881 777044
882 2416480
883 780574
884 3627008
885 1586816
886 1573552
887 787658
888 5677056
889 942964
890 2051072
891 1172500
892 3197056
893 862556
894 2503424
895 1031104
896 3802944
897 1427104
898 1616416
899 866768
900 5294080
901 882112
902 1848128
903 1537928
904 3710592
905 1054208
906 2570848
907 823558
908 3312512
909 1133440
910 2732032
911 830834
912 5647488
913 934516
914 1674464
915 1695232
916 3371008
917 1003052
918 2399936
919 845482
920 5105664
921 1323812
922 1703872
923 940976
924 6963712
925 1058816
926 1718672
927 1178540
928 3599616
929 863972
930 3562496
931 1048972
932 3489536
933 1358476
934 1748464
935 1320704
936 5829120
937 878908
938 2114912
939 1375976
940 4624384
941 886424
942 2778496
943 955096
944 3740352
945 1807744
946 2030368
947 897758
948 5664512
949 994336
950 2298112
951 1411312
952 5144832
953 909164
954 2520320
955 1173568
956 3671168
957 1635872
958 1839376
959 1096664
960 7354368
961 953314
962 2072576
963 1271380
964 3732736
965 1198208
966 3598784
967 936058
968 4600512
969 1647184
970 2434048
971 943814
972 5038976
973 1128796
974 1901264
975 1937152
976 3995904
977 955508
978 2994208
979 1073608
980 5623808
981 1319120
982 1932592
983 967274
984 6951168
985 1248256
986 2148608
987 1833496
988 4498432
989 1049276
990 3773440
991 983074
992 4103232
993 1538516
994 2372896
995 1273664
996 6248704
997 995008
998 1996016
999 1371392
1000 5400576
1001 1430048
1002 3142496
1003 1090936
1004 4048256
1005 2041984
1006 2028112
1007 1094048
1008 6737280
1009 1019092
1010 2637824
1011 1594712
1012 4751104
1013 1027184
1014 3445120
1015 1618432
1016 4682304
1017 1417240
1018 2076736
1019 1039382
1020 8830976
1021 1043464
1022 2507456
1023 1864744
1024 4194336
1025 1296448
1026 2976544
1027 1163248
1028 4243712
1029 1882412
1030 2742784
1031 1063994
1032 7636608
1033 1068124
1034 2420576
1035 1950080
1036 5226496
1037 1165472
1038 3371648
1039 1080562
1040 6217728
1041 1690612
1042 2175712
1043 1296416
1044 6138880
1045 1638016
1046 2192432
1047 1710128
1048 4980672
1049 1101452
1050 4884992
1051 1105654
1052 4443776
1053 1610000
1054 2449216
1055 1431488
1056 7744128
1057 1331332
1058 2336080
1059 1749496
1060 5865472
1061 1126784
1062 3116960
1063 1131034
1064 6380928
1065 2291072
1066 2537728
1067 1274072
1068 7178752
1069 1143832
1070 2958848
1071 1965040
1072 4813248
1073 1227776
1074 3608864
1075 1424288
1076 4648448
1077 1809388
1078 2943712
1079 1283216
1080 8976384
1081 1250932
1082 2345792
1083 1920548
1084 4717696
1085 1844864
1086 3689728
1087 1182658
1088 5056128
1089 1757140
1090 3069952
1091 1191374
1092 9562112
1093 1195744
1094 2398064
1095 2420992
1096 5445504
1097 1204508
1098 3329920
1099 1438864
1100 6449152
1101 1890812
1102 2664832
1103 1217714
1104 8190336
1105 1813504
1106 2933408
1107 1679176
1108 4928512
1109 1230992
1110 5046272
1111 1380736
1112 5605056
1113 2325568
1114 2486464
1115 1598528
1116 6997760
1117 1248808
1118 2787968
1119 1953056
1120 7661568
1121 1353044
1122 4622464
1123 1262254
1124 5071616
1125 2062720
1126 2540272
1127 1521284
1128 9104256
1129 1275772
1130 3298304
1131 2246272
1132 5143936
1133 1435676
1134 4060000
1135 1656256
1136 5400384
1137 2016308
1138 2594656
1139 1403864
1140 10952704
1141 1550572
1142 2612912
1143 1788380
1144 7100928
1145 1685504
1146 4107488
1147 1399552
1148 6399488
1149 2059036
1150 3332864
1151 1325954
1152 7212480
1153 1330564
1154 2668064
1155 3481856
1156 5659904
1157 1474208
1158 4193728
1159 1445488
1160 8036352
1161 1844756
1162 3235936
1163 1353734
1164 8519168
1165 1744768
1166 3070208
1167 2123968
1168 5706624
1169 1627364
1170 5181440
1171 1372414
1172 5513216
1173 2388848
1174 2761264
1175 1698016
1176 11071872
1177 1548772
1178 3037664
1179 1902340
1180 7254016
1181 1395944
1182 4368896
1183 1784080
1184 5812224
1185 2832256
1186 2817952
1187 1410158
1188 8353024
1189 1503328
1190 4573184
1191 2212112
1192 6437376
1193 1424444
1194 4457824
1195 1835584
1196 6523904
1197 2437160
1198 2875216
1199 1606928
1200 11117568
1201 1443604
1202 2894432
1203 2256856
1204 7030528
1205 1866368
1206 4011040
1207 1575112
1208 6610752
1209 2560544
1210 4089344
1211 1746032
1212 9232384
1213 1472584
1214 2952464
1215 2519488
1216 6270912
1217 1482308
1218 5664512
1219 1586656
1220 7749632
1221 2641408
1222 3323776
1223 1496954
1224 9757440
1225 2064992
1226 3011072
1227 2347688
1228 6051712
1229 1511672
1230 6178816
1231 1516594
1232 8207232
1233 2079880
1234 3050464
1235 2249216
1236 9599744
1237 1531408
1238 3070256
1239 2876104
1240 9160704
1241 1664432
1242 4316768
1243 1726456
1244 6210176
1245 3124352
1246 3717568
1247 1651568
1248 10633728
1249 1561252
1250 3750016
1251 2140820
1252 6290176
1253 1868876
1254 5733056
1255 2024128
1256 7144704
1257 2463748
1258 3469312
1259 1586342
1260 13066240
1261 1749472
1262 3190352
1263 2487296
1264 6676032
1265 2375552
1266 5010208
1267 1910752
1268 6451712
1269 2199292
1270 4162048
1271 1713656
1272 11547648
1273 1741156
1274 4042112
1275 3242624
1276 7478272
1277 1632008
1278 4500320
1279 1637122
1280 8389632
1281 3072608
1282 3292192
1283 1647374
1284 10355968
1285 2121856
1286 3312752
1287 2712160
1288 9254016
1289 1662812
1290 6788096
1291 1667974
1292 7529984
1293 2606716
1294 3354064
1295 2613248
1296 9240000
1297 1683508
1298 3797024
1299 2630936
1300 8855552
1301 1693904
1302 6457024
1303 1699114
1304 7699392
1305 3069440
1306 3416512
1307 1709558
1308 10744832
1309 2393776
1310 4427264
1311 2962792
1312 7116672
1313 1895936
1314 4755520
1315 2221888
1316 8381696
1317 2704268
1318 3479536
1319 1741082
1320 17289216
1321 1746364
1322 3500672
1323 2674604
1324 7033216
1325 2153728
1326 6347264
1327 1762258
1328 7364544
1329 2753716
1330 5671936
1331 1932614
1332 9912320
1333 1882636
1334 3864704
1335 3589376
1336 8080704
1337 2127092
1338 5594848
1339 1971376
1340 9334784
1341 2458720
1342 4056448
1343 1947176
1344 13329792
1345 2324224
1346 3628832
1347 2828728
1348 7290112
1349 1953548
1350 5859584
1351 2171752
1352 8858880
1353 3234224
1354 3672064
1355 2358848
1356 11544064
1357 1962268
1358 4411712
1359 2524940
1360 10407936
1361 1853684
1362 5796896
1363 1968976
1364 8524544
1365 4781056
1366 3737392
1367 1870058
1368 12101760
1369 1924816
1370 4840448
1371 2930312
1372 8605312
1373 1886504
1374 5899264
1375 2512768
1376 7818432
1377 2695000
1378 4215808
1379 2262464
1380 15884288
1381 1908544
1382 3825392
1383 2981776
1384 8669952
1385 2464256
1386 6839360
1387 2064328
1388 7728512
1389 3007676
1390 4982272
1391 2126672
1392 12891648
1393 2308516
1394 4247936
1395 3498880
1396 7817728
1397 2178572
1398 6106688
1399 1958602
1400 12561408
1401 3059812
1402 3936832
1403 2096336
1404 11469824
1405 2535808
1406 4302848
1407 3701096
1408 8786112
1409 1986692
1410 8092672
1411 2147992
1412 7997696
1413 2728880
1414 4781056
1415 2571968
1416 14281344
1417 2206528
1418 4027136
1419 3553144
1420 10473472
1421 2394512
1422 5563360
1423 2026354
1424 8460672
1425 4021696
1426 4405408
1427 2037758
1428 16006144
1429 2043472
1430 6311936
1431 2789536
1432 9279936
1433 2054924
1434 6424544
1435 3199744
1436 8271488
1437 3218908
1438 4141456
1439 2072162
1440 14530560
1441 2317396
1442 4971296
1443 3627008
1444 8779648
1445 2829952
1446 6532288
1447 2095258
1448 9487872
1449 3534520
1450 5245952
1451 2106854
1452 14312704
1453 2112664
1454 4234064
1455 4259584
1456 11269632
1457 2244452
1458 5668720
1459 2130142
1460 11067392
1461 3327212
1462 4666816
1463 2968904
1464 15257088
1465 2756608
1466 4304192
1467 2940740
1468 8643712
1469 2370656
1470 9841664
1471 2165314
1472 9094464
1473 3382036
1474 4886176
1475 2663584
1476 12136960
1477 2594572
1478 4374896
1479 3760064
1480 12976128
1481 2194844
1482 7872256
1483 2200774
1484 10631168
1485 4176512
1486 4422352
1487 2212658
1488 14695296
1489 2218612
1490 5722112
1491 4152568
1492 8928256
1493 2230544
1494 6137120
1495 3261952
1496 11886336
1497 3493028
1498 5362912
1499 2248502
1500 16801792
1501 2415004
1502 4518032
1503 3086380
1504 9321024
1505 3515264
1506 7084448
1507 2533672
1508 10268672
1509 3549196
1510 5876224
1511 2284634
1512 16269696
1513 2467696
1514 4590464
1515 4616192
1516 9217408
1517 2427392
1518 8314432
1519 2729524
1520 12908544
1521 3383600
1522 4639072
1523 2321054
1524 14567168
1525 2845568
1526 5564288
1527 3634288
1528 10562112
1529 2607908
1530 8673280
1531 2345494
1532 9412736
1533 4388048
1534 5213824
1535 3025856
1536 14680512
1537 2497408
1538 4737056
1539 3342500
1540 15917056
1541 2525132
1542 7426496
1543 2382394
1544 10783872
1545 4799872
1546 4786432
1547 3286976
1548 13333760
1549 2400952
1550 5979904
1551 4236008
1552 10040448
1553 2413364
1554 9146368
1555 3105088
1556 9709568
1557 3311440
1558 5268544
1559 2432042
1560 23740416
1561 2897332
1562 5482208
1563 3807496
1564 10920448
1565 3145088
1566 6794624
1567 2457058
1568 11335488
1569 3836756
1570 6350848
1571 2469614
1572 15495424
1573 2939216
1574 4961264
1575 4797760
1576 11234304
1577 2664068
1578 7776608
1579 2494822
1580 12947456
1581 4286128
1582 5978176
1583 2507474
1584 15565440
1585 3225856
1586 5570048
1587 4088140
1588 10112512
1589 3001964
1590 10264576
1591 2666752
1592 11462976
1593 3449908
1594 5088064
1595 3739136
1596 19851776
1597 2552008
1598 5563712
1599 4441024
1600 12344832
1601 2564804
1602 7050560
1603 3054976
1604 10317056
1605 5177984
1606 5793088
1607 2584058
1608 18377856
1609 2590492
1610 8225792
1611 3544420
1612 11705344
1613 2603384
1614 8134784
1615 3764992
1616 10881024
1617 5151496
1618 5242336
1619 2622782
1620 17920000
1621 2629264
1622 5268272
1623 4105136
1624 14565888
1625 3450368
1626 8255968
1627 2648758
1628 12075008
1629 3623840
1630 6843904
1631 3162392
1632 17799936
1633 2833156
1634 5788064
1635 5372416
1636 10732288
1637 2681408
1638 9391360
1639 2995168
1640 15888384
1641 4196612
1642 5398912
1643 2846816
1644 16941568
1645 4190848
1646 5425232
1647 3685616
1648 11313984
1649 2928464
1650 11286016
1651 2991472
1652 13147904
1653 4663456
1654 5478064
1655 3516608
1656 17550720
1657 2747308
1658 5504576
1659 5133464
1660 14282752
1661 3075836
1662 8624896
1663 2767234
1664 12064512
1665 4956160
1666 6766144
1667 2780558
1668 17437952
1669 2787232
1670 7182848
1671 4351312
1672 14742144
1673 3326996
1674 7745248
1675 3427616
1676 11262848
1677 4878944
1678 5638096
1679 2993816
1680 27439104
1681 2894684
1682 5853376
1683 4539920
1684 11370496
1685 3645056
1686 8875328
1687 3382792
1688 12883392
1689 4445476
1690 7874560
1691 3060584
1692 15896320
1693 2867944
1694 7411936
1695 5772032
1696 11822592
1697 2881508
1698 9001888
1699 2888302
1700 14823424
1701 4566572
1702 6240256
1703 3182096
1704 20619648
1705 4262272
1706 5827712
1707 4540648
1708 14046208
1709 2922392
1710 10757120
1711 3088624
1712 12205248
1713 4572596
1714 5882464
1715 4302656
1716 22091776
1717 3173632
1718 5909936
1719 4034140
1720 17455104
1721 2963564
1722 11199104
1723 2970454
1724 11916416
1725 5832512
1726 5965072
1727 3324272
1728 15989184
1729 4076704
1730 7706624
1731 4669112
1732 12027136
1733 3005024
1734 9904832
1735 3864256
1736 16603776
1737 4118840
1738 6777184
1739 3179264
1740 25001984
1741 3032824
1742 6709376
1743 5662888
1744 12663552
1745 3908864
1746 8367040
1747 3053758
1748 13544192
1749 5372864
1750 8700928
1751 3299912
1752 21788928
1753 3074764
1754 6160064
1755 5734912
1756 12362368
1757 3668732
1758 9648128
1759 3095842
1760 17700864
1761 4832212
1762 6216352
1763 3265256
1764 19331840
1765 3998848
1766 6244592
1767 5315912
1768 16321536
1769 3299648
1770 12694528
1771 4305688
1772 12588416
1773 4290880
1774 6301264
1775 3845728
1776 20815872
1777 3159508
1778 7543712
1779 4931416
1780 16408576
1781 3479072
1782 9380000
1783 3180874
1784 14386752
1785 8003072
1786 6900448
1787 3195158
1788 20027392
1789 3202312
1790 8248832
1791 4378220
1792 15206208
1793 3582356
1794 11416832
1795 4135744
1796 12931328
1797 5031628
1798 6934144
1799 3845864
1800 23823360
1801 3245404
1802 7056896
1803 5065256
1804 14785024
1805 4389824
1806 12303424
1807 3581008
1808 13605504
1809 4439492
1810 8433664
1811 3281534
1812 20566784
1813 3866368
1814 6588464
1815 7156352
1816 14906304
1817 3502388
1818 9067520
1819 3559864
1820 21856256
1821 5166812
1822 6646672
1823 3325154
1824 22076544
1825 4063808
1826 7476128
1827 5563360
1828 13395712
1829 3520748
1830 13561856
1831 3354394
1832 15169536
1833 5816608
1834 8024416
1835 4321856
1836 19199488
1837 3759772
1838 6763856
1839 5269376
1840 18720768
1841 4027172
1842 10590496
1843 3632056
1844 13630976
1845 6068480
1846 7527808
1847 3413258
1848 31336704
1849 3498310
1850 8470528
1851 5338312
1852 13749376
1853 3693536
1854 9428320
1855 5315584
1856 14314752
1857 5372948
1858 6911776
1859 4121840
1860 28499968
1861 3465184
1862 8391776
1863 4847500
1864 15702912
1865 4464128
1866 10867808
1867 3487558
1868 13987712
1869 6505744
1870 10565632
1871 3502514
1872 21373440
1873 3510004
1874 7031264
1875 6562528
1876 16919296
1877 3525008
1878 11007808
1879 3532522
1880 20809728
1881 5630680
1882 7091392
1883 4212656
1884 22227968
1885 5134336
1886 7640768
1887 6071296
1888 14621376
1889 3570212
1890 14461952
1891 3761296
1892 16242944
1893 5583116
1894 7182064
1895 4608704
1896 25490304
1897 4275412
1898 7954688
1899 4920740
1900 18384896
1901 3615704
1902 11290496
1903 4033936
1904 18864384
1905 7283584
1906 7273312
1907 3638558
1908 20162560
1909 3863596
1910 9388544
1911 7073696
1912 16520256
1913 3661484
1914 13086976
1915 4706368
1916 14715008
1917 4981036
1918 8773312
1919 3936128
1920 29374464
1921 3968272
1922 7626512
1923 5761336
1924 16580608
1925 5844544
1926 10171040
1927 3892792
1928 16797312
1929 5797316
1930 9585664
1931 3730694
1932 28790272
1933 3738424
1934 7488464
1935 6666880
1936 16868544
1937 4112768
1938 13177472
1939 4466464
1940 19472384
1941 5869612
1942 7550512
1943 3974576
1944 22675392
1945 4854784
1946 9030368
1947 6644792
1948 15210112
1949 3800552
1950 15497216
1951 3808354
1952 15620352
1953 6341720
1954 7644064
1955 5460224
1956 23953664
1957 4092748
1958 8588864
1959 5978896
1960 25307136
1961 4032512
1962 10552960
1963 4223536
1964 15460736
1965 7747712
1966 7738192
1967 4596152
1968 25487616
1969 4317748
1970 9986048
1971 5263496
1972 17188864
1973 3894704
1974 14667968
1975 4754144
1976 20242944
1977 6089188
1978 8394208
1979 3918422
1980 30187520
1981 4661692
1982 7864592
1983 6126176
1984 16317504
1985 5056256
1986 12308128
1987 3950158
1988 18983168
1989 6233920
1990 10189312
1991 4414496
1992 28119168
1993 3974044
1994 7960064
1995 9925888
1996 15968128
1997 3990008
1998 10971136
1999 3998002
2000 19802112
2001 6763232
2002 11440384
2003 4014014
2004 25139968
2005 5158528
2006 8727488
2007 5494940
2008 18217152
2009 4734104
2010 16335872
2011 4046134
2012 16224896
2013 7098784
2014 8752384
2015 5852672
2016 26336640
2017 4070308
2018 8152736
2019 6350456
2020 21102592
2021 4276652
2022 12757696
2023 5129288
2024 21379968
2025 6580000
2026 8217472
2027 4110758
2028 27560960
2029 4118872
2030 12947456
2031 6426112
2032 17168448
2033 4415156
2034 11337920
2035 6037504
2036 16613888
2037 7720496
2038 8315056
2039 4159562
2040 39739392
2041 4564672
2042 8347712
2043 5693380
2044 20059648
2045 5366144
2046 14917952
2047 4438648
2048 16777248
2049 6540436
2050 10371584
2051 4996352
2052 23812352
2053 4216864
2054 9305984
2055 8470784
2056 19096704
2057 4919992
2058 15059296
2059 4459408
2060 21942272
2061 5793920
2062 8511952
2063 4258034
2064 28000896
2065 6573952
2066 8544992
2067 7377664
2068 19364608
2069 4282832
2070 15600640
2071 4580944
2072 23519232
2073 6694436
2074 9323776
2075 5244448
2076 26973184
2077 4530652
2078 8644496
2079 7569928
2080 24305664
2081 4332644
2082 13524896
2083 4340974
2084 17405696
2085 8718976
2086 10371328
2087 4357658
2088 27624960
2089 4366012
2090 13104128
2091 7433888
2092 17539456
2093 5912288
2094 13681024
2095 5631424
2096 18262464
2097 5997640
2098 8811616
2099 4407902
2100 39079936
2101 4914316
2102 8845232
2103 6889456
2104 19996992
2105 5685248
2106 12880000
2107 5200924
2108 19593728
2109 7529984
2110 11451904
2111 4458434
2112 30796416
2113 4466884
2114 10650656
2115 7948160
2116 18688640
2117 4712288
2118 13995968
2119 4919056
2120 26394624
2121 8366848
2122 9014272
2123 5017496
2124 24935680
2125 5775616
2126 9048272
2127 7047488
2128 23396736
2129 4534772
2130 18328576
2131 4543294
2132 20301824
2133 6157628
2134 10192576
2135 7023104
2136 32304384
2137 4568908
2138 9150656
2139 7709464
2140 23670784
2141 4586024
2142 15720320
2143 4594594
2144 18815424
2145 11045888
2146 9822208
2147 4921688
2148 28870912
2149 5484364
2150 11394304
2151 6309820
2152 20918016
2153 4637564
2154 14475104
2155 5958208
2156 23549696
2157 7247548
2158 10265728
2159 5007464
2160 32913408
2161 4672084
2162 10007456
2163 8699768
2164 18766336
2165 6013568
2166 15364384
2167 5227072
2168 21229632
2169 6415640
2170 14758912
2171 5162672
2172 29517824
2173 4937536
2174 9461264
2175 9180416
2176 20194944
2177 5627972
2178 14057120
2179 4750222
2180 24559616
2181 7409612
2182 9530992
2183 4987136
2184 43029504
2185 6772096
2186 9565952
2187 6377294
2188 19184512
2189 5333468
2190 19367936
2191 5700472
2192 19966848
2193 8166928
2194 9636064
2195 6181184
2196 26639360
2197 5198104
2198 11510912
2199 7532336
2200 29021184
2201 5083316
2202 15126496
2203 4855414
2204 21318656
2205 9665920
2206 9741712
2207 4873058
2208 32016768
2209 4983506
2210 14508032
2211 8550808
2212 23467264
2213 4899584
2214 13433408
2215 6294208
2216 22178304
2217 7656068
2218 9847936
2219 5846864
2220 40370176
2221 4935064
2222 11045888
2223 7731680
2224 20551872
2225 6025024
2226 18604544
2227 5326552
2228 19891712
2229 7739116
2230 12788224
2231 5267432
2232 31489920
2233 6777184
2234 9990464
2235 10013696
2236 22303744
2237 5006408
2238 15624448
2239 5015362
2240 30468096
2241 6792676
2242 10824352
2243 5033294
2244 36979712
2245 6465664
2246 10098032
2247 9385096
2248 22822272
2249 5539136
2250 16501760
2251 5069254
2252 20322176
2253 7906556
2254 12170272
2255 7392512
2256 33382272
2257 5327872
2258 10206176
2259 6957940
2260 26386432
2261 6824048
2262 17970176
2263 5371576
2264 23147712
2265 10283392
2266 11485408
2267 5141558
2268 32480000
2269 5150632
2270 13250048
2271 8033312
2272 21110592
2273 5168804
2274 16130464
2275 8025344
2276 20757248
2277 8165960
2278 11230912
2279 5424416
2280 49287168
2281 5205244
2282 12404576
2283 8118376
2284 20903296
2285 6697856
2286 14307040
2287 5232658
2288 26036736
2289 9737504
2290 13484032
2291 5512784
2292 32859904
2293 5260144
2294 11196416
2295 9599744
2296 28797696
2297 5278508
2298 16472288
2299 6102068
2300 26662912
2301 9124192
2302 10607632
2303 6200468
2304 28839360
2305 6815488
2306 10644512
2307 8289848
2308 21344512
2309 5333792
2310 27854848
2311 5343034
2312 25469568
2313 7293880
2314 11793664
2315 6874688
2316 33549824
2317 6373852
2318 11563904
2319 8376256
2320 29466624
2321 5994356
2322 14758048
2323 5708416
2324 25887488
2325 10464832
2326 10829872
2327 5928848
2328 38336256
2329 5823664
2330 13958144
2331 8983040
2332 24561664
2333 5445224
2334 16991744
2335 6993856
2336 22307712
2337 9219952
2338 13018912
2339 5473262
2340 41451520
2341 5482624
2342 10979312
2343 9593864
2344 24809472
2345 8459648
2346 19110784
2347 5510758
2348 22090112
2349 7630000
2350 13584128
2351 5529554
2352 40596864
2353 6061696
2354 12390176
2355 11113984
2356 24301312
2357 5557808
2358 15218720
2359 6606664
2360 32643072
2361 8682212
2362 11167552
2363 5994296
2364 34951168
2365 8121472
2366 14272640
2367 7637740
2368 23113728
2369 5935556
2370 22658048
2371 5624014
2372 22543616
2373 10461808
2374 11281264
2375 7163264
2376 37588608
2377 5652508
2378 12026624
2379 9747584
2380 36585472
2381 5671544
2382 17696896
2383 5681074
2384 23603712
2385 10081280
2386 11395552
2387 7725368
2388 35662592
2389 5709712
2390 14684672
2391 8904112
2392 29357568
2393 5728844
2394 19497280
2395 7357504
2396 23001728
2397 9736496
2398 12855424
2399 5757602
2400 43459584
2401 6588346
2402 11548832
2403 7803688
2404 23155456
2405 8290304
2406 18054848
2407 6081328
2408 31637376
2409 10137904
2410 14930944
2411 5815334
2412 32088320
2413 6210556
2414 12600896
2415 14395136
2416 24239424
2417 5844308
2418 20484352
2419 6106408
2420 32714752
2421 7989520
2422 13968256
2423 5873354
2424 41545728
2425 7150016
2426 11780672
2427 9174088
2428 23619712
2429 7003964
2430 20155904
2431 7594048
2432 25046976
2433 9219476
2434 11858464
2435 7605056
2436 45316096
2437 5941408
2438 12693248
2439 8108540
2440 34873344
2441 5960924
2442 21131264
2443 7084816
2444 26590208
2445 11976832
2446 11975632
2447 5990258
2448 35777280
2449 6284068
2450 16519936
2451 10129112
2452 24088576
2453 6693836
2454 18781504
2455 7730368
2456 27232704
2457 10394528
2458 12093376
2459 6049142
2460 49430528
2461 6403132
2462 12132752
2463 9448096
2464 32082816
2465 8594432
2466 16639040
2467 6088558
2468 24403712
2469 9494156
2470 17993728
2471 7247912
2472 43198848
2473 6118204
2474 12251264
2475 11084480
2476 24562048
2477 6138008
2478 23008832
2479 6417664
2480 33589248
2481 9586612
2482 13315456
2483 6748016
2484 34534144
2485 9491584
2486 13811648
2487 9633008
2488 27945792
2489 6606308
2490 24994816
2491 6466912
2492 29740544
2493 8470880
2494 13212544
2495 7984064
2496 42287616
2497 6935572
2498 12490016
2499 11840752
2500 30000128
2501 6523616
2502 17126560
2503 6267514
2504 28305792
2505 12569984
2506 14951008
2507 6643568
2508 45864448
2509 6889696
2510 16193024
2511 8697500
2512 26197248
2513 7496036
2514 19709984
2515 8112448
2516 27754496
2517 9866668
2518 12690736
2519 7058048
2520 58798080
2521 6357964
2522 13995776
2523 10243408
2524 25522816
2525 7748608
2526 19898368
2527 7956556
2528 26097216
2529 8716840
2530 19004416
2531 6408494
2532 40081664
2533 6884416
2534 15286016
2535 13780480
2536 29032704
2537 6708548
2538 17594336
2539 6449062
2540 33296384
2541 12970888
2542 13709248
2543 6469394
2544 42341376
2545 8306944
2546 13929248
2547 8841140
2548 32336896
2549 6499952
2550 25940992
2551 6510154
2552 33652224
2553 10920448
2554 13056064
2555 10029824
2556 36002560
2557 6540808
2558 13096976
2559 10198496
2560 33555456
2561 7177472
2562 24580864
2563 7306216
2564 26337536
2565 11906176
2566 13178992
2567 7069832
2568 46601856
2569 7833364
2570 16974848
2571 10294312
2572 26502016
2573 6932156
2574 21697280
2575 8056928
2576 33931392
2577 10342388
2578 13302496
2579 6653822
2580 54304768
2581 6986464
2582 13343792
2583 10999120
2584 33884928
2585 9682304
2586 20853728
2587 7323568
2588 26832512
2589 10438876
2590 20905984
2591 6715874
2592 36120000
2593 6726244
2594 13468064
2595 13486592
2596 30376192
2597 7864544
2598 21047488
2599 7137736
2600 39849984
2601 9727960
2602 13551232
2603 7222856
2604 51656192
2605 8702848
2606 13592912
2607 11860072
2608 28231104
2609 6809492
2610 24555520
2611 8091232
2612 27332096
2613 11741408
2614 13676464
2615 8769728
2616 48351744
2617 6851308
2618 19150208
2619 9260792
2620 35418112
2621 6872264
2622 23702336
2623 7166896
2624 28301184
2625 15226624
2626 15167488
2627 7200512
2628 38044160
2629 7686508
2630 17775104
2631 10780112
2632 37717632
2633 6935324
2634 21634144
2635 9796864
2636 27836288
2637 9475840
2638 13928656
2639 9305984
2640 63393792
2641 7434484
2642 13970912
2643 10878616
2644 28005376
2645 9344320
2646 21396832
2647 7009258
2648 31649472
2649 10928036
2650 17229824
2651 7815416
2652 50778112
2653 8353276
2654 14098064
2655 12467840
2656 28788672
2657 7062308
2658 22029728
2659 7072942
2660 45375488
2661 11027212
2662 15460912
2663 7094234
2664 44605440
2665 10150912
2666 15061088
2667 13201496
2668 30917632
2669 7640864
2670 28715008
2671 7136914
2672 29629248
2673 10550356
2674 17016736
2675 8691616
2676 44758784
2677 7169008
2678 15771008
2679 12075784
2680 42006528
2681 8530292
2682 19669760
2683 7201174
2684 32451584
2685 14435456
2686 15577408
2687 7222658
2688 53241216
2689 7233412
2690 18593792
2691 11212960
2692 29030656
2693 7254944
2694 22629824
2695 11774848
2696 32805504
2697 12134752
2698 15628384
2699 7287302
2700 46876672
2701 7608832
2702 17374016
2703 12349568
2704 32482560
2705 9383168
2706 25873792
2707 7330558
2708 29376512
2709 12083720
2710 18870784
2711 7352234
2712 51948288
2713 7363084
2714 15698144
2715 14758912
2716 35293696
2717 9418592
2718 20199520
2719 7395682
2720 40685568
2721 11529812
2722 14829472
2723 8799296
2724 46375168
2725 9017984
2726 15751808
2727 10036096
2728 38360448
2729 7450172
2730 38248448
2731 7461094
2732 29899136
2733 11631676
2734 14960464
2735 9592256
2736 44373120
2737 9896656
2738 15398528
2739 13083224
2740 38723584
2741 7515824
2742 23442496
2743 8231056
2744 38723904
2745 13319680
2746 15092032
2747 7857992
2748 47194112
2749 7559752
2750 20102144
2751 14042728
2752 31091904
2753 7581764
2754 21560000
2755 10659328
2756 33726464
2757 11836748
2758 18099712
2759 7963928
2760 71479296
2761 8476036
2762 15268352
2763 10401380
2764 30603136
2765 11733632
2766 23854208
2767 7659058
2768 31789824
2769 13173664
2770 19714048
2771 8234072
2772 54714880
2773 7997836
2774 16514624
2775 14823424
2776 34778304
2777 7714508
2778 24061408
2779 9164464
2780 39858176
2781 10435436
2782 17013376
2783 8849596
2784 50394624
2785 9945856
2786 18468128
2787 12095608
2788 33983488
2789 7781312
2790 27991040
2791 7792474
2792 35179776
2793 14685608
2794 17428576
2795 11151872
2796 48853504
2797 7826008
2798 15668816
2799 10673740
2800 46058496
2801 7848404
2802 24478496
2803 7859614
2804 31494656
2805 18489856
2806 16770688
2807 9349832
2808 51614208
2809 8039360
2810 20286464
2811 12304712
2812 34422784
2813 8290976
2814 29608768
2815 10161088
2816 35131584
2817 10811240
2818 15893536
2819 7949582
2820 64741376
2821 10607968
2822 17183936
2823 12409936
2824 35989632
2825 9688768
2826 21831040
2827 8885272
2828 38248448
2829 13371344
2830 20575744
2831 8538464
2832 52364928
2833 8028724
2834 17652224
2835 16240000
2836 32217088
2837 8051408
2838 28425152
2839 8641864
2840 47130624
2841 12568612
2842 19156096
2843 8085494
2844 44506880
2845 10378624
2846 16210832
2847 13920704
2848 33073536
2849 10942976
2850 32173568
2851 8131054
2852 35243264
2853 11088880
2854 16302064
2855 10451648
2856 72027648
2857 8165308
2858 16347776
2859 12728296
2860 50495488
2861 8188184
2862 22316288
2863 9726136
2864 34026432
2865 16429952
2866 16439392
2867 8544272
2868 51396352
2869 8768428
2870 25597952
2871 12853280
2872 37221696
2873 9474080
2874 25751264
2875 10388608
2876 33131648
2877 15353296
2878 16577296
2879 8291522
2880 57784320
2881 8632852
2882 18539168
2883 13346396
2884 39770368
2885 10672256
2886 29016064
2887 8337658
2888 39508416
2889 11257492
2890 22639616
2891 9726332
2892 52258304
2893 9304156
2894 16762064
2895 16774912
2896 34788864
2897 8395508
2898 28276160
2899 9191536
2900 41967616
2901 13104812
2902 16854832
2903 8430314
2904 64407168
2905 12943744
2906 16901312
2907 12942160
2908 33872512
2909 8465192
2910 34076672
2911 8816536
2912 44054016
2913 13213396
2914 17955616
2915 12280832
2916 45349760
2917 8511808
2918 17041136
2919 15803144
2920 49803264
2921 9006932
2922 26617696
2923 8901376
2924 37334528
2925 15220480
2926 23751232
2927 8570258
2928 55942656
2929 8985088
2930 22052864
2931 13377112
2932 34433536
2933 10206956
2934 23525920
2935 11045056
2936 38896704
2937 15030512
2938 18965248
2939 8640662
2940 78733312
2941 9272032
2942 17322512
2943 11680208
2944 36324672
2945 12150656
2946 27056288
2947 10304512
2948 39089408
2949 13541836
2950 21308672
2951 9523472
2952 54616320
2953 8723164
2954 20756576
2955 17475584
2956 34999168
2957 8746808
2958 30080512
2959 9732688
2960 47579136
2961 14406040
2962 17558752
2963 8782334
2964 62978048
2965 11271808
2966 17606192
2967 14689864
2968 47840256
2969 8817932
2970 33412096
2971 8829814
2972 35378816
2973 13763036
2974 17701264
2975 13433728
2976 57445248
2977 9691648
2978 17748896
2979 12088340
2980 45776896
2981 9877676
2982 33220544
2983 9476656
2984 40177152
2985 17831296
2986 17844352
2987 9342608
2988 49096960
2989 10390864
2990 26095616
2991 13930112
2992 43583232
2993 9316496
2994 27944224
2995 11500864
2996 42903296
2997 12320000
2998 17988016
2999 8997002
3000 75608064
3001 9009004
3002 19320032
3003 20020672
3004 36144256
3005 11577728
3006 24691040
3007 9450952
3008 37067328
3009 15273104
3010 28122112
3011 9069134
3012 56675584
3013 9580876
3014 20269376
3015 16044160
3016 46209024
3017 10799252
3018 28393568
3019 9117382
3020 47009792
3021 15316672
3022 18277072
3023 9141554
3024 59655552
3025 12012448
3026 19741568
3027 14267288
3028 36723712
3029 10032416
3030 36929536
3031 10899592
3032 41478336
3033 12529880
3034 19419136
3035 11809856
3036 66515456
3037 9226408
3038 21836192
3039 14380576
3040 50460672
3041 9250724
3042 27068800
3043 9924376
3044 37112576
3045 22658048
3046 18568432
3047 10319072
3048 65552256
3049 9299452
3050 22764544
3051 12549016
3052 44514304
3053 9685916
3054 29074304
3055 13295104
3056 38727744
3057 14551348
3058 20863264
3059 12274424
3060 69386240
3061 9372784
3062 18763952
3063 14608496
3064 42357312
3065 12044288
3066 35104384
3067 9409558
3068 41710592
3069 14651560
3070 24206848
3071 9819392
3072 58720704
3073 11203396
3074 19979264
3075 18150272
3076 37896448
3077 10146752
3078 26740000
3079 9483322
3080 71626752
3081 16285472
3082 20201056
3083 9507974
3084 59411968
3085 12201856
3086 19059152
3087 14790380
3088 39540864
3089 9545012
3090 38398976
3091 10618696
3092 38291456
3093 14895916
3094 26295808
3095 12281024
3096 60001920
3097 10212388
3098 19207616
3099 14953736
3100 47839232
3101 11408252
3102 33888064
3103 10078576
3104 39249024
3105 17267072
3106 19306912
3107 10554608
3108 73170944
3109 9668992
3110 24840704
3111 16316608
3112 43693056
3113 10770116
3114 26491520
3115 14870272
3116 42148352
3117 15127868
3118 19456336
3119 9731282
3120 87048192
3121 9743764
3122 23178656
3123 13283380
3124 43857664
3125 11718752
3126 30459968
3127 10144288
3128 49142016
3129 18149824
3130 25160704
3131 10242176
3132 54356992
3133 10731616
3134 19656464
3135 22932224
3136 45078336
3137 9843908
3138 30694048
3139 10235176
3140 50806784
3141 13436720
3142 19756912
3143 11719016
3144 69729408
3145 13877248
3146 23513728
3147 15420328
3148 39690112
3149 10291964
3150 38382080
3151 10475032
3152 41192448
3153 15479156
3154 21312544
3155 12761408
3156 62212864
3157 13398928
3158 19958576
3159 14487056
3160 58263552
3161 10457024
3162 34289024
3163 10007734
3164 47825408
3165 20040832
3166 20059792
3167 10033058
3168 60846720
3169 10045732
3170 25806848
3171 18638648
3172 44560384
3173 10718156
3174 32705120
3175 12226016
3176 45506304
3177 13746040
3178 24015712
3179 11850424
3180 82116608
3181 10121944
3182 21334016
3183 15774976
3184 42030912
3185 16168448
3186 27599264
3187 10160158
3188 40704512
3189 15834476
3190 29913088
3191 10185674
3192 89332992
3193 10649716
3194 20416064
3195 18001280
3196 44509696
3197 10781948
3198 35528192
3199 12139864
3200 49307136
3201 17837008
3202 20518432
3203 10262414
3204 56404480
3205 13168768
3206 24439808
3207 16013648
3208 46426752
3209 10300892
3210 41423872
3211 11750320
3212 46344704
3213 17399536
3214 20672464
3215 13251008
3216 67385472
3217 10352308
3218 20723936
3219 17188864
3220 65806336
3221 10378064
3222 28355360
3223 11543296
3224 52674048
3225 19940032
3226 20827072
3227 12353072
3228 65078272
3229 10429672
3230 30119936
3231 14216620
3232 42534912
3233 10837376
3234 41211968
3235 13416256
3236 41938688
3237 17965024
3238 20982256
3239 10899128
3240 80640000
3241 12460372
3242 21034112
3243 17513048
3244 42146176
3245 15188096
3246 32841088
3247 11295592
3248 53408256
3249 15090020
3250 27602944
3251 10572254
3252 66047744
3253 10585264
3254 21190064
3255 25828096
3256 54337536
3257 10611308
3258 28990720
3259 10624342
3260 54751232
3261 16557212
3262 25299136
3263 11638736
3264 70785792
3265 13666048
3266 22665248
3267 15558676
3268 46304512
3269 12676364
3270 42979328
3271 10702714
3272 48295296
3273 16679236
3274 21451264
3275 13005088
3276 75130880
3277 11234848
3278 23961344
3279 16740416
3280 58257408
3281 11532752
3282 33572896
3283 12516268
3284 43191296
3285 19022080
3286 22774528
3287 11499728
3288 76237056
3289 13659424
3290 33526784
3291 16863112
3292 43401856
3293 11280896
3294 29484928
3295 13918144
3296 44227392
3297 20144096
3298 23427712
3299 10886702
3300 90288128
3301 10899904
3302 23931776
3303 14856380
3304 59165568
3305 14002688
3306 37307648
3307 10939558
3308 43824512
3309 17047996
3310 28132864
3311 14720168
3312 64352640
3313 10979284
3314 21978464
3315 25389056
3316 44036608
3317 11488652
3318 41067712
3319 11019082
3320 64272384
3321 15085000
3322 24606688
3323 11045654
3324 68999168
3325 16661312
3326 22137872
3327 17233888
3328 48240384
3329 11085572
3330 39649280
3331 11098894
3332 54129152
3333 19330304
3334 22244464
3335 15458816
3336 78470784
3337 11547412
3338 22297856
3339 18272320
3340 57462784
3341 12200672
3342 34810496
3343 11178994
3344 54054528
3345 22379392
3346 26615968
3347 11205758
3348 61961984
3349 12014464
3350 27420928
3351 17483312
3352 50682816
3353 13335476
3354 39031552
3355 16225792
3356 45104768
3357 15345440
3358 23950528
3359 11286242
3360 107261952
3361 11299684
3362 23157472
3363 18942616
3364 46827008
3365 14515328
3366 36319360
3367 15026176
3368 51167232
3369 17671556
3370 29160448
3371 11367014
3372 71002624
3373 11380504
3374 27062336
3375 18264448
3376 47239104
3377 12670772
3378 35563808
3379 11920048
3380 62996480
3381 21297976
3382 24484672
3383 12259016
3384 71533440
3385 14688256
3386 22943552
3387 17860808
3388 59295488
3389 11488712
3390 46176256
3391 11502274
3392 47015424
3393 17649280
3394 23052064
3395 17646848
3396 72015104
3397 11973868
3398 23106416
3399 20099464
3400 66705408
3401 12308804
3402 36532576
3403 12023176
3404 49922048
3405 23187584
3406 25456768
3407 11611058
3408 75605376
3409 13784164
3410 34098176
3411 15842420
3412 46621696
3413 11651984
3414 36325184
3415 14949568
3416 63207936
3417 19654096
3418 23379136
3419 12775856
3420 86056960
3421 13002556
3422 24708992
3423 21708008
3424 47711424
3425 14218816
3426 36580768
3427 12383008
3428 47059712
3429 15835292
3430 34421248
3431 12202232
3432 99412992
3433 11788924
3434 25389056
3435 23597056
3436 47279488
3437 14011292
3438 32273120
3439 12584608
3440 64002048
3441 19593728
3442 23708512
3443 13170056
3444 89592832
3445 16863232
3446 23763632
3447 16178140
3448 53623872
3449 11899052
3450 46660096
3451 15577408
3452 47720576
3453 18563356
3454 26594176
3455 15301568
3456 63863232
3457 11954308
3458 32613632
3459 18627896
3460 61652992
3461 11981984
3462 37352896
3463 11995834
3464 54122112
3465 27357440
3466 24040192
3467 12023558
3468 79238656
3469 12037432
3470 30914048
3471 20638912
3472 60880512
3473 12716516
3474 32950720
3475 14635424
3476 54217472
3477 20236832
3478 25434112
3479 14043044
3480 112508928
3481 12322742
3482 24262592
3483 16572500
3484 53675008
3485 16991744
3486 45303104
3487 13508272
3488 49502976
3489 18952276
3490 31270912
3491 12190574
3492 66936320
3493 14471116
3494 24430064
3495 24426752
3496 60948864
3497 13364288
3498 42982912
3499 12246502
3500 69607424
3501 16688320
3502 26399296
3503 12806696
3504 79892736
3505 15747328
3506 24598112
3507 22783096
3508 49280512
3509 13929328
3510 45879296
3511 12330634
3512 55630656
3513 19213796
3514 29349856
3515 17211392
3516 77185024
3517 12372808
3518 24766736
3519 18769520
3520 70391808
3521 14703812
3522 38657696
3523 13563376
3524 49730816
3525 23772224
3526 26122048
3527 12443258
3528 86993280
3529 12457372
3530 31990784
3531 21682808
3532 49956736
3533 12485624
3534 42527296
3535 19124224
3536 59845632
3537 16844356
3538 26397184
3539 12528062
3540 101556224
3541 12542224
3542 34445504
3543 19543216
3544 56647872
3545 16108544
3546 34327040
3547 12584758
3548 50410112
3549 24977120
3550 30765824
3551 13054112
3552 81371136
3553 15765904
3554 25276064
3555 22253440
3556 60349696
3557 12655808
3558 39451328
3559 12670042
3560 73838592
3561 19742212
3562 27832576
3563 15056336
3564 75040000
3565 17621632
3566 25446992
3567 21046592
3568 52751424
3569 13208756
3570 64024576
3571 12755614
3572 55203584
3573 17380880
3574 25561264
3575 18541312
3576 90123264
3577 14839384
3578 25618496
3579 19942216
3580 65990656
3581 12827144
3582 35025760
3583 12841474
3584 60819264
3585 25698176
3586 28658848
3587 13778072
3588 91334656
3589 13387264
3590 33085952
3591 21579944
3592 58190976
3593 12913244
3594 40253024
3595 16565824
3596 55473152
3597 22496992
3598 30766912
3599 13402928
3600 87352320
3601 14169472
3602 25963232
3603 20210456
3604 56455168
3605 19885184
3606 40522048
3607 13014058
3608 66532608
3609 17732440
3610 35118592
3611 13743632
3612 98427392
3613 13057384
3614 28648064
3615 26129152
3616 53185152
3617 13086308
3618 35515936
3619 17549176
3620 67469312
3621 22051568
3622 26252272
3623 13129754
3624 92550528
3625 16351744
3626 30930944
3627 20118560
3628 52707712
3629 14009468
3630 57250816
3631 13187794
3632 54656448
3633 24444448
3634 28019104
3635 16936256
3636 72540160
3637 13231408
3638 28478912
3639 20616176
3640 98353152
3641 14725796
3642 41334496
3643 13275094
3644 53173376
3645 22674880
3646 26601232
3647 15773912
3648 87792768
3649 13812688
3650 32510464
3651 20752312
3652 59809024
3653 14580896
3654 44506880
3655 18667264
3656 60280704
3657 22213184
3658 28165984
3659 13391942
3660 108494848
3661 15895132
3662 26835152
3663 20753920
3664 55621632
3665 17216768
3666 46532864
3667 14303608
3668 64195328
3669 20957356
3670 34574848
3671 13479914
3672 86397696
3673 13494604
3674 30078176
3675 28909888
3676 54110848
3677 13524008
3678 42155008
3679 14788816
3680 73181184
3681 18446120
3682 32217376
3683 14176976
3684 84723968
3685 19544704
3686 29056448
3687 21163408
3688 61339392
3689 17756816
3690 48547840
3691 13627174
3692 60222464
3693 21232316
3694 27306064
3695 17499584
3696 114901248
3697 13671508
3698 27986480
3699 18416392
3700 67764224
3701 13701104
3702 42706496
3703 16936580
3704 61872192
3705 31489024
3706 29548288
3707 15263672
3708 75426560
3709 13760392
3710 42524672
3711 21439712
3712 57175296
3713 14275076
3714 42983584
3715 17689408
3716 55294208
3717 22597960
3718 32974720
3719 13834682
3720 128249856
3721 14072824
3722 27721472
3723 23302048
3724 67134208
3725 16808704
3726 38780000
3727 13894258
3728 57577344
3729 24170384
3730 35713024
3731 18398528
3732 86942464
3733 13939024
3734 27900464
3735 24548480
3736 62944704
3737 14508032
3738 52045952
3739 13983862
3740 84525056
3741 23121952
3742 28020112
3743 14901056
3744 83550720
3745 21451648
3746 28080032
3747 21857528
3748 56250112
3749 14810636
3750 52500224
3751 15878156
3752 76136832
3753 18955988
3754 28200064
3755 18072128
3756 88062464
3757 16272224
3758 28260176
3759 26164264
3760 76302336
3761 14148884
3762 45045440
3763 14646496
3764 56731136
3765 28337792
3766 33701248
3767 14194058
3768 100025856
3769 14209132
3770 41074688
3771 19358020
3772 61126144
3773 18017372
3774 48570368
3775 17261408
3776 58145472
3777 22208788
3778 28561696
3779 14284622
3780 115695616
3781 15204364
3782 30090368
3783 24492608
3784 73093248
3785 18361856
3786 44664928
3787 17006992
3788 57456512
3789 19543040
3790 36869632
3791 15385832
3792 93464448
3793 14390644
3794 34203296
3795 33257728
3796 63637504
3797 14421008
3798 39365920
3799 15080368
3800 82732032
3801 26750528
3802 28925632
3803 14466614
3804 90323968
3805 18556288
3806 32271488
3807 19757500
3808 73742592
3809 15850496
3810 58268672
3811 15085312
3812 58186496
3813 23991184
3814 29108464
3815 22257152
3816 90731520
3817 16181572
3818 30908768
3819 24376184
3820 75108352
3821 14603864
3822 56589568
3823 14619154
3824 60574272
3825 25477760
3826 29291872
3827 15174728
3828 104695808
3829 17385964
3830 37650944
3831 22848112
3832 66217536
3833 14695724
3834 39848288
3835 20855296
3836 70186496
3837 22919708
3838 31489024
3839 16368368
3840 117454848
3841 15544132
3842 31746176
3843 24141920
3844 61012096
3845 18948224
3846 46090688
3847 14803258
3848 74612736
3849 23063236
3850 46756352
3851 14834054
3852 81368320
3853 14849464
3854 31142336
3855 29705984
3856 61590144
3857 19320032
3858 46378528
3859 15941464
3860 76685312
3861 24014944
3862 29845552
3863 14926634
3864 129556224
3865 19145728
3866 29907392
3867 23279368
3868 59907712
3869 15477056
3870 53335040
3871 17360212
3872 65940672
3873 23351636
3874 32902144
3875 18639488
3876 105419776
3877 15035008
3878 35731712
3879 20481340
3880 87625728
3881 15066044
3882 46956896
3883 16745176
3884 60404096
3885 36585472
3886 31796608
3887 17041040
3888 83143104
3889 15128212
3890 38838272
3891 23569112
3892 72242944
3893 16222976
3894 53158336
3895 21074176
3896 68445504
3897 20671640
3898 30404416
3899 18026864
3900 123977728
3901 15747292
3902 30466832
3903 23714656
3904 62118144
3905 21928832
3906 50733760
3907 15268558
3908 61152512
3909 23787596
3910 43681792
3911 15299834
3912 107791488
3913 20212768
3914 32741984
3915 27178496
3916 68710912
3917 15346808
3918 47831168
3919 15362482
3920 92792832
3921 23933812
3922 32260096
3923 15393854
3924 84423680
3925 18655616
3926 33788288
3927 33512864
3928 69573312
3929 15440972
3930 61981696
3931 15456694
3932 61905536
3933 23279080
3934 36769216
3935 19845056
3936 99633408
3937 16160452
3938 34541984
3939 26543104
3940 79888384
3941 18416972
3942 42107968
3943 15551194
3944 77349888
3945 31106432
3946 31157632
3947 15582758
3948 117343744
3949 17318428
3950 38033152
3951 21247820
3952 74224128
3953 16144436
3954 48713504
3955 23912704
3956 67153664
3957 24375148
3958 31347376
3959 16273664
3960 135843840
3961 16793392
3962 37293536
3963 24449096
3964 62916736
3965 22280192
3966 49009408
3967 15741058
3968 65174592
3969 24027500
3970 40450048
3971 18382388
3972 98465024
3973 16487776
3974 31601264
3975 30152192
3976 85424256
3977 16391792
3978 49871360
3979 16677616
3980 81514496
3981 24671612
3982 35315968
3983 18811256
3984 103103616
3985 20352256
3986 31792352
3987 21636340
3988 63680512
3989 15916112
3990 79407104
3991 17398672
3992 71856576
3993 27056596
3994 31920064
3995 22254848
3996 87769088
3997 18943612
3998 31984016
3999 26356904
4000 77408256
4001 16012004
4002 54105856
4003 16028014
4004 91523072
4005 28202240
4006 32112112
4007 16060058
4008 113129856
4009 17088388
4010 41268224
4011 29779288
4012 69819904
4013 16108184
4014 43959520
4015 23172352
4016 66796224
4017 27599264
4018 37872832
4019 16156382
4020 130686976
4021 16172464
4022 32369072
4023 21770848
4024 73012032
4025 24163264
4026 56790272
4027 16220758
4028 70019072
4029 27260464
4030 46821376
4031 16970864
4032 104734080
4033 16884736
4034 32562464
4035 32539136
4036 65221888
4037 18097772
4038 50803648
4039 19343464
4040 94961664
4041 22225720
4042 34213216
4043 17854256
4044 102061568
4045 20969344
4046 41034304
4047 27349672
4048 78393216
4049 16398452
4050 52640000
4051 16414654
4052 65739776
4053 30404528
4054 32886064
4055 21073088
4056 124024320
4057 16463308
4058 32950976
4059 25411760
4060 103579648
4061 17190236
4062 51408896
4063 17667496
4064 67113024
4065 33023872
4066 35321248
4067 19150604
4068 90703360
4069 18084256
4070 48300032
4071 27471752
4072 74762496
4073 16593404
4074 61763968
4075 20103968
4076 66520448
4077 22357196
4078 33276496
4079 16642322
4080 145711104
4081 22259008
4082 36517376
4083 25951576
4084 66781696
4085 23152256
4086 45547040
4087 17247472
4088 90268416
4089 27565664
4090 42929152
4091 16740374
4092 119343616
4093 16756744
4094 35509184
4095 37565440
4096 67108896
4097 17963792
4098 52323488
4099 16805902
4100 82972672
4101 26180812
4102 39970816
4103 18693536
4104 107155584
4105 21595648
4106 33734912
4107 26947424
4108 74447872
4109 20019164
4110 67766272
4111 16904434
4112 70021248
4113 23023880
4114 39359936
4115 21700928
4116 120474368
4117 17850988
4118 35675264
4119 26411056
4120 98740224
4121 18548672
4122 46351360
4123 22023064
4124 68095616
4125 35178752
4126 34064272
4127 17036258
4128 109458048
4129 17052772
4130 52591616
4131 24250072
4132 68359936
4133 17085824
4134 59021312
4135 21912256
4136 87140736
4137 31674496
4138 34262656
4139 17135462
4140 124805120
4141 17764096
4142 36647552
4143 26719616
4144 86237184
4145 22018304
4146 53555488
4147 21500032
4148 74590208
4149 23428240
4150 41955584
4151 20430152
4152 121379328
4153 17251564
4154 36245216
4155 34499584
4156 69155968
4157 17284808
4158 60559424
4159 17301442
4160 96657408
4161 28900592
4162 34661152
4163 18250976
4164 108199168
4165 27064576
4166 34727792
4167 23631740
4168 78325632
4169 19298948
4170 69751808
4171 18008152
4172 82970624
4173 29773408
4174 34861264
4175 21099616
4176 101291520
4177 17451508
4178 34928096
4179 32319224
4180 104833024
4181 18140672
4182 59471104
4183 18091096
4184 78927552
4185 30980992
4186 47298304
4187 18106208
4188 109448192
4189 18113788
4190 45051392
4191 30500008
4192 71389632
4193 20845316
4194 47981120
4195 22552384
4196 70492928
4197 27420428
4198 35263216
4199 21648704
4200 175859712
4201 17652604
4202 39314528
4203 24041380
4204 70761856
4205 23413504
4206 55115648
4207 20984632
4208 73322304
4209 29348704
4210 45481984
4211 17736734
4212 103040000
4213 19707916
4214 41607392
4215 35501312
4216 88171776
4217 17787308
4218 60239872
4219 17804182
4220 91615232
4221 29080040
4222 35667472
4223 18470936
4224 123005568
4225 23131520
4226 35735072
4227 27813688
4228 85205248
4229 17888672
4230 63585280
4231 17905594
4232 84098880
4233 30071888
4234 37698304
4235 29647744
4236 111967744
4237 19082428
4238 39352448
4239 24162992
4240 96780288
4241 17990324
4242 66934784
4243 18007294
4244 72114176
4245 36007552
4246 40139968
4247 18794552
4248 112210560
4249 21405364
4250 46204928
4251 30891392
4252 72386176
4253 18092264
4254 56379904
4255 24961024
4256 91459968
4257 27917560
4258 36278176
4259 18143342
4260 146628608
4261 18160384
4262 36346352
4263 33523168
4264 91358208
4265 23310848
4266 49261024
4267 19482232
4268 81540608
4269 28368956
4270 56184832
4271 18245714
4272 118449408
4273 18262804
4274 36551264
4275 31599040
4276 73205248
4277 24097376
4278 61675712
4279 20329408
4280 106518528
4281 28528612
4282 36688192
4283 18348374
4284 125762560
4285 23529856
4286 36756752
4287 28608608
4288 74824128
4289 18399812
4290 88367104
4291 21830272
4292 78577664
4293 25060000
4294 39373504
4295 23639744
4296 129919104
4297 18468508
4298 43874912
4299 28768936
4300 91154432
4301 22864688
4302 50478560
4303 20220496
4304 76699392
4305 44796416
4306 37100512
4307 19140968
4308 115800832
4309 19345228
4310 47665664
4311 25291420
4312 105973632
4313 19771556
4314 57980384
4315 23860288
4316 82125824
4317 29010268
4318 40059712
4319 22115864
4320 128661504
4321 19490944
4322 37376672
4323 32443544
4324 80059648
4325 22638208
4326 69598144
4327 18727258
4328 84448512
4329 28497920
4330 48108544
4331 19351376
4332 122915072
4333 22259356
4334 41816576
4335 39619328
4336 77841984
4337 18813908
4338 51325120
4339 18831262
4340 118071296
4341 29333612
4342 41301376
4343 19515776
4344 132830208
4345 27108736
4346 39500288
4347 31296568
4348 75690112
4349 18918152
4350 73443328
4351 20120704
4352 80750208
4353 29495956
4354 45023776
4355 26837504
4356 112456960
4357 18987808
4358 38001776
4359 29577296
4360 110518272
4361 22000952
4362 59276896
4363 19040134
4364 76247936
4365 33468160
4366 39897088
4367 21173072
4368 157774848
4369 20422864
4370 54176768
4371 31422328
4372 76527616
4373 19127504
4374 51018352
4375 27187616
4376 86330304
4377 29821988
4378 42667744
4379 20015888
4380 154943488
4381 20959072
4382 45603776
4383 26142380
4384 78052224
4385 24640256
4386 65335424
4387 19925992
4388 77088512
4389 41564656
4390 49449472
4391 19285274
4392 119877120
4393 20317396
4394 41584832
4395 38592512
4396 92087296
4397 19338008
4398 60258688
4399 19973536
4400 106411008
4401 26038916
4402 40666528
4403 25152512
4404 121011968
4405 24865408
4406 38843312
4407 33189184
4408 95933952
4409 19443692
4410 77327360
4411 21601336
4412 77933696
4413 30314396
4414 38984464
4415 24978368
4416 127322496
4417 23130052
4418 39868048
4419 26573140
4420 116064256
4421 19549664
4422 68406464
4423 19567354
4424 105602688
4425 37290176
4426 39196672
4427 20828168
4428 107467264
4429 20292316
4430 50353664
4431 36324008
4432 81320448
4433 24508064
4434 61248544
4435 25205056
4436 78783488
4437 29543360
4438 46774912
4439 20743976
4440 181665792
4441 19726924
4442 39480512
4443 30727816
4444 88367104
4445 30174848
4446 61853440
4447 19780258
4448 80339136
4449 30810836
4450 48200192
4451 19815854
4452 148836352
4453 20448736
4454 42612416
4455 37520000
4456 89512704
4457 19869308
4458 61912928
4459 24740272
4460 102305792
4461 30977212
4462 42139456
4463 19922834
4464 115463040
4465 27601792
4466 54217472
4467 31060568
4468 79923712
4469 20674208
4470 80109568
4471 21385672
4472 100366848
4473 32627320
4474 40051264
4475 24230944
4476 124995584
4477 22491392
4478 40122896
4479 31227616
4480 121694208
4481 20083844
4482 54341408
4483 20101774
4484 86594816
4485 45667328
4486 40266352
4487 23868392
4488 166408704
4489 20451886
4490 51725312
4491 27445220
4492 80784256
4493 20191544
4494 75080768
4495 27736576
4496 83681664
4497 31479028
4498 44313088
4499 22470728
4500 132014080
4501 24017452
4502 40554032
4503 33810056
4504 91449792
4505 28227584
4506 63252448
4507 20317558
4508 97362176
4509 27328492
4510 59140096
4511 22219472
4512 130494336
4513 20371684
4514 42622976
4515 49213696
4516 81649408
4517 20407808
4518 55663520
4519 20425882
4520 118738944
4521 35471408
4522 54592384
4523 20462054
4524 143761408
4525 24773888
4526 42972608
4527 27886540
4528 84874944
4529 24316964
4530 82267136
4531 21610432
4532 91883264
4533 31984876
4534 41132464
4535 26353856
4536 146160000
4537 22475968
4538 41205056
4539 34547744
4540 106000384
4541 21912284
4542 64266496
4543 27528424
4544 83951424
4545 36270080
4546 41350432
4547 20679758
4548 129043712
4549 20697952
4550 64202752
4551 33983488
4552 93407616
4553 21632576
4554 65327680
4555 26586688
4556 89847296
4557 38213336
4558 43395328
4559 21469064
4560 180719616
4561 20807284
4562 41641952
4563 29960240
4564 99236608
4565 29904512
4566 64947008
4567 20862058
4568 94064832
4569 32494756
4570 53582848
4571 24769712
4572 114456320
4573 22370656
4574 41861264
4575 39837952
4576 101779968
4577 22050308
4578 77900032
4579 22279768
4580 107872256
4581 28555120
4582 44102272
4583 21008474
4584 147869568
4585 32097664
4586 42081152
4587 36510712
4588 89571328
4589 22993376
4590 76797952
4591 21081874
4592 105591552
4593 32836916
4594 42228064
4595 27055424
4596 131778304
4597 21137008
4598 48816544
4599 34477520
4600 119983104
4601 21890852
4602 72993536
4603 21192214
4604 84861056
4605 42361984
4606 49603744
4607 22703912
4608 115346880
4609 23581588
4610 54523904
4611 34963712
4612 85156096
4613 25226636
4614 66318784
4615 30111232
4616 96050304
4617 30076388
4618 42670336
4619 22217888
4620 222838784
4621 21358264
4622 42744272
4623 35351848
4624 93388416
4625 26402816
4626 58351040
4627 25379872
4628 94349312
4629 33353516
4630 54997504
4631 23806976
4632 150974208
4633 22212016
4634 50990816
4635 37713280
4636 92511232
4637 21506408
4638 67010048
4639 21524962
4640 115187712
4641 46017664
4642 47954848
4643 21562094
4644 118064384
4645 27647104
4646 45667328
4647 33613328
4648 116493696
4649 21617852
4650 83718656
4651 21636454
4652 86638976
4653 33282920
4654 47430784
4655 33567104
4656 140566272
4657 21692308
4658 46589312
4659 33787096
4660 111665152
4661 22392524
4662 71864320
4663 21748234
4664 110527488
4665 43471232
4666 43561792
4667 23780528
4668 135933952
4669 28019104
4670 55950848
4671 29321296
4672 88712064
4673 21841604
4674 73759616
4675 31036544
4676 104151296
4677 34048588
4678 43786096
4679 21897722
4680 186531840
4681 22816276
4682 43860992
4683 40562648
4684 87834496
4685 28125056
4686 76750912
4687 22712848
4688 90968064
4689 29916040
4690 67677184
4691 22010174
4692 152886272
4693 25241488
4694 44086064
4695 44031232
4696 99405504
4697 29409248
4698 61040000
4699 22891264
4700 108673024
4701 34398812
4702 44236432
4703 22122914
4704 158696832
4705 28365568
4706 48493568
4707 30145940
4708 99121408
4709 23718464
4710 88911872
4711 26309032
4712 109355904
4713 34574596
4714 44462464
4715 30563072
4716 121749760
4717 22946368
4718 52853312
4719 41149024
4720 119691264
4721 22292564
4722 69457696
4723 22311454
4724 89340416
4725 42481984
4726 47954368
4727 23312048
4728 157280256
4729 22368172
4730 64971776
4731 37296952
4732 114181120
4733 22406024
4734 61101920
4735 28728256
4736 92319744
4737 34927508
4738 47484448
4739 26622464
4740 181264384
4741 24949996
4742 44992112
4743 33676720
4744 101446272
4745 31818752
4746 83694464
4747 23266432
4748 90250112
4749 35104636
4750 57306112
4751 22576754
4752 137824896
4753 26108968
4754 45220064
4755 45161984
4756 96212992
4757 23309612
4758 77980672
4759 22652842
4760 164634624
4761 32121100
4762 45372352
4763 25181816
4764 141575168
4765 29093248
4766 45448592
4767 42027496
4768 92269056
4769 24163028
4770 80650240
4771 24850672
4772 91164416
4773 37334528
4774 61802944
4775 27578848
4776 160481664
4777 24407152
4778 45677696
4779 30992500
4780 117477376
4781 27096092
4782 71232896
4783 22881874
4784 107644416
4785 52347904
4786 45830752
4787 22920158
4788 155978240
4789 22939312
4790 58860032
4791 35728112
4792 103507776
4793 22977644
4794 77891968
4795 35093248
4796 102843392
4797 34893760
4798 46060816
4799 23035202
4800 172827648
4801 23054404
4802 52706768
4803 35907256
4804 92390656
4805 30506048
4806 62429504
4807 28358152
4808 104199552
4809 42769664
4810 66322432
4811 24755192
4812 144438784
4813 23169784
4814 48650624
4815 40684160
4816 116003712
4817 23208308
4818 81103232
4819 23922448
4820 119447552
4821 36176812
4822 46522672
4823 30564608
4824 144397440
4825 28157888
4826 49684448
4827 36266888
4828 100807168
4829 25883708
4830 115161088
4831 23343394
4832 94754112
4833 31384228
4834 46754464
4835 29953856
4836 163874816
4837 27734092
4838 48851264
4839 36447376
4840 147216384
4841 24192212
4842 63916160
4843 24466576
4844 111746048
4845 52709888
4846 46986832
4847 24349952
4848 152334336
4849 25668736
4850 57200128
4851 40476040
4852 94245376
4853 24782636
4854 73392704
4855 30202048
4856 106288704
4857 36718948
4858 56031712
4859 24402296
4860 161247232
4861 23634184
4862 60752384
4863 36809696
4864 100151232
4865 36121472
4866 73755808
4867 24659152
4868 94867712
4869 32254640
4870 60840448
4871 23731514
4872 203922432
4873 26356996
4874 47531264
4875 48305152
4876 101545984
4877 23790008
4878 64868320
4879 30797536
4880 127868928
4881 37082612
4882 47687392
4883 25329656
4884 169050112
4885 30576256
4886 56678528
4887 32087456
4888 119655936
4889 23907212
4890 95814656
4891 24631432
4892 95805056
4893 44273488
4894 47922064
4895 34355456
4896 139856640
4897 24701908
4898 50272544
4899 39664184
4900 132159488
4901 26822720
4902 81032896
4903 24044314
4904 108398592
4905 42211840
4906 53550688
4907 28542032
4908 150252032
4909 24103192
4910 61842944
4911 37539712
4912 99853248
4913 25557428
4914 83156224
4915 30952768
4916 96747008
4917 41932352
4918 48393136
4919 24201482
4920 222437376
4921 31195648
4922 51225056
4923 32973380
4924 97062016
4925 29334016
4926 75584768
4927 26500048
4928 127585152
4929 39855424
4930 68755456
4931 24319694
4932 133112320
4933 24339424
4934 48708464
4935 58671872
4936 109816704
4937 24378908
4938 75953248
4939 27074968
4940 143949824
4941 33110000
4942 57983296
4943 24438194
4944 158395776
4945 33576832
4946 48945632
4947 40998496
4948 98010112
4949 28294784
4950 88675840
4951 24517354
4952 110529216
4953 41880608
4954 49104064
4955 31458368
4956 184070656
4957 24576808
4958 51341312
4959 36641440
4960 131303424
4961 27539176
4962 76692896
4963 29196736
4964 106523648
4965 49232512
4966 53984128
4967 24676058
4968 155403648
4969 24695932
4970 75932672
4971 38462312
4972 110493184
4973 24735704
4974 77064064
4975 29931104
4976 102467904
4977 40334360
4978 52850464
4979 27061616
4980 199958528
4981 26532352
4982 51735296
4983 43061704
4984 133832448
4985 31840256
4986 67767040
4987 24875158
4988 105700352
4989 38741276
4990 63872512
4991 31939208
4992 168903168
4993 24935044
4994 55484576
4995 43884544
4996 99920128
4997 26523788
4998 94726016
4999 24995002
5000 135000576
5001 38927812
5002 52188928
5003 25035014
5004 137012480
5005 45761536
5006 50140112
5007 39021248
5008 103787904
5009 25095092
5010 100559872
5011 25115134
5012 119608064
5013 34188880
5014 53148544
5015 34909952
5016 206390016
5017 26250688
5018 55117568
5019 46577944
5020 129544192
5021 25215464
5022 69580000
5023 25235554
5024 102407424
5025 47986624
5026 59968288
5027 28047272
5028 157679872
5029 26097964
5030 64899584
5031 38334560
5032 124895232
5033 30025556
5034 78933344
5035 35009536
5036 101525888
5037 41913424
5038 56464384
5039 25396562
5040 215592960
5041 25769594
5042 50863712
5043 40525576
5044 111966208
5045 32610944
5046 81947264
5047 29420644
5048 114852672
5049 40198928
5050 61988864
5051 25517654
5052 159186944
5053 26573596
5054 63652448
5055 51030784
5056 103781952
5057 27915008
5058 69734720
5059 25598542
5060 152035328
5061 47359088
5062 51267952
5063 26389616
5064 180367488
5065 32869888
5066 55075328
5067 34928740
5068 122288128
5069 26622464
5070 110243840
5071 28539856
5072 106453248
5073 42848176
5074 53668384
5075 38033152
5076 140754688
5077 25781008
5078 51592496
5079 40151216
5080 149833728
5081 25821644
5082 103767104
5083 31396288
5084 109673984
5085 45351680
5086 51755152
5087 25882658
5088 165516288
5089 30696964
5090 66455552
5091 40341112
5092 111433984
5093 28787756
5094 70729120
5095 33260224
5096 145516032
5097 40436228
5098 51999616
5099 26004902
5100 207527936
5101 26025304
5102 52081232
5103 41098220
5104 123391488
5105 33390848
5106 87363584
5107 26086558
5108 104448512
5109 44549344
5110 80238592
5111 27745424
5112 162011520
5113 26147884
5114 52326464
5115 59671808
5116 104775808
5117 33834416
5118 81587968
5119 26209282
5120 134218752
5121 35676520
5122 57419776
5123 27077936
5124 196646912
5125 32328448
5126 58449728
5127 40913488
5128 118518912
5129 27674516
5130 95249408
5131 31205392
5132 105431936
5133 43240736
5134 56558656
5135 37223936
5136 170873472
5137 29286772
5138 62666912
5139 35927540
5140 135798784
5141 27230912
5142 82354496
5143 27402496
5144 119259072
5145 60237184
5146 55457248
5147 26496758
5148 173578240
5149 28158748
5150 64455424
5151 44430848
5152 132640896
5153 26558564
5154 82739104
5155 34047808
5156 106419968
5157 35720476
5158 53230576
5159 35424776
5160 244371456
5161 29073472
5162 55891712
5163 41489896
5164 106750336
5165 34179968
5166 87992960
5167 26703058
5168 124244736
5169 41586356
5170 77458432
5171 26744414
5172 166829824
5173 31717996
5174 58588544
5175 45826880
5176 120746304
5177 27889652
5178 83511008
5179 26827222
5180 167247872
5181 46539808
5182 53726992
5183 27636056
5184 143640000
5185 37295104
5186 53809952
5187 57073856
5188 107744512
5189 26930912
5190 107892736
5191 28097584
5192 136692864
5193 36685880
5194 62916352
5195 34577984
5196 168379904
5197 27014008
5198 57101888
5199 42070336
5200 146116608
5201 32062052
5202 77823680
5203 30254756
5204 108409856
5205 54099584
5206 57782848
5207 28028792
5208 232452864
5209 27138892
5210 69622784
5211 36470456
5212 108743296
5213 29661536
5214 94880576
5215 41485312
5216 110357952
5217 44509696
5218 54475936
5219 29123864
5220 196444160
5221 28673932
5222 64729856
5223 42459536
5224 122994432
5225 38493376
5226 93931264
5227 27326758
5228 109411712
5229 44494120
5230 70157824
5231 27368594
5232 177289728
5233 27389524
5234 54810464
5235 54724096
5236 153201664
5237 27431408
5238 74086336
5239 30575440
5240 159381504
5241 42752612
5242 54978112
5243 31738268
5244 189618688
5245 35246464
5246 57335168
5247 42215360
5248 113039232
5249 28727168
5250 121812992
5251 28378504
5252 121339904
5253 46198768
5254 57604096
5255 35380928
5256 171198720
5257 32755732
5258 61492064
5259 43046696
5260 142200832
5261 27683384
5262 86240896
5263 29417056
5264 138297984
5265 51520000
5266 55482592
5267 29180288
5268 173073152
5269 30809548
5270 78374912
5271 51362248
5272 125263296
5273 27809804
5274 75806720
5275 33639968
5276 111429248
5277 43341788
5278 74447872
5279 27873122
5280 247812096
5281 27894244
5282 59475872
5283 37967380
5284 111767296
5285 42602624
5286 87028928
5287 29886472
5288 126024192
5289 45713584
5290 74754560
5291 34715648
5292 171174656
5293 28815676
5294 56074064
5295 55983872
5296 116048064
5297 28063508
5298 87424288
5299 33280864
5300 137838592
5301 41767880
5302 62523328
5303 28127114
5304 228501504
5305 36057088
5306 66826208
5307 46195072
5308 112784512
5309 28190792
5310 99742720
5311 29092072
5312 114485184
5313 60279632
5314 56498464
5315 36193088
5316 176237824
5317 30855328
5318 56583536
5319 37993792
5320 204189696
5321 30271472
5322 88217696
5323 28339654
5324 123687296
5325 53840192
5326 56753872
5327 33633272
5328 163553280
5329 28787260
5330 81207296
5331 44233112
5332 120488704
5333 28446224
5334 105611968
5335 40770304
5336 139129344
5337 38746840
5338 61126912
5339 30271208
5340 229720064
5341 32930032
5342 57095312
5343 48707008
5344 115823424
5345 36602624
5346 84402848
5347 28595758
5348 136133888
5349 44532236
5350 69532928
5351 28638554
5352 201414528
5353 29510656
5354 57352064
5355 62881280
5356 126168064
5357 31846172
5358 96606272
5359 30206296
5360 154023936
5361 44732212
5362 68242336
5363 29923376
5364 157358080
5365 39288832
5366 57609392
5367 44832368
5368 146032128
5369 37800224
5370 115483648
5371 29814856
5372 124619264
5373 38767148
5374 57781264
5375 35516288
5376 212886912
5377 30702868
5378 57867296
5379 50152984
5380 148750336
5381 28960544
5382 89703680
5383 34343656
5384 130637952
5385 57900416
5386 58039552
5387 29025158
5388 181038592
5389 31048864
5390 94198784
5391 39534220
5392 120286848
5393 29089844
5394 97078016
5395 41062912
5396 125027072
5397 53842096
5398 58298416
5399 29154602
5400 210945024
5401 32370916
5402 60870656
5403 45435656
5404 138992128
5405 40029824
5406 98796544
5407 29241058
5408 126977280
5409 39798440
5410 75065344
5411 34701632
5412 206990336
5413 29305984
5414 58644464
5415 61457536
5416 132194304
5417 29349308
5418 96669760
5419 29370982
5420 150966272
5421 50134112
5422 58817872
5423 35989184
5424 190477056
5425 43354304
5426 58904672
5427 39882500
5428 125585152
5429 30317408
5430 118071296
5431 29501194
5432 158821632
5433 45941476
5434 75348736
5435 37845056
5436 161596160
5437 29566408
5438 59165456
5439 54129152
5440 161796096
5441 29609924
5442 92238496
5443 29631694
5444 118635776
5445 56228480
5446 70394368
5447 32380688
5448 208688256
5449 29697052
5450 72143872
5451 49033432
5452 126014464
5453 38196944
5454 80288768
5455 38123968
5456 140654976
5457 49838096
5458 59601376
5459 30684896
5460 305987584
5461 30792652
5462 59688752
5463 40596380
5464 134546112
5465 38263808
5466 93053408
5467 39746008
5468 119683712
5469 46552156
5470 76738048
5471 29937314
5472 173458560
5473 32690176
5474 79173248
5475 56893312
5476 123188224
5477 30003008
5478 104665792
5479 30024922
5480 174256128
5481 49261024
5482 60126592
5483 30068774
5484 187539968
5485 38544256
5486 65848448
5487 49290472
5488 141987648
5489 33433268
5490 106557440
5491 33782552
5492 120736256
5493 46961516
5494 62863936
5495 46043648
5496 212373504
5497 31778548
5498 60478016
5499 45701920
5500 160817152
5501 30266504
5502 112341824
5503 30288514
5504 124185792
5505 60505984
5506 60654112
5507 30332558
5508 172480000
5509 35969164
5510 85274624
5511 52636808
5512 151769088
5513 31471616
5514 94693984
5515 38966848
5516 144797696
5517 41402240
5518 63711424
5519 30464882
5520 262090752
5521 30486964
5522 67808288
5523 56380408
5524 122146816
5525 42617344
5526 83211040
5527 30553258
5528 137714112
5529 50848784
5530 93869056
5531 30597494
5532 190833664
5533 33970876
5534 61272464
5535 53733632
5536 124269312
5537 35379464
5538 105389312
5539 31979728
5540 157712384
5541 47785612
5542 65872576
5543 32311496
5544 246216960
5545 39391744
5546 63982688
5547 48976340
5548 132116992
5549 32028668
5550 118587392
5551 40382848
5552 127520448
5553 41943880
5554 61716064
5555 44183552
5556 192491264
5557 30885808
5558 73315712
5559 51709504
5560 179361792
5561 31787492
5562 83483488
5563 30952534
5564 136107008
5565 74418176
5566 70796768
5567 32907008
5568 200406528
5569 31019332
5570 79566848
5571 42216020
5572 147745024
5573 31063904
5574 96764864
5575 37565408
5576 152925696
5577 57705760
5578 62250496
5579 36888464
5580 223928320
5581 31153144
5582 62339792
5583 48512576
5584 128992512
5585 39961856
5586 117484864
5587 32319232
5588 139428608
5589 43618636
5590 89214976
5591 31264874
5592 219840768
5593 40336912
5594 62608064
5595 62497792
5596 125350528
5597 32651168
5598 85389920
5599 34785328
5600 180046848
5601 48825812
5602 62787232
5603 34259696
5604 195827968
5605 43297408
5606 62876912
5607 51116560
5608 141725952
5609 32330708
5610 147918848
5611 32746336
5612 134165504
5613 49035196
5614 74798656
5615 40392128
5616 189252096
5617 32597392
5618 64314880
5619 49140056
5620 162291712
5621 41999888
5622 98437696
5623 31623754
5624 154902528
5625 51562720
5626 66327808
5627 33847352
5628 236870144
5629 34578016
5630 81288704
5631 49350112
5632 140513472
5633 32754836
5634 86489920
5635 48681088
5636 127148288
5637 49455308
5638 63596656
5639 31803962
5640 291336192
5641 31826524
5642 84863744
5643 49857112
5644 137471488
5645 40824704
5646 99279488
5647 31894258
5648 131961984
5649 58977184
5650 77510144
5651 31939454
5652 174648320
5653 31962064
5654 71082176
5655 71880704
5656 172118016
5657 32007308
5658 106970752
5659 32029942
5660 164605952
5661 47703040
5662 68307712
5663 38006936
5664 204699264
5665 45941632
5666 64229792
5667 49982968
5668 141217792
5669 32143232
5670 129920000
5671 33102112
5672 144976896
5673 52658144
5674 64411264
5675 38922016
5676 227401216
5677 38194972
5678 69134912
5679 43867340
5680 172812288
5681 38939552
5682 100548896
5683 32302174
5684 153248768
5685 64521856
5686 64683952
5687 36069292
5688 200280960
5689 32370412
5690 83028992
5691 59855768
5692 129686656
5693 32415944
5694 111365632
5695 44923648
5696 131524992
5697 43570916
5698 87543808
5699 33552488
5700 257388544
5701 32507104
5702 65048432
5703 50619856
5704 158594688
5705 49618304
5706 88711040
5707 35541808
5708 130416512
5709 56475104
5710 83613184
5711 32621234
5712 264101376
5713 34014976
5714 65322464
5715 57228160
5716 130782208
5717 32689808
5718 101826368
5719 41963464
5720 227229696
5721 50939812
5722 65505472
5723 33677336
5724 178530304
5725 39609344
5726 77809088
5727 54090344
5728 133012416
5729 35083664
5730 131439616
5731 36443176
5732 131515136
5733 55579040
5734 68354176
5735 44785664
5736 231283584
5737 32918908
5738 70147424
5739 51260776
5740 204783616
5741 32964824
5742 102826240
5743 32987794
5744 136479552
5745 65889152
5746 75792640
5747 39142112
5748 206010112
5749 33056752
5750 83108864
5751 44747500
5752 149092416
5753 36723236
5754 122826368
5755 42430528
5756 132618368
5757 55105792
5758 66332176
5759 36191696
5760 230799360
5761 39332932
5762 69062816
5763 55555808
5764 148313344
5765 42578048
5766 106771168
5767 34164088
5768 178966656
5769 45267640
5770 85378048
5771 34707344
5772 232128512
5773 35042716
5774 66701264
5775 81823616
5776 144864192
5777 34345088
5778 90059936
5779 33402622
5780 181116928
5781 54499088
5782 77810656
5783 33448874
5784 235162368
5785 47174656
5786 74433248
5787 45550340
5788 134096512
5789 39715964
5790 134199296
5791 33541474
5792 135992832
5793 52229716
5794 67164064
5795 46255616
5796 226209280
5797 41024368
5798 73532288
5799 52337936
5800 188854272
5801 33657404
5802 104838496
5803 39908176
5804 134838656
5805 59032192
5806 67442512
5807 33727058
5808 236159616
5809 34929664
5810 103549952
5811 57578752
5812 135210496
5813 33796784
5814 103537280
5815 43319488
5816 152426304
5817 62530496
5818 67721536
5819 39129340
5820 272613376
5821 33889864
5822 70532288
5823 46118380
5824 175191552
5825 41002048
5826 105707168
5827 33959758
5828 143644928
5829 55644064
5830 98246656
5831 41413064
5832 204073920
5833 36121156
5834 68094464
5835 67966976
5836 136329088
5837 37177568
5838 126425152
5839 34099762
5840 182611968
5841 52209080
5842 72055456
5843 34146494
5844 212941568
5845 52075648
5846 71211008
5847 53207728
5848 168005376
5849 34216652
5850 121763840
5851 34240054
5852 190009856
5853 53316956
5854 68562064
5855 43917248
5856 218684928
5857 34310308
5858 71880704
5859 56153048
5860 176422912
5861 34357184
5862 107016896
5863 42506944
5864 154950912
5865 76443136
5866 81655648
5867 34427558
5868 188207360
5869 34451032
5870 88360448
5871 57298472
5872 142621248
5873 40876196
5874 120244096
5875 42342016
5876 151721984
5877 46977040
5878 69125296
5879 34568522
5880 354299904
5881 34592044
5882 74176256
5883 56455168
5884 138580096
5885 49560704
5886 93441664
5887 42436976
5888 145245504
5889 59129504
5890 97205248
5891 35811752
5892 216450304
5893 35665036
5894 82436096
5895 60874880
5896 175902336
5897 34780508
5898 108334688
5899 37193464
5900 170469376
5901 64346128
5902 76187776
5903 34851314
5904 200259840
5905 44670208
5906 69785312
5907 60448472
5908 166052608
5909 37066988
5910 139804672
5911 36734632
5912 157496256
5913 47285000
5914 69974464
5915 57090560
5916 240644096
5917 35978272
5918 77861504
5919 54525856
5920 185991168
5921 36453956
5922 115248320
5923 35087854
5924 140470016
5925 66558016
5926 70258672
5927 35135258
5928 283401216
5929 43864604
5930 90174464
5931 47843620
5932 140849536
5933 37622816
5934 117518912
5935 45125056
5936 175414272
5937 54857908
5938 70543456
5939 35277662
5940 267296768
5941 38512672
5942 70638512
5943 65263688
5944 159204672
5945 48106496
5946 110104288
5947 37544488
5948 141610112
5949 48134240
5950 107469824
5951 39292016
5952 228445056
5953 35444164
5954 77533184
5955 70787584
5956 141991168
5957 45241856
5958 96706720
5959 36496768
5960 205996032
5961 55302212
5962 79021408
5963 36518696
5964 265764352
5965 45582208
5966 75813248
5967 55198528
5968 147316224
5969 36710564
5970 142650368
5971 42250912
5972 142754816
5973 61802944
5974 74740864
5975 43136224
5976 220936320
5977 36861028
5978 83126912
5979 55636616
5980 208764928
5981 35778344
5982 111440896
5983 37219336
5984 170370816
5985 77989120
5986 74531968
5987 35850158
5988 223553792
5989 36899776
5990 92006912
5991 55860112
5992 193064832
5993 39189056
5994 98560000
5995 51421696
5996 143904128
5997 55972028
5998 71976016
5999 42647864
6000 277229568
6001 38488912
6002 72072032
6003 53139680
6004 154560256
6005 46195328
6006 160165376
6007 36090058
6008 162649152
6009 56196196
6010 92621824
6011 36138134
6012 197528320
6013 42847036
6014 75607616
6015 72219392
6016 148052544
6017 40167572
6018 122184832
6019 39529456
6020 224976896
6021 48655196
6022 72553072
6023 38508656
6024 255040128
6025 43859648
6026 76647008
6027 66277456
6028 162155008
6029 36354872
6030 128353280
6031 37641472
6032 169433088
6033 56645876
6034 86394016
6035 50403584
6036 227148544
6037 36451408
6038 72939056
6039 55776160
6040 211544064
6041 43246772
6042 122533376
6043 36523894
6044 146216576
6045 81937408
6046 73132432
6047 36572258
6048 233198976
6049 38466436
6050 96099584
6051 56984312
6052 157932544
6053 36644864
6054 114138304
6055 55873024
6056 165256704
6057 49896440
6058 80259328
6059 37687496
6060 295436288
6061 44635936
6062 87196736
6063 59873128
6064 152087232
6065 47122688
6066 100239040
6067 36814558
6068 155353088
6069 71810032
6070 94478848
6071 40214672
6072 299319552
6073 36887404
6074 73811264
6075 59207968
6076 174689536
6077 37948988
6078 115044608
6079 36960322
6080 200669184
6081 57550612
6082 74005792
6083 49134584
6084 216550400
6085 47433856
6086 79395008
6087 57664208
6088 167006592
6089 37082012
6090 181264384
6091 37106374
6092 148547456
6093 50490880
6094 82552576
6095 50772992
6096 240358272
6097 48642976
6098 74395616
6099 61812184
6100 182116352
6101 37228304
6102 100392128
6103 39806536
6104 200314368
6105 84525056
6106 77487328
6107 38773952
6108 232594432
6109 38534848
6110 106360832
6111 60661040
6112 151390272
6113 37374884
6114 116410784
6115 47902528
6116 166906112
6117 58233868
6118 98195392
6119 39008048
6120 312238080
6121 37472764
6122 74982272
6123 63905408
6124 150111616
6125 51492992
6126 116867968
6127 41648272
6128 155310144
6129 50412292
6130 96354304
6131 37595294
6132 280835072
6133 37619824
6134 75276464
6135 75126016
6136 187697664
6137 42252056
6138 117212480
6139 44660464
6140 193654784
6141 62141072
6142 78555136
6143 37742594
6144 234881472
6145 48373504
6146 89627168
6147 51389140
6148 159834112
6149 46698464
6150 145202176
6151 37840954
6152 170534016
6153 69948928
6154 81174016
6155 48531008
6156 213920000
6157 39049852
6158 75866576
6159 59036096
6160 262631424
6161 38990336
6162 130283776
6163 37988734
6164 161608448
6165 66556160
6166 76063792
6167 45068552
6168 267353856
6169 39563188
6170 97614848
6171 68879888
6172 152473216
6173 38112104
6174 118323040
6175 52856576
6176 154568832
6177 62431712
6178 76360096
6179 39505664
6180 307191808
6181 45273292
6182 84949568
6183 51302528
6184 172311552
6185 49005056
6186 119167328
6187 40238128
6188 210366464
6189 59612476
6190 98248192
6191 39572696
6192 220007040
6193 42549556
6194 81699104
6195 92035328
6196 153660928
6197 38409008
6198 119629888
6199 38433802
6200 215276544
6201 57967360
6202 91266016
6203 38483414
6204 271104512
6205 53261824
6206 80628608
6207 59959648
6208 156083328
6209 45684164
6210 138136576
6211 38582734
6212 154455296
6213 64133216
6214 84436864
6215 55246592
6216 329269248
6217 38657308
6218 77351936
6219 52599140
6220 198725632
6221 38707064
6222 130532864
6223 44644468
6224 160207872
6225 73422272
6226 86160928
6227 42305648
6228 211932160
6229 38806672
6230 118962176
6231 63429128
6232 189667584
6233 40837556
6234 121022944
6235 52850176
6236 155650688
6237 68005000
6238 77850256
6239 41597864
6240 340279296
6241 39443122
6242 77950112
6243 60657016
6244 185429248
6245 49960064
6246 106267040
6247 39031258
6248 197359488
6249 60773636
6250 93750016
6251 50028248
6252 243679744
6253 43310080
6254 81154304
6255 68506240
6256 180187392
6257 39156308
6258 145198592
6259 43460488
6260 201285632
6261 61007212
6262 81937408
6263 39231434
6264 244606464
6265 59804032
6266 85852928
6267 61124168
6268 157251712
6269 39306632
6270 183457792
6271 39331714
6272 180049728
6273 58409120
6274 78751264
6275 47567008
6276 245552384
6277 39407008
6278 81881408
6279 82772032
6280 228630528
6281 43766276
6282 107493760
6283 40541776
6284 158055296
6285 78839936
6286 93752128
6287 39532658
6288 255674496
6289 41979508
6290 111017984
6291 53106376
6292 188109824
6293 50272544
6294 123362624
6295 50762944
6296 178605504
6297 61710628
6298 82335712
6299 39683702
6300 307056640
6301 39708904
6302 83800256
6303 68800424
6304 161025024
6305 55983104
6306 123833248
6307 51162496
6308 170500352
6309 54131440
6310 102091264
6311 39835034
6312 279957888
6313 40938436
6314 107191424
6315 79593472
6316 159668608
6317 39910808
6318 115896448
6319 40973368
6320 213633024
6321 72812936
6322 83656192
6323 39986654
6324 274312192
6325 55825472
6326 80061872
6327 59164160
6328 215214336
6329 40062572
6330 160326656
6331 43729072
6332 160478336
6333 62418076
6334 80264464
6335 61144064
6336 241971840
6337 40163908
6338 80365856
6339 62536376
6340 206454784
6341 42967232
6342 149109184
6343 40239994
6344 200521728
6345 70377344
6346 85745248
6347 44690072
6348 261640960
6349 47766364
6350 97808128
6351 65972032
6352 166856448
6353 40366964
6354 109968320
6355 54836992
6356 192125696
6357 68866784
6358 94803392
6359 40443242
6360 369524736
6361 40468684
6362 80975552
6363 65739520
6364 170672128
6365 55716992
6366 126199808
6367 40545058
6368 164302656
6369 70244944
6370 129347584
6371 42662432
6372 220794112
6373 40621504
6374 81281264
6375 80858624
6376 183170304
6377 48188372
6378 126675808
6379 40698022
6380 239304704
6381 55373120
6382 81485392
6383 44449616
6384 327554304
6385 52224256
6386 85197728
6387 63486808
6388 163328512
6389 40825712
6390 144010240
6391 54201928
6392 200293632
6393 63606116
6394 86255584
6395 52387904
6396 284225536
6397 40928008
6398 97118912
6399 55317500
6400 197156352
6401 42386432
6402 142696064
6403 43512856
6404 164147456
6405 98323456
6406 82099312
6407 42334688
6408 253820160
6409 49417984
6410 105350144
6411 63964712
6412 195518464
6413 45749536
6414 128109184
6415 52715968
6416 170231424
6417 60574360
6418 82407136
6419 47489324
6420 331390976
6421 41235664
6422 94002560
6423 64204336
6424 208551168
6425 49863616
6426 139196288
6427 41312758
6428 165379712
6429 64324316
6430 106008064
6431 42475664
6432 263415936
6433 49037956
6434 82818464
6435 86789120
6436 165791488
6437 42768992
6438 137510912
6439 42694264
6440 296128512
6441 68903632
6442 83024512
6443 44358776
6444 226842880
6445 53209984
6446 92346368
6447 76781096
6448 193138176
6449 41596052
6450 159520256
6451 41621854
6452 166616576
6453 55870588
6454 98824576
6455 53375168
6456 292852224
6457 46251172
6458 83437376
6459 64925896
6460 240959488
6461 54576608
6462 113732960
6463 43901176
6464 169150464
6465 83414912
6466 86699008
6467 43559888
6468 329695744
6469 41854432
6470 107330048
6471 56945020
6472 188724096
6473 41906204
6474 143720192
6475 61411328
6476 167858048
6477 70104496
6478 87193024
6479 50880872
6480 295680000
6481 42009844
6482 99682976
6483 65409176
6484 168272896
6485 53872256
6486 140104384
6487 45908368
6488 189657792
6489 68355320
6490 121504768
6491 42139574
6492 262728704
6493 43474876
6494 90364736
6495 84189952
6496 208777728
6497 43296848
6498 120720160
6499 43337464
6500 220823552
6501 73179008
6502 84578032
6503 50110376
6504 297214848
6505 54204928
6506 84682112
6507 56807576
6508 169520512
6509 44527196
6510 206624768
6511 45298792
6512 199237632
6513 72277408
6514 84890464
6515 54371648
6516 231925760
6517 51362956
6518 84994736
6519 69125504
6520 246380544
6521 42529964
6522 132457696
6523 47200696
6524 202393088
6525 72131840
6526 93109888
6527 43735472
6528 282729216
6529 42634372
6530 109328384
6531 78791608
6532 181321984
6533 43945196
6534 124469408
6535 54705856
6536 208370304
6537 66503108
6538 101410912
6539 46646576
6540 343834624
6541 44465596
6542 85621712
6543 58218380
6544 177082752
6545 76600832
6546 133433888
6547 42869758
6548 171610112
6549 69819904
6550 104040704
6551 42922154
6552 338088960
6553 42948364
6554 89878784
6555 94809344
6556 191690752
6557 44089628
6558 133923328
6559 50976664
6560 227733504
6561 57395630
6562 92262016
6563 43079534
6564 268583168
6565 60669952
6566 100130144
6567 74668552
6568 194360832
6569 43158332
6570 152176640
6571 43184614
6572 182196224
6573 79806608
6574 91997824
6575 52214368
6576 279535872
6577 43263508
6578 109275392
6579 64168720
6580 268214272
6581 43316144
6582 134904896
6583 45132976
6584 195308352
6585 86536576
6586 90247168
6587 51412592
6588 235879424
6589 48159868
6590 111345152
6591 72773456
6592 175881024
6593 46129556
6594 161152768
6595 55714624
6596 187421696
6597 59182640
6598 87093616
6599 43553402
6600 406296576
6601 55395568
6602 87199232
6603 71166424
6604 191454208
6605 55883648
6606 118851040
6607 43659058
6608 216940416
6609 67975796
6610 112021504
6611 48481736
6612 298461184
6613 46727296
6614 87516464
6615 85587328
6616 197210304
6617 47764928
6618 136383968
6619 43817782
6620 225062912
6621 68222812
6622 117761344
6623 45368576
6624 251560320
6625 53705728
6626 87834272
6627 69769084
6628 175827712
6629 52069964
6630 203112448
6631 46662064
6632 198164736
6633 67184920
6634 91909216
6635 56392256
6636 328541696
6637 44056408
6638 88152656
6639 68594176
6640 235665408
6641 45929984
6642 120680000
6643 57671488
6644 196853504
6645 88118912
6646 88365232
6647 48993544
6648 310496256
6649 45377728
6650 133290496
6651 60154820
6652 177102976
6653 44269064
6654 137871104
6655 61843648
6656 192943872
6657 81856096
6658 88684576
6659 44348942
6660 317194240
6661 44375584
6662 88791152
6663 69090896
6664 243581184
6665 60244352
6666 154642432
6667 45635128
6668 177955712
6669 68460512
6670 123670528
6671 52731512
6672 287726208
6673 44535604
6674 92379296
6675 84350336
6676 178382848
6677 49453772
6678 146178560
6679 44615722
6680 258582528
6681 74571728
6682 97605376
6683 46089416
6684 278483968
6685 68066944
6686 89431952
6687 60807340
6688 211304064
6689 44749412
6690 179035136
6691 44776174
6692 212927744
6693 73744048
6694 89646064
6695 63084032
6696 278828928
6697 46385152
6698 96115712
6699 94880576
6700 219367424
6701 44910104
6702 139866496
6703 44936914
6704 185836992
6705 78679040
6706 106683808
6707 47736248
6708 312252416
6709 45017392
6710 129806336
6711 70089712
6712 202971456
6713 51921368
6714 122763520
6715 62309632
6716 191604224
6717 70215068
6718 90289936
6719 45151682
6720 426553344
6721 55673248
6722 90397472
6723 61022500
6724 185259776
6725 54619264
6726 151540928
6727 55292212
6728 210721536
6729 70466116
6730 116122624
6731 46562912
6732 290554880
6733 45340024
6734 120209408
6735 90519296
6736 187613184
6737 45393908
6738 141372448
6739 47723776
6740 233283584
6741 73740040
6742 90936112
6743 50435456
6744 319511808
6745 62513536
6746 91044032
6747 77547904
6748 216498688
6749 48666464
6750 146115584
6751 46986352
6752 184661952
6753 70969556
6754 101366176
6755 69496064
6756 284510464
6757 47544928
6758 95360384
6759 62122940
6760 283484160
6761 45717884
6762 170383808
6763 45744934
6764 195877376
6765 103495168
6766 98072128
6767 46965632
6768 262289280
6769 54291364
6770 117506048
6771 74590208
6772 183548416
6773 50041376
6774 142886464
6775 55432928
6776 266829696
6777 61609396
6778 91909696
6779 45961622
6780 369410048
6781 45988744
6782 92018192
6783 95536672
6784 187786752
6785 62792576
6786 141194240
6787 51095272
6788 184416512
6789 75202064
6790 141174784
6791 46124474
6792 324067968
6793 46151644
6794 95790944
6795 80798080
6796 184851328
6797 54741212
6798 160795712
6799 50425936
6800 244586496
6801 71981812
6802 98470432
6803 46287614
6804 292260608
6805 59317888
6806 96185408
6807 72108848
6808 224649216
6809 51426788
6810 185500672
6811 53442652
6812 203654144
6813 63118880
6814 92888464
6815 63007232
6816 295548288
6817 49650832
6818 110273312
6819 72363256
6820 272785408
6821 49370444
6822 126739360
6823 46560154
6824 209797632
6825 112354816
6826 93215872
6827 46614758
6828 290601472
6829 46642072
6830 119596544
6831 72305864
6832 231762432
6833 46696724
6834 157232768
6835 59841856
6836 187033088
6837 75941824
6838 102206848
6839 55419464
6840 387256320
6841 46806124
6842 104020448
6843 72873416
6844 197671936
6845 61594112
6846 173664064
6847 48371992
6848 189736128
6849 63787240
6850 113750528
6851 56331968
6852 292646144
6853 62269264
6854 99064064
6855 93769984
6856 211768704
6857 47025308
6858 126682336
6859 49521982
6860 275369984
6861 73257212
6862 97617856
6863 47107634
6864 364514304
6865 60368128
6866 94311392
6867 76508960
6868 203112448
6869 47190032
6870 188776448
6871 47217514
6872 212757696
6873 77178976
6874 112090336
6875 62812768
6876 258184960
6877 53729840
6878 100676864
6879 73642016
6880 250189824
6881 56101892
6882 156749824
6883 47382574
6884 189668096
6885 86240000
6886 105360448
6887 48623912
6888 403167744
6889 48030110
6890 134905856
6891 73899112
6892 190109056
6893 48753056
6894 129425120
6895 72398848
6896 196620864
6897 85428952
6898 95192416
6899 47603102
6900 373280768
6901 48834412
6902 124619264
6903 71690080
6904 214742592
6905 61073408
6906 148506848
6907 47713558
6908 212753408
6909 86806552
6910 122412544
6911 47768834
6912 255359424
6913 49654276
6914 95634464
6915 95416832
6916 260909056
6917 47851808
6918 149023168
6919 58110976
6920 277438464
6921 65134520
6922 95855872
6923 60858008
6924 298823168
6925 57910016
6926 95966672
6927 74673088
6928 198447744
6929 53030240
6930 218859520
6931 50019664
6932 192321536
6933 74802476
6934 96188464
6935 66058496
6936 356573952
6937 57018292
6938 96299456
6939 64583992
6940 247312384
6941 53438396
6942 165111296
6943 49530016
6944 237987456
6945 96245632
6946 101732128
6947 48267758
6948 263605760
6949 48295552
6950 117083392
6951 89233928
6952 243978624
6953 51649136
6954 161894656
6955 68053504
6956 203472896
6957 65813440
6958 112344352
6959 48434642
6960 412532736
6961 48462484
6962 98581936
6963 83920984
6964 194100736
6965 73872512
6966 132580000
6967 48546058
6968 241537536
6969 79917824
6970 135933952
6971 48601814
6972 362424832
6973 51592156
6974 108066176
6975 82223680
6976 196860672
6977 48685508
6978 151618208
6979 57710464
6980 250167296
6981 83003872
6982 97524592
6983 48769274
6984 301213440
6985 69714304
6986 115768928
6987 81531296
6988 195440512
6989 50858528
6990 195414016
6991 48881074
6992 223479168
6993 79540736
6994 106914304
6995 62675264
6996 343863296
6997 48965008
6998 97972016
6999 76233136
7000 313233408
7001 49021004
7002 133506560
7003 50470816
7004 211194368
7005 97913984
7006 102453568
7007 67705376
7008 312307968
7009 50634196
7010 125978624
7011 72442480
7012 196784896
7013 49189184
7014 182264768
7015 67082752
7016 221762304
7017 76625668
7018 111434624
7019 49273382
7020 367034368
7021 63274288
7022 98645072
7023 76756736
7024 203979072
7025 59591488
7026 153710368
7027 49385758
7028 234798848
7029 75380360
7030 137691136
7031 50651864
7032 347332608
7033 53953216
7034 98982464
7035 118435072
7036 198133888
7037 51447452
7038 150156160
7039 49554562
7040 281155584
7041 77150612
7042 117630496
7043 49610894
7044 309261568
7045 63574144
7046 108507008
7047 68656048
7048 223788672
7049 63454784
7050 190177792
7051 55144216
7052 208976384
7053 77413756
7054 99546064
7055 68735744
7056 318975360
7057 49808308
7058 99658976
7059 84863744
7060 255926272
7061 52385132
7062 173462464
7063 59107336
7064 224805312
7065 87324160
7066 99884992
7067 51636992
7068 340218368
7069 49977832
7070 152993792
7071 77809312
7072 233942016
7073 55488596
7074 134754848
7075 60441248
7076 211177472
7077 92493296
7078 100224496
7079 50119322
7080 457003008
7081 51381232
7082 100337792
7083 68217380
7084 275564032
7085 70608896
7086 156345728
7087 53290528
7088 207708864
7089 83920144
7090 128868352
7091 59576672
7092 274616320
7093 51899296
7094 100678064
7095 113700608
7096 226845504
7097 51830132
7098 199816960
7099 52355968
7100 246126592
7101 67628716
7102 104432896
7103 50459714
7104 323592192
7105 76624384
7106 126127232
7107 83097784
7108 202208512
7109 50544992
7110 178027520
7111 55155472
7112 271573632
7113 78736196
7114 101246464
7115 64843328
7116 315610624
7117 56180572
7118 101360336
7119 82199920
7120 270741504
7121 50715764
7122 157937696
7123 54202456
7124 222660608
7125 100285696
7126 120450688
7127 50801258
7128 337680000
7129 50829772
7130 140973056
7131 79135112
7132 203575936
7133 60284156
7134 168372736
7135 65208256
7136 206210112
7137 76588160
7138 105670048
7139 56579908
7140 512196608
7141 52721152
7142 102044912
7143 79401616
7144 248416128
7145 65391104
7146 139047040
7147 60520912
7148 204490112
7149 79535036
7150 148330496
7151 51143954
7152 330451968
7153 53756836
7154 118715072
7155 89265152
7156 204947968
7157 54720512
7158 159537728
7159 51258442
7160 296957952
7161 108155152
7162 102617152
7163 61291136
7164 280206080
7165 65757568
7166 102731792
7167 79935968
7168 243271488
7169 52681364
7170 205585408
7171 52694656
7172 229270784
7173 69960880
7174 110224576
7175 75193984
7176 411005952
7177 51516508
7178 107098112
7179 80203816
7180 264687616
7181 53141852
7182 172639552
7183 57226576
7184 213366912
7185 103005056
7186 103305952
7187 51660158
7188 322024192
7189 67468384
7190 132526592
7191 76501040
7192 249629184
7193 51746444
7194 179975936
7195 66309184
7196 246135296
7197 80606428
7198 107223424
7199 54449336
7200 341468160
7201 55016404
7202 113355776
7203 92236844
7204 207705856
7205 74156672
7206 161683648
7207 51948058
7208 254048256
7209 70105000
7210 159081472
7211 52005734
7212 324176384
7213 52034584
7214 104112464
7215 116064256
7216 243952896
7217 61711652
7218 141859520
7219 52121182
7220 280948736
7221 85138592
7222 109949056
7223 54196856
7224 442923264
7225 66503872
7226 104459072
7227 79654960
7228 229184512
7229 52265672
7230 209033216
7231 61951192
7232 211503744
7233 81414676
7234 104690464
7235 67048256
7236 284127488
7237 52381408
7238 140393408
7239 86947784
7240 303611904
7241 57188672
7242 176412544
7243 52468294
7244 210018176
7245 113104640
7246 105038032
7247 52526258
7248 339351936
7249 58282228
7250 130813952
7251 81820312
7252 247447552
7253 52613264
7254 160948480
7255 67419328
7256 237184704
7257 85489712
7258 112075744
7259 67597376
7260 458006528
7261 54152512
7262 105502352
7263 70743568
7264 213657024
7265 67605248
7266 195555584
7267 58259440
7268 224152832
7269 82226956
7270 135490048
7271 58636256
7272 326430720
7273 62672596
7274 105851264
7275 100100224
7276 227831296
7277 56182268
7278 164929408
7279 55157488
7280 360628224
7281 72082120
7282 117806368
7283 53049374
7284 330675968
7285 71822464
7286 106200752
7287 98055496
7288 239280192
7289 54923264
7290 181399040
7291 55847632
7292 212809856
7293 106316672
7294 126191296
7295 68164544
7296 350657664
7297 53253508
7298 110501504
7299 72438740
7300 260083712
7301 61378592
7302 166018496
7303 54659536
7304 269140608
7305 106470784
7306 116647168
7307 53399558
7308 356055040
7309 53428792
7310 149338112
7311 83179712
7312 221029248
7313 54791396
7314 177705472
7315 95004928
7316 225327872
7317 71797436
7318 107135536
7319 58426256
7320 488226816
7321 53604364
7322 127161056
7323 83452936
7324 214681216
7325 64780288
7326 166031360
7327 57347752
7328 217430016
7329 99187424
7330 137734144
7331 53750894
7332 372262912
7333 53780224
7334 114428864
7335 94103680
7336 288878976
7337 64733792
7338 167658848
7339 55550728
7340 276598784
7341 83863612
7342 107839312
7343 63884216
7344 316791552
7345 75860992
7346 107956832
7347 87976952
7348 240625408
7349 54015152
7350 231279104
7351 54044554
7352 243498816
7353 79585880
7354 108192064
7355 69290048
7356 337240064
7357 64127932
7358 118310528
7359 93713704
7360 291022848
7361 57880592
7362 147568960
7363 56041216
7364 257739008
7365 108225152
7366 113415808
7367 55739168
7368 381257856
7369 54309532
7370 156357632
7371 93380000
7372 232451584
7373 55682816
7374 169307264
7375 66419584
7376 224911104
7377 84687988
7378 142054528
7379 56016464
7380 388382720
7381 60445616
7382 109017392
7383 89643848
7384 271001088
7385 83026304
7386 169858528
7387 55875688
7388 218448512
7389 74235040
7390 139996672
7391 57953984
7392 449159424
7393 54663844
7394 109372064
7395 120322048
7396 223891840
7397 59677088
7398 147331136
7399 63031684
7400 304939008
7401 85239812
7402 109608832
7403 60782936
7404 341651968
7405 70235008
7406 135492640
7407 74596940
7408 226864704
7409 57017828
7410 251912192
7411 54930334
7412 236386304
7413 101470768
7414 122109376
7415 70424768
7416 339419520
7417 55019308
7418 110083136
7419 85654856
7420 340197376
7421 56795456
7422 171517696
7423 60096976
7424 228617472
7425 98148032
7426 114200608
7427 65353472
7428 343868672
7429 65181424
7430 141515264
7431 85932112
7432 248823936
7433 55256924
7434 180783680
7435 70805056
7436 263797760
7437 89847296
7438 110677456
7439 57016976
7440 470249472
7441 65599972
7442 112582592
7443 75323380
7444 221771776
7445 70995584
7446 186416384
7447 61507072
7448 302103936
7449 94472224
7450 134469632
7451 55524854
7452 310240000
7453 57820576
7454 111154064
7455 132882176
7456 225075072
7457 55614308
7458 193363072
7459 55644142
7460 285704192
7461 75687920
7462 147188224
7463 59493896
7464 391241088
7465 71377408
7466 111512192
7467 92488312
7468 223203712
7469 73896176
7470 196387840
7471 57974056
7472 230797248
7473 90536768
7474 116064256
7475 76655872
7476 416367616
7477 55913008
7478 111870896
7479 75005792
7480 380362752
7481 55972844
7482 184975616
7483 66342256
7484 224160896
7485 111776896
7486 119208448
7487 56062658
7488 332259840
7489 56092612
7490 171613184
7491 97098008
7492 224640256
7493 57585836
7494 174860224
7495 71952064
7496 253125504
7497 93034480
7498 118485088
7499 56242502
7500 420001792
7501 61365472
7502 127025248
7503 91330624
7504 279168384
7505 77280128
7506 151647904
7507 56362558
7508 225600512
7509 87745196
7510 144577024
7511 71211008
7512 396281088
7513 62601316
7514 130177792
7515 98764160
7516 226081408
7517 56512808
7518 209314112
7519 57898456
7520 298272768
7521 93009952
7522 113191072
7523 56603054
7524 360363520
7525 82608704
7526 117171968
7527 96455744
7528 255290112
7529 56693372
7530 226702336
7531 60581752
7532 269609984
7533 78261596
7534 113552464
7535 81077504
7536 366761472
7537 56813908
7538 113673056
7539 104944504
7540 328597504
7541 56874224
7542 154864160
7543 60359056
7544 275067648
7545 113574272
7546 144138976
7547 56964758
7548 388562944
7549 56994952
7550 138091264
7551 77523820
7552 232241856
7553 74426528
7554 177670304
7555 73108288
7556 228493568
7557 98812672
7558 114276976
7559 57146042
7560 520630272
7561 57176284
7562 121634912
7563 89011496
7564 240722944
7565 78966272
7566 195940864
7567 72554056
7568 268008576
7569 80483920
7570 146894848
7571 58725272
7572 357319424
7573 57357904
7574 136055936
7575 108480512
7576 258554304
7577 57418508
7578 156344320
7579 70614784
7580 294957056
7581 111391784
7582 123086656
7583 57509474
7584 365361024
7585 77676544
7586 115125152
7587 77183656
7588 273626368
7589 57600512
7590 266061824
7591 57630874
7592 286368768
7593 89718916
7594 115368064
7595 87344768
7596 314927360
7597 59107612
7598 120642944
7599 96381824
7600 303350784
7601 64075316
7602 214004224
7603 57813214
7604 231405056
7605 108275200
7606 115732912
7607 57874058
7608 406457856
7609 68594164
7610 148450304
7611 93919672
7612 258171904
7613 60881276
7614 158060000
7615 74273728
7616 293255424
7617 90286868
7618 126803968
7619 61579928
7620 466149376
7621 58087264
7622 120682496
7623 101914120
7624 261839232
7625 70957568
7626 191929472
7627 60546448
7628 232867712
7629 90571516
7630 178057216
7631 63509072
7632 332682240
7633 62232016
7634 129452576
7635 116297216
7636 247270144
7637 69099692
7638 195009472
7639 58361962
7640 337987584
7641 78284276
7642 116830912
7643 58423094
7644 452716544
7645 83453056
7646 116953232
7647 90999328
7648 236790336
7649 58514852
7650 203822080
7651 69353152
7652 234334976
7653 91142156
7654 121397824
7655 75055808
7656 471131136
7657 69866272
7658 139087712
7659 85803520
7660 301207552
7661 60365372
7662 182784896
7663 60109576
7664 242797632
7665 140417536
7666 117565792
7667 71152928
7668 318786304
7669 58821232
7670 166842368
7671 91571312
7672 315839232
7673 58882604
7674 183357664
7675 71107616
7676 251912192
7677 80131040
7678 130946944
7679 69861464
7680 469776384
7681 59005444
7682 124353056
7683 100484608
7684 253969408
7685 79917056
7686 193135360
7687 59097658
7688 274554432
7689 102287024
7690 151585792
7691 59159174
7692 368725504
7693 68122768
7694 118426064
7695 106960000
7696 273580032
7697 61028468
7698 184505888
7699 59282302
7700 374050816
7701 98977648
7702 118672432
7703 59343914
7704 366157440
7705 80804224
7706 118795712
7707 109667096
7708 249138688
7709 64812896
7710 237647872
7711 65941936
7712 240761472
7713 80883880
7714 154560256
7715 76236608
7716 371028224
7717 59559808
7718 127531712
7719 97050184
7720 345083904
7721 70627412
7722 192119552
7723 59652454
7724 238764416
7725 112796992
7726 119413072
7727 59714258
7728 475039488
7729 61255348
7730 153165824
7731 81261620
7732 239259136
7733 72072704
7734 186234944
7735 105183232
7736 269584704
7737 93153508
7738 123816448
7739 61327088
7740 426680320
7741 59930824
7742 138881696
7743 97810496
7744 262229184
7745 76830464
7746 186813088
7747 61520272
7748 263217152
7749 97392208
7750 149115904
7751 63105032
7752 474388992
7753 60116764
7754 120280064
7755 135552256
7756 285853696
7757 60178808
7758 163850720
7759 60209842
7760 321294336
7761 102529952
7762 120528352
7763 71397536
7764 375655168
7765 77227648
7766 133961408
7767 82019740
7768 271818432
7769 64466864
7770 292683776
7771 64058344
7772 254372864
7773 94022236
7774 136328320
7775 72969568
7776 325013952
7777 80082688
7778 121025696
7779 94167416
7780 310706176
7781 62874476
7782 188552896
7783 62395936
7784 325093248
7785 105966080
7786 129783808
7787 66129968
7788 425266688
7789 60676312
7790 168593408
7791 110103616
7792 250966848
7793 60738644
7794 165373120
7795 77825344
7796 243235328
7797 99928304
7798 144214912
7799 67454528
7800 557899776
7801 63335104
7802 125978336
7803 86136664
7804 243734656
7805 92714624
7806 189717248
7807 62985472
7808 248109312
7809 101119984
7810 175430656
7811 62459432
7812 405870080
7813 66571936
7814 122148464
7815 121839872
7816 275186304
7817 61113308
7818 190300768
7819 72430864
7820 349454336
7821 93186280
7822 122398672
7823 61207154
7824 395235456
7825 73909568
7826 161702144
7827 95332888
7828 261935872
7829 61301072
7830 217427968
7831 63225976
7832 309199104
7833 113277248
7834 122774464
7835 78625856
7836 382649344
7837 65599072
7838 122899856
7839 92253920
7840 362735616
7841 61489124
7842 191470496
7843 73790584
7844 258080768
7845 122776192
7846 123150832
7847 78476552
7848 379906560
7849 63354964
7850 149244928
7851 95918312
7852 270306304
7853 61677464
7854 268102912
7855 79027648
7856 255102144
7857 83195000
7858 123527776
7859 64278608
7860 495853568
7861 73210732
7862 123653552
7863 96211696
7864 278574912
7865 94054912
7866 186232640
7867 61897558
7868 294153728
7869 100336544
7870 158760448
7871 66168872
7872 396216576
7873 61992004
7874 129283616
7875 119637760
7876 276335872
7877 62055008
7878 212344832
7879 62086522
7880 359497728
7881 100807168
7882 147335776
7883 62149574
7884 336863744
7885 85250176
7886 124409552
7887 107611112
7888 283616256
7889 74489732
7890 248851456
7891 67906672
7892 249261056
7893 84700880
7894 124662064
7895 79834304
7896 528046848
7897 64016128
7898 138547424
7899 97094536
7900 304265216
7901 62433704
7902 169982560
7903 73994776
7904 290148864
7905 137156096
7906 129155488
7907 62528558
7908 389708032
7909 69369388
7910 191301632
7911 83904256
7912 302191488
7913 64553456
7914 195001184
7915 80239168
7916 250779008
7917 130283776
7918 130189312
7919 62718482
7920 498094080
7921 63447212
7922 134347136
7923 104082776
7924 298348288
7925 75807616
7926 195592768
7927 62845258
7928 283125312
7929 85474840
7930 178241536
7931 83269208
7932 392075264
7933 62940424
7934 125928464
7935 130820480
7936 260602944
7937 63003908
7938 192220000
7939 67315864
7940 323600384
7941 98129612
7942 147059104
7943 69456080
7944 443092608
7945 96062848
7946 131902208
7947 85863140
7948 252810112
7949 63194552
7950 241217536
7951 63226354
7952 313222272
7953 109415824
7954 131134336
7955 85336064
7956 398970880
7957 64804768
7958 133420928
7959 116945864
7960 366815232
7961 67225124
7962 197372896
7963 63417334
7964 282527744
7965 110397056
7966 150490048
7967 65910152
7968 403041408
7969 69254656
7970 162818048
7971 98872312
7972 254338816
7973 81424112
7974 173090720
7975 87869696
7976 286562304
7977 99021188
7978 127328896
7979 65141888
7980 635256832
7981 66899932
7982 139189376
7983 86642380
7984 263474112
7985 81664256
7986 216452768
7987 73411564
7988 255360512
7989 99319276
7990 178038784
7991 65440496
7992 394960896
7993 63896044
7994 151548896
7995 142112768
7996 255872128
7997 70920572
7998 210855232
7999 67867648
8000 307832832
8001 103726040
8002 128096032
8003 65740256
8004 432846848
8005 82073728
8006 128224112
8007 106972096
8008 411853824
8009 64152092
8010 225617920
8011 64184134
8012 256896896
8013 99916796
8014 128480464
8015 97759232
8016 414809472
8017 64280308
8018 136707104
8019 94951060
8020 330145792
8021 70160672
8022 238234304
8023 65888776
8024 314189568
8025 121682624
8026 128865472
8027 67672208
8028 351676160
8029 81174016
8030 185378816
8031 100366112
8032 261112512
8033 67150976
8034 220794112
8035 82689856
8036 302982656
8037 94881160
8038 129251056
8039 64633562
8040 588091392
8041 78169168
8042 129379712
8043 119424088
8044 258952576
8045 82895744
8046 174166784
8047 70615888
8048 267710784
8049 100816436
8050 193306112
8051 66308792
8052 454322176
8053 64858864
8054 129766064
8055 113421440
8056 315085824
8057 76905332
8058 218083712
8059 64955542
8060 374571008
8061 101117212
8062 135766912
8063 72095216
8064 418323840
8065 83308288
8066 135077888
8067 101267768
8068 260499712
8069 65116832
8070 260313088
8071 77172712
8072 293498496
8073 99285664
8074 144782176
8075 88477312
8076 406429184
8077 67249792
8078 154747712
8079 101569216
8080 348192768
8081 65310644
8082 177805760
8083 66972136
8084 273705728
8085 164847872
8086 142834048
8087 65407658
8088 459277056
8089 65440012
8090 167754752
8091 95344480
8092 328274432
8093 65504744
8094 218797376
8095 83929024
8096 306446208
8097 102022228
8098 131187616
8099 85504064
8100 421120000
8101 65634304
8102 131317232
8103 106523648
8104 295828992
8105 84136448
8106 243236224
8107 72809492
8108 263088512
8109 97032320
8110 168584704
8111 65796434
8112 454755840
8113 83838304
8114 131706464
8115 131364352
8116 263607808
8117 65893808
8118 203294080
8119 69230056
8120 466108416
8121 102627812
8122 137521888
8123 65991254
8124 411271168
8125 86250368
8126 141339968
8127 106995848
8128 266891328
8129 73279508
8130 264190976
8131 67974832
8132 282569984
8133 102931276
8134 153204832
8135 84760256
8136 408165120
8137 67733908
8138 144674048
8139 103083176
8140 386400256
8141 78516572
8142 219774016
8143 70815976
8144 274129152
8145 115962880
8146 132747232
8147 66381758
8148 494111744
8149 69100768
8150 160831744
8151 131860288
8152 299342016
8153 69017396
8154 178857568
8155 101196544
8156 266211968
8157 103539548
8158 133138576
8159 68618648
8160 569597952
8161 66610084
8162 178072064
8163 90591380
8164 292139008
8165 90660992
8166 207612608
8167 66708058
8168 300517632
8169 123190144
8170 185218048
8171 66773414
8172 364376320
8173 74074396
8174 137979776
8175 126251776
8176 330984192
8177 79794176
8178 220525312
8179 66904222
8180 343433216
8181 90160000
8182 133922992
8183 77047268
8184 537046272
8185 85805056
8186 134053952
8187 104302408
8188 284073472
8189 71126108
8190 300523520
8191 67100674
8192 268435488
8193 104455316
8194 143710336
8195 95845376
8196 418587904
8197 79600012
8198 134447216
8199 91391740
8200 373377024
8201 68934404
8202 209446496
8203 73378096
8204 319766528
8205 134291584
8206 149548288
8207 70086128
8208 392903808
8209 67395892
8210 172765184
8211 138553184
8212 269879296
8213 69460556
8214 215579392
8215 91098112
8216 335015424
8217 102796760
8218 160153312
8219 67560182
8220 542130176
8221 67593064
8222 135235472
8223 105221536
8224 273719424
8225 98484928
8226 184191040
8227 71786968
8228 314879488
8229 115234784
8230 173607424
8231 67757594
8232 542134656
8233 67790524
8234 142807904
8235 117939712
8236 285402112
8237 67856408
8238 211288448
8239 89828776
8240 362047488
8241 110011888
8242 148389376
8243 67955294
8244 370810880
8245 93710848
8246 176184512
8247 105836528
8248 306430272
8249 69625136
8250 281430016
8251 70335232
8252 272514176
8253 110335720
8254 136290064
8255 95727104
8256 435286656
8257 71600068
8258 136422176
8259 106144696
8260 420732928
8261 75677036
8262 194000576
8263 68285434
8264 307619712
8265 149230592
8266 136686592
8267 80964752
8268 472170496
8269 68384632
8270 175298048
8271 93003020
8272 319516032
8273 68450804
8274 253395968
8275 82640288
8276 274101248
8277 111494992
8278 137083696
8279 73198664
8280 561623040
8281 84466960
8282 142112768
8283 118664504
8284 293180416
8285 87913856
8286 213756928
8287 68682658
8288 337108992
8289 92099492
8290 176146432
8291 68748974
8292 428443904
8293 68782144
8294 172000256
8295 164270848
8296 335655936
8297 68848508
8298 187425920
8299 70918936
8300 335644672
8301 107226812
8302 163441216
8303 75998828
8304 445057536
8305 98426752
8306 138012512
8307 103507360
8308 289961728
8309 81789164
8310 275996672
8311 69081034
8312 311201856
8313 115277008
8314 138278464
8315 88551488
8316 484475392
8317 69180808
8318 138411536
8319 111969704
8320 386064384
8321 71050112
8322 231204736
8323 87193024
8324 277289216
8325 116469760
8326 146007808
8327 76890272
8328 486896256
8329 69380572
8330 216516608
8331 108003112
8332 277822336
8333 75720416
8334 189053920
8335 88977856
8336 287193984
8337 128302496
8338 154391584
8339 72196208
8340 558014464
8341 73787884
8342 144065216
8343 93747500
8344 373367808
8345 89191424
8346 238187264
8347 74404792
8348 278890112
8349 123894344
8350 168796928
8351 82617752
8352 395957760
8353 69780964
8354 139612064
8355 139241984
8356 279424768
8357 71547872
8358 258553792
8359 76193296
8360 471748608
8361 95036920
8362 145125376
8363 69948134
8364 475768832
8365 106463872
8366 144728768
8367 108938368
8368 289401024
8369 70048532
8370 247847936
8371 77704456
8372 378386432
8373 109094636
8374 144849664
8375 85471616
8376 492516864
8377 70182508
8378 144910304
8379 115386920
8380 360411136
8381 77116192
8382 244000064
8383 71860096
8384 283898304
8385 156126208
8386 166762528
8387 70350158
8388 383848960
8389 70383712
8390 180419072
8391 109564112
8392 317218176
8393 93201824
8394 219363424
8395 95802112
8396 282105728
8397 94511116
8398 173189632
8399 72875264
8400 644818944
8401 73271716
8402 141220832
8403 109877656
8404 314516224
8405 92629888
8406 192331040
8407 83729032
8408 318428352
8409 110034596
8410 187308032
8411 77143472
8412 440925184
8413 72757276
8414 167877056
8415 145277440
8416 286623552
8417 75137108
8418 234789632
8419 70887982
8420 363855872
8421 130897648
8422 141893872
8423 70955354
8424 463680000
8425 85658816
8426 157663328
8427 112551040
8428 332859136
8429 71056472
8430 284010496
8431 71090194
8432 323296512
8433 96679880
8434 142298464
8435 108249344
8436 481918976
8437 87331552
8438 142433456
8439 116073664
8440 412268544
8441 74822132
8442 232640320
8443 71292694
8444 285339776
8445 142255232
8446 147767488
8447 71360258
8448 491842176
8449 91356496
8450 185052160
8451 95728616
8452 285880576
8453 73069676
8454 222509504
8455 97938688
8456 383423616
8457 111294148
8458 143109376
8459 79345688
8460 508682240
8461 71596984
8462 143244752
8463 148511552
8464 308362560
8465 91774208
8466 240575104
8467 71698558
8468 301586432
8469 97506640
8470 237181952
8471 73881152
8472 503854848
8473 74162176
8474 152659424
8475 135642752
8476 314819584
8477 82665584
8478 193303936
8479 73644208
8480 378322944
8481 124393808
8482 143922592
8483 76846616
8484 535478272
8485 92208256
8486 144058352
8487 105060560
8488 324513792
8489 78579776
8490 288060416
8491 85409872
8492 321119744
8493 119538496
8494 150356416
8495 92425664
8496 411438720
8497 75117568
8498 171242912
8499 112402136
8500 369639424
8501 72275504
8502 247131136
8503 80172736
8504 325737792
8505 146130304
8506 144738112
8507 74387552
8508 451039232
8509 74103964
8510 199688192
8511 112719712
8512 363712896
8513 72479684
8514 223340480
8515 101827072
8516 290225408
8517 120986096
8518 145146736
8519 85973864
8520 659828736
8521 72615964
8522 145283072
8523 98753380
8524 290770816
8525 100163392
8526 268185344
8527 72718258
8528 334980096
8529 113196916
8530 186486784
8531 77183864
8532 394088192
8533 92026048
8534 155857856
8535 145300736
8536 366932736
8537 72888908
8538 226951648
8539 72923062
8540 449478656
8541 109376960
8542 145965712
8543 72991394
8544 463029504
8545 93516544
8546 146102432
8547 153201664
8548 292410112
8549 74719436
8550 252792320
8551 78082312
8552 329423616
8553 113834756
8554 192779008
8555 98835968
8556 493405696
8557 75384988
8558 162635264
8559 98186992
8560 390567936
8561 86823332
8562 228228896
8563 73333534
8564 293505536
8565 146323072
8566 146786992
8567 80029328
8568 565931520
8569 88248112
8570 188238848
8571 114314312
8572 294054016
8573 73504904
8574 228868864
8575 101112416
8576 298858944
8577 100008040
8578 147198496
8579 77285216
8580 706936832
8581 73642144
8582 174642176
8583 114634576
8584 353599488
8585 101556224
8586 200480000
8587 76545952
8588 314988032
8589 136165904
8590 189117952
8591 81691036
8592 476370048
8593 80515456
8594 147748064
8595 129092480
8596 350999296
8597 73917008
8598 230151488
8599 73951402
8600 410194944
8601 119619808
8602 182917504
8603 87676976
8604 403828480
8605 94834048
8606 161763968
8607 122757992
8608 299824896
8609 74123492
8610 358371328
8611 75813424
8612 296804096
8613 113809952
8614 153127744
8615 95054528
8616 521103744
8617 87962452
8618 154761824
8619 132637120
8620 381325312
8621 76769792
8622 202331360
8623 74364754
8624 388569984
8625 145440512
8626 158172448
8627 74433758
8628 463843072
8629 74468272
8630 190882304
8631 120633040
8632 369566208
8633 76178096
8634 232082144
8635 106376704
8636 320477696
8637 116081308
8638 176926912
8639 76566176
8640 511653888
8641 74675524
8642 155927552
8643 120859928
8644 299013376
8645 130454528
8646 259548352
8647 74779258
8648 360268416
8649 104864540
8650 181105664
8651 77121416
8652 556785152
8653 79954336
8654 149818064
8655 149411584
8656 309644544
8657 83101172
8658 227983360
8659 88821664
8660 384868352
8661 116727212
8662 154811008
8663 75056234
8664 553117824
8665 96160768
8666 178074848
8667 101132500
8668 334532608
8669 75160232
8670 316954624
8671 88888192
8672 304291392
8673 136168648
8674 150511264
8675 90810016
8676 410600960
8677 75299008
8678 150650096
8679 130258184
8680 531320832
8681 75368444
8682 234668896
8683 79955656
8684 330411008
8685 131802880
8686 156126208
8687 96537056
8688 487044096
8689 75507412
8690 216869888
8691 117537112
8692 316002304
8693 75576944
8694 250372544
8695 101736448
8696 340605504
8697 128681504
8698 151345216
8699 75681302
8700 587546624
8701 100134448
8702 160965632
8703 102966380
8704 322971264
8705 97050368
8706 235967648
8707 75820558
8708 360190208
8709 118024396
8710 214700032
8711 78768536
8712 506056320
8713 75925084
8714 151902464
8715 181212416
8716 304014208
8717 79788188
8718 236618368
8719 76029682
8720 405233664
8721 114596944
8722 176007616
8723 93298304
8724 474215168
8725 91858304
8726 152321072
8727 118512688
8728 343115712
8729 95790944
8730 267745280
8731 76239094
8732 319176704
8733 123431504
8734 169384576
8735 97720256
8736 616756224
8737 76343908
8738 163382912
8739 103819540
8740 433414144
8741 76413824
8742 251378624
8743 90552616
8744 344374272
8745 171931648
8746 153020032
8747 76518758
8748 408146816
8749 83463136
8750 217500928
8751 119165312
8752 316544448
8753 76623764
8754 238575904
8755 105597184
8756 341341952
8757 124167560
8758 160127104
8759 81359888
8760 697245696
8761 76763884
8762 167672576
8763 126097048
8764 364830208
8765 98392448
8766 209139040
8767 85225072
8768 310393728
8769 124619264
8770 197122048
8771 88481612
8772 522683392
8773 79891756
8774 159407936
8775 134770432
8776 346898304
8777 78826052
8778 332517248
8779 77079622
8780 395595776
8781 119983612
8782 154282192
8783 77149874
8784 439549440
8785 117399424
8786 162539168
8787 125791232
8788 332678656
8789 93192176
8790 308740096
8791 79170784
8792 414392832
8793 105105880
8794 154704064
8795 99066944
8796 482069504
8797 82066588
8798 159788288
8799 142897384
8800 415970304
8801 84457472
8802 208311328
8803 77501614
8804 325332224
8805 154630784
8806 201220096
8807 77572058
8808 544553856
8809 81478996
8810 198923264
8811 118096880
8812 310746496
8813 92007836
8814 265513472
8815 104488192
8816 351757824
8817 120969268
8818 155549536
8819 77783582
8820 618618880
8821 77818864
8822 172810688
8823 129808448
8824 350701632
8825 93972928
8826 242515168
8827 101469376
8828 311875712
8829 104930000
8830 199826944
8831 77995394
8832 508545408
8833 86323496
8834 185040416
8835 170109184
8836 318944384
8837 78101408
8838 212585120
8839 78136762
8840 522289152
8841 144263168
8842 156397312
8843 80765696
8844 547251712
8845 105588736
8846 156538832
8847 106400140
8848 387209856
8849 78313652
8850 298321408
8851 80358112
8852 313573376
8853 133328608
8854 166625344
8855 137782016
8856 483602688
8857 83764912
8858 162338528
8859 122124296
8860 402829312
8861 78526184
8862 290592064
8863 78561634
8864 317889024
8865 137308160
8866 196064512
8867 78632558
8868 489988352
8869 90464224
8870 201640448
8871 122455312
8872 354525696
8873 83489156
8874 236346880
8875 95897728
8876 374199296
8877 136257632
8878 165951808
8879 85960016
8880 666107904
8881 80605492
8882 157815392
8883 127558936
8884 315844096
8885 101104256
8886 245822528
8887 78987658
8888 397651968
8889 122952676
8890 241398784
8891 84408632
8892 494827520
8893 79094344
8894 158242064
8895 157805312
8896 319488192
8897 99392048
8898 246486688
8899 87809128
8900 385601536
8901 115420360
8902 158526832
8903 82454576
8904 669763584
8905 111330304
8906 163589888
8907 123451048
8908 340899328
8909 81303068
8910 300160000
8911 100987048
8912 328213248
8913 123617396
8914 158954464
8915 101787968
8916 495303424
8917 82120192
8918 197922176
8919 108138140
8920 460376064
8921 88243556
8922 247817696
8923 79628854
8924 337115648
8925 188072192
8926 159382672
8927 81452648
8928 451355520
8929 79735972
8930 220814336
8931 135683072
8932 433739776
8933 79807424
8934 248484544
8935 102245056
8936 359656704
8937 107036756
8938 165393664
8939 94656464
8940 640876544
8941 79950424
8942 171085376
8943 138287464
8944 368011776
8945 102473984
8946 261018560
8947 84048448
8948 320410112
8949 132673184
8950 193847552
8951 80129354
8952 562480128
8953 94953076
8954 179931136
8955 140103040
8956 320983168
8957 88096640
8958 249820928
8959 87905384
8960 486598656
8961 130796512
8962 160670752
8963 80344334
8964 434731264
8965 114635392
8966 160814192
8967 145472096
8968 389676672
8969 80451932
8970 365338624
8971 80487814
8972 322130816
8973 109450880
8974 190947136
8975 97189984
8976 610165248
8977 82809892
8978 163615088
8979 130430944
8980 413802496
8981 95547692
8982 219561760
8983 87984016
8984 363529152
8985 161012096
8986 161532352
8987 96950072
8988 600646144
8989 82555648
8990 221892608
8991 110857472
8992 327119232
8993 89939080
8994 251832224
8995 123067648
8996 354504704
8997 125958028
8998 179765824
8999 80991002
9000 594063360
9001 81027004
9002 192139616
9003 126126056
9004 324432256
9005 103852928
9006 270480448
9007 81135058
9008 335315904
9009 157305280
9010 225820672
9011 81207134
9012 506019584
9013 81243184
9014 162540464
9015 162088192
9016 438129792
9017 83143412
9018 218627936
9019 84613648
9020 473120768
9021 132313328
9022 177755776
9023 96443096
9024 518942592
9025 103160864
9026 162973472
9027 120002960
9028 340983808
9029 81531872
9030 393709568
9031 90431776
9032 367422336
9033 126967876
9034 163262464
9035 114592256
9036 445308160
9037 96742492
9038 163407056
9039 134132264
9040 435376128
9041 81748724
9042 283771264
9043 81784894
9044 436739072
9045 142063744
9046 163696432
9047 83632208
9048 646926336
9049 81893452
9050 198191104
9051 151189528
9052 343780864
9053 90872636
9054 223092320
9055 105009088
9056 331783872
9057 127643348
9058 194535712
9059 82074542
9060 658137088
9061 97702528
9062 172883456
9063 120345280
9064 413474688
9065 123723776
9066 255879008
9067 82219558
9068 329059712
9069 127981756
9070 210830848
9071 84548552
9072 535920000
9073 84726196
9074 179807744
9075 168174272
9076 329640448
9077 85703648
9078 276381952
9079 97643464
9080 477001728
9081 112100120
9082 175298272
9083 85627136
9084 514131968
9085 112076416
9086 220227392
9087 140453824
9088 335314752
9089 84579968
9090 290160640
9091 82655374
9092 330803456
9093 152594288
9094 165438064
9095 113915648
9096 580696704
9097 91757572
9098 165583616
9099 110946392
9100 513622016
9101 87830204
9102 271867904
9103 82873714
9104 342494592
9105 165337984
9106 173060608
9107 98246432
9108 522621440
9109 82982992
9110 212693504
9111 129169712
9112 404312832
9113 90547136
9114 305706688
9115 106404928
9116 347162624
9117 112990240
9118 171752512
9119 92201648
9120 706449408
9121 98548612
9122 166458272
9123 129510136
9124 333135616
9125 101335808
9126 239681920
9127 83311258
9128 446564736
9129 138941264
9130 239236096
9131 87536432
9132 519576064
9133 83420824
9134 166896464
9135 178027520
9136 344904384
9137 83493908
9138 259958048
9139 98965504
9140 428662784
9141 144467008
9142 198157696
9143 86120696
9144 515053440
9145 112663936
9146 178965248
9147 130192328
9148 334890112
9149 99154364
9150 318703616
9151 83749954
9152 404752896
9153 112735000
9154 176402464
9155 107340608
9156 623200256
9157 83859808
9158 178238144
9159 135602824
9160 485425152
9161 83933084
9162 228440960
9163 113332912
9164 352818176
9165 186131456
9166 168067792
9167 85840568
9168 542188416
9169 86217856
9170 256781312
9171 114332020
9172 336649216
9173 84153104
9174 292085696
9175 101563616
9176 403070976
9177 171841936
9178 183947008
9179 86182664
9180 614383616
9181 84299944
9182 168654992
9183 131218976
9184 412766976
9185 120312704
9186 262695328
9187 84410158
9188 337824512
9189 114781040
9190 216443392
9191 109964288
9192 593002368
9193 87904576
9194 169096064
9195 168620032
9196 390532352
9197 90312992
9198 275820160
9199 84630802
9200 439938048
9201 131733812
9202 175126816
9203 84704414
9204 583948288
9205 128869504
9206 169537712
9207 129732904
9208 381874752
9209 84814892
9210 338895872
9211 86857936
9212 396829952
9213 137471488
9214 181631296
9215 116225792
9216 461376960
9217 92624128
9218 188652704
9219 156847544
9220 436191232
9221 85036064
9222 279709696
9223 89307016
9224 383202432
9225 142609280
9226 201813088
9227 85146758
9228 530550272
9229 94438108
9230 240889856
9231 142054528
9232 352184448
9233 100982756
9234 240611104
9235 109224256
9236 341362688
9237 132766508
9238 177743104
9239 85368362
9240 1002774528
9241 85405324
9242 170866112
9243 127957280
9244 341954176
9245 111945920
9246 282814784
9247 101289112
9248 365063808
9249 133111636
9250 211222528
9251 98044048
9252 466808320
9253 90785356
9254 203038976
9255 170825984
9256 424571904
9257 85701308
9258 266828128
9259 88080064
9260 439980032
9261 130962092
9262 190455808
9263 87869936
9264 553572096
9265 118193152
9266 177696128
9267 133630168
9268 407926528
9269 101324384
9270 301706240
9271 87858232
9272 416300544
9273 148661744
9274 172051264
9275 124916224
9276 536080384
9277 86072008
9278 172199696
9279 117039340
9280 458072064
9281 86146244
9282 368141312
9283 86183374
9284 383638784
9285 171934336
9286 172496752
9287 89061632
9288 531289728
9289 102210964
9290 221176832
9291 142973432
9292 365338624
9293 86369144
9294 268906624
9295 131898880
9296 427143552
9297 117493640
9298 172942816
9299 92325464
9300 669749248
9301 88441516
9302 173091632
9303 159715528
9304 389875392
9305 110885888
9306 266263360
9307 89230792
9308 379446272
9309 141100064
9310 268536832
9311 86704034
9312 549486336
9313 88707796
9314 173538464
9315 155120000
9316 372714496
9317 112091612
9318 270296768
9319 86853082
9320 502493184
9321 147764512
9322 179140192
9323 86927654
9324 574914560
9325 104907008
9326 173985872
9327 135365888
9328 405267456
9329 92281268
9330 347769856
9331 109192888
9332 348494336
9333 128201920
9334 190244224
9335 111601856
9336 611702784
9337 87188908
9338 224152832
9339 150781624
9340 447606784
9341 87263624
9342 234570368
9343 87300994
9344 354329472
9345 208183808
9346 174732832
9347 95253488
9348 590076928
9349 87413152
9350 248292352
9351 118861820
9352 468680832
9353 89872916
9354 272388704
9355 112080448
9356 350288768
9357 136237948
9358 175181776
9359 100706804
9360 683950080
9361 104524288
9362 182530208
9363 136412696
9364 350887936
9365 112320128
9366 324501184
9367 102596032
9368 395255232
9369 117618292
9370 225000448
9371 87825014
9372 614007296
9373 114339808
9374 181702784
9375 164062528
9376 355602432
9377 87937508
9378 239328320
9379 89853016
9380 541417472
9381 142020032
9382 176081392
9383 97614176
9384 687988224
9385 112800256
9386 201931904
9387 142605760
9388 352688512
9389 90806528
9390 352249856
9391 88200274
9392 364486848
9393 143390464
9394 235273984
9395 113040704
9396 488320000
9397 88313008
9398 183130112
9399 150242624
9400 489028608
9401 112936208
9402 275190496
9403 88425814
9404 353891456
9405 180181760
9406 176983312
9407 92901368
9408 631096704
9409 89441956
9410 226924544
9411 137814712
9412 387948544
9413 88613984
9414 241167520
9415 134804992
9416 446046336
9417 143292464
9418 189747712
9419 88726982
9420 711294976
9421 88764664
9422 210472256
9423 118976048
9424 400971648
9425 120656896
9426 276596768
9427 98531272
9428 355699712
9429 164066224
9430 244504576
9431 88953194
9432 547873920
9433 88990924
9434 183570944
9435 194281472
9436 422826496
9437 89066408
9438 329192192
9439 89104162
9440 467884032
9441 121159720
9442 178340512
9443 113305784
9444 555661568
9445 114246784
9446 178491632
9447 144087496
9448 402031872
9449 98991428
9450 339855872
9451 97383472
9452 383634944
9453 146650448
9454 186496384
9455 120361472
9456 576694272
9457 102821224
9458 178945376
9459 121621940
9460 519774208
9461 89519984
9462 298375616
9463 89557834
9464 513815040
9465 178659712
9466 179248192
9467 89633558
9468 488815360
9469 95728864
9470 229826048
9471 187584992
9472 369143808
9473 89747204
9474 279420064
9475 108304544
9476 379875584
9477 130380560
9478 212979712
9479 89860922
9480 815689728
9481 95309764
9482 199599968
9483 146398336
9484 359936896
9485 136813184
9486 269413760
9487 92283808
9488 371969664
9489 140108276
9490 254550016
9491 90088574
9492 669555712
9493 99914956
9494 186131456
9495 157463680
9496 406125504
9497 90202508
9498 280837088
9499 113811544
9500 458448896
9501 140462812
9502 180614032
9503 107336768
9504 538770048
9505 115702528
9506 208871744
9507 140640248
9508 361760512
9509 93361664
9510 361295872
9511 90468634
9512 432958464
9513 146446520
9514 186476896
9515 129085952
9516 623845376
9517 93990652
9518 181222736
9519 150054184
9520 603660288
9521 90658964
9522 256968800
9523 92602696
9524 362978816
9525 171164224
9526 201454528
9527 107513672
9528 637088256
9529 98996416
9530 232745984
9531 121714936
9532 363588736
9533 90887624
9534 336219968
9535 116433856
9536 366930432
9537 165905936
9538 193304224
9539 91002062
9540 645201920
9541 114200608
9542 198805376
9543 141707216
9544 410239872
9545 123635072
9546 298676224
9547 91154758
9548 494423552
9549 123946240
9550 220630784
9551 91231154
9552 588432768
9553 93999376
9554 195257216
9555 226358272
9556 365421568
9557 96842348
9558 247940000
9559 100987628
9560 528648192
9561 142242212
9562 216768736
9563 93456776
9564 569863168
9565 117167488
9566 183054992
9567 124413740
9568 420791808
9569 108463364
9570 418783232
9571 97800472
9572 366646016
9573 142599436
9574 183361264
9575 110599648
9576 701902080
9577 93873472
9578 183514496
9579 149096024
9580 470880256
9581 112382048
9582 285824896
9583 111639328
9584 379528512
9585 159393152
9586 183821152
9587 91920158
9588 623135744
9589 94612876
9590 280745984
9591 150947272
9592 462795264
9593 94351616
9594 279150080
9595 125956096
9596 368486528
9597 169958096
9598 184281616
9599 95827568
9600 690299904
9601 92188804
9602 184435232
9603 140147920
9604 421654144
9605 126984704
9606 287258048
9607 100622608
9608 415757952
9609 143673796
9610 244048384
9611 109417232
9612 499436032
9613 92419384
9614 226865216
9615 184362752
9616 382065024
9617 94691828
9618 342157312
9619 92534782
9620 530579456
9621 125821520
9622 198041536
9623 92611754
9624 649974528
9625 145740544
9626 185358272
9627 144212488
9628 389204992
9629 92727272
9630 325473280
9631 92765794
9632 453469056
9633 164504480
9634 185666464
9635 124569344
9636 648825856
9637 97494028
9638 191379584
9639 156310000
9640 537513984
9641 96451796
9642 289414496
9643 92997094
9644 372181376
9645 185514112
9646 244516864
9647 103181072
9648 529457280
9649 93112852
9650 225263104
9651 144932312
9652 397475584
9653 107115968
9654 290135104
9655 119382208
9656 453632256
9657 135055360
9658 207069664
9659 101714096
9660 921288704
9661 93344584
9662 186747152
9663 145292896
9664 376812864
9665 119629568
9666 251073824
9667 110695552
9668 374035712
9669 161606144
9670 239630848
9671 99164144
9672 737436672
9673 99894256
9674 221872736
9675 156671680
9676 390810112
9677 93654008
9678 291579008
9679 93692722
9680 539793408
9681 172943008
9682 193537696
9683 98425856
9684 511329280
9685 131608576
9686 195732608
9687 146015408
9688 502857216
9689 93886412
9690 421679104
9691 104123896
9692 375894656
9693 125881708
9694 194799616
9695 142926848
9696 595488768
9697 94041508
9698 205349888
9699 151723264
9700 457601024
9701 96079904
9702 323808320
9703 97694296
9704 424104192
9705 187827584
9706 198261088
9707 100597112
9708 587141632
9709 119731024
9710 241616384
9711 141153760
9712 389725248
9713 104596916
9714 293751584
9715 127186432
9716 448253696
9717 152587792
9718 195218368
9719 94468682
9720 725612544
9721 94507564
9722 189073472
9723 174445208
9724 486019072
9725 114087424
9726 294477568
9727 96695512
9728 400568256
9729 137602520
9730 288971776
9731 97763072
9732 590046464
9733 94741024
9734 197273216
9735 212633344
9736 426904704
9737 123346976
9738 258037120
9739 94857862
9740 486723584
9741 158138288
9742 189852112
9743 94935794
9744 747715584
9745 121617664
9746 210855968
9747 133615268
9748 380250112
9749 95052752
9750 386441216
9751 109296292
9752 456956928
9753 148011556
9754 190320064
9755 121867328
9756 518946560
9757 105546172
9758 246380288
9759 148193696
9760 499851264
9761 98029652
9762 296660896
9763 103914736
9764 381499136
9765 202935040
9766 202637248
9767 95404058
9768 760725504
9769 95443132
9770 244610048
9771 148558312
9772 453428224
9773 99327776
9774 256699648
9775 128315264
9776 438738432
9777 148740788
9778 191257696
9779 126357176
9780 766517248
9781 95677744
9782 197051456
9783 130092380
9784 431122752
9785 130967936
9786 354187904
9787 95795158
9788 383376512
9789 162942304
9790 274843648
9791 95873474
9792 556174080
9793 113598916
9794 197615264
9795 191324672
9796 402180352
9797 97970432
9798 317313472
9799 98892088
9800 594717696
9801 139772500
9802 214581760
9803 96108614
9804 648263168
9805 129040384
9806 192354512
9807 177469096
9808 397461504
9809 102720464
9810 337694720
9811 96265534
9812 428405504
9813 149837996
9814 228336256
9815 135153152
9816 676134144
9817 96383308
9818 192825536
9819 131051140
9820 494743552
9821 121587488
9822 300317696
9823 115582504
9824 390335424
9825 182071232
9826 204459424
9827 100203152
9828 665249792
9829 96619072
9830 247622144
9831 157287872
9832 435361536
9833 96697724
9834 335458816
9835 147076864
9836 387145088
9837 131531840
9838 193611856
9839 96815762
9840 815603712
9841 105580672
9842 249565184
9843 161458528
9844 409800448
9845 138167936
9846 263787040
9847 99760768
9848 436779072
9849 175227752
9850 234672128
9851 97052054
9852 604678144
9853 99381436
9854 212000384
9855 168431872
9856 509594496
9857 97170308
9858 318843392
9859 97209742
9860 550043648
9861 160996192
9862 194557552
9863 115228136
9864 599005440
9865 124630528
9866 194715392
9867 191231936
9868 389667712
9869 99528668
9870 469374976
9871 97446514
9872 402661248
9873 132495880
9874 195031264
9875 118550144
9876 607625984
9877 124583536
9878 216599744
9879 157932544
9880 647774208
9881 100550576
9882 264880000
9883 97683574
9884 463866368
9885 194854016
9886 195505552
9887 97762658
9888 619183488
9889 116146912
9890 268614656
9891 158275040
9892 391565056
9893 106698656
9894 327987968
9895 125389504
9896 441045504
9897 152413828
9898 226358272
9899 103890248
9900 709406720
9901 98039704
9902 196138832
9903 152598656
9904 405273792
9905 149174144
9906 335044864
9907 98158558
9908 392832512
9909 131546492
9910 251666944
9911 118203008
9912 828317952
9913 103151476
9914 196614464
9915 196037632
9916 410730496
9917 101009372
9918 293131520
9919 127978624
9920 522160128
9921 153153812
9922 220313408
9923 98475854
9924 613543168
9925 118822016
9926 233573888
9927 133948540
9928 479356416
9929 98594972
9930 393860096
9931 98634694
9932 431873024
9933 206082352
9934 197408464
9935 126405056
9936 569813376
9937 104688628
9938 197567456
9939 153709976
9940 607461376
9941 98833424
9942 307698496
9943 101161456
9944 497219328
9945 199485440
9946 197885632
9947 117247376
9948 616512512
9949 98992552
9950 239448832
9951 160841128
9952 400556352
9953 102265856
9954 322674880
9955 141263872
9956 422803712
9957 154267148
9958 216492928
9959 104109896
9960 899813376
9961 117528532
9962 212258816
9963 135737416
9964 413882368
9965 127169408
9966 344493632
9967 99351058
9968 490718976
9969 154639156
9970 254722048
9971 108951920
9972 542136320
9973 99470704
9974 199001264
9975 233258368
9976 475651584
9977 110356772
9978 309930208
9979 106308664
9980 510980096
9981 135409120
9982 255513664
9983 101880416
9984 675365376
9985 127680256
9986 199480352
9987 155198008
9988 443876608
9989 118189964
9990 351076352
9991 101868712
9992 449640576
9993 155384516
9994 212190304
9995 127936064
9996 757808128
9997 108952288
9998 199960016
9999 151880960
10000 495002112
